date_time,hour,weekday,is_rush,actual_traffic_volume,naive_lag1h_pred,naive_lag24h_pred,ml_rf_forecast_pred,naive_lag1h_error,naive_lag1h_abs_error,ml_rf_error,ml_rf_abs_error,ml_rf_squared_error
2018-01-25 21:00:00,21,3,0,2817,3009.0,5616.0,2982.3603303772834,-192.0,192.0,-165.3603303772834,165.3603303772834,27344.03886248431
2018-01-25 21:00:00,21,3,0,2817,2817.0,5177.0,2761.933209346333,0.0,0.0,55.066790653666885,55.066790653666885,3032.3514328947745
2018-01-25 21:00:00,21,3,0,2817,2817.0,5177.0,2747.6733728705008,0.0,0.0,69.32662712949923,69.32662712949923,4806.1812291526185
2018-01-25 22:00:00,22,3,0,2047,2817.0,4525.0,2524.5770496432133,-770.0,770.0,-477.5770496432133,477.5770496432133,228079.8383459162
2018-01-25 22:00:00,22,3,0,2047,2047.0,4525.0,1785.1211708940568,0.0,0.0,261.87882910594317,261.87882910594317,68580.52113389979
2018-01-25 23:00:00,23,3,0,1216,2047.0,4529.0,1338.6814969003294,-831.0,831.0,-122.68149690032942,122.68149690032942,15050.749681705538
2018-01-25 23:00:00,23,3,0,1216,1216.0,4529.0,1103.2341219423458,0.0,0.0,112.76587805765416,112.76587805765416,12716.14325411373
2018-01-26 00:00:00,0,4,0,893,1216.0,4646.0,664.847795166636,-323.0,323.0,228.15220483336395,228.15220483336395,52053.42857032526
2018-01-26 00:00:00,0,4,0,893,893.0,4646.0,562.2512734410435,0.0,0.0,330.7487265589565,330.7487265589565,109394.72012037138
2018-01-26 01:00:00,1,4,0,553,893.0,4866.0,478.4855378009826,-340.0,340.0,74.51446219901737,74.51446219901737,5552.405076808789
2018-01-26 01:00:00,1,4,0,553,553.0,5152.0,381.4528690477982,0.0,0.0,171.54713095220183,171.54713095220183,29428.418137931883
2018-01-26 02:00:00,2,4,0,421,553.0,5720.0,382.8217152376131,-132.0,132.0,38.17828476238691,38.17828476238691,1457.5814273979045
2018-01-26 02:00:00,2,4,0,421,421.0,5720.0,332.41159772619983,0.0,0.0,88.58840227380017,88.58840227380017,7847.905017424643
2018-01-26 03:00:00,3,4,0,480,421.0,6669.0,402.2643866109117,59.0,59.0,77.73561338908831,77.73561338908831,6042.825588977807
2018-01-26 04:00:00,4,4,0,986,480.0,5883.0,825.4872818246718,506.0,506.0,160.51271817532825,160.51271817532825,25764.33269603235
2018-01-26 05:00:00,5,4,0,2821,986.0,5883.0,2750.7441720365528,1835.0,1835.0,70.25582796344725,70.25582796344725,4935.881362829496
2018-01-26 06:00:00,6,4,0,5179,2821.0,4449.0,5506.401914154116,2358.0,2358.0,-327.40191415411573,327.40191415411573,107192.01339177896
2018-01-26 07:00:00,7,4,1,6059,5179.0,4449.0,5932.201572973663,880.0,880.0,126.79842702633687,126.79842702633687,16077.841096353275
2018-01-26 08:00:00,8,4,1,5953,6059.0,4449.0,5549.748037799406,-106.0,106.0,403.2519622005939,403.2519622005939,162612.1450186292
2018-01-26 09:00:00,9,4,1,4939,5953.0,3637.0,5044.3056190518655,-1014.0,1014.0,-105.3056190518655,105.3056190518655,11089.27340389662
2018-01-26 10:00:00,10,4,0,4693,4939.0,3637.0,4544.670913290539,-246.0,246.0,148.32908670946108,148.32908670946108,22001.517964062823
2018-01-26 11:00:00,11,4,0,5029,4693.0,3637.0,4890.969372591288,336.0,336.0,138.03062740871155,138.03062740871155,19052.454102842552
2018-01-26 12:00:00,12,4,0,5401,5029.0,3009.0,5082.132534142363,372.0,372.0,318.8674658576374,318.8674658576374,101676.46078247155
2018-01-26 13:00:00,13,4,0,5380,5401.0,3009.0,5417.818361584545,-21.0,21.0,-37.81836158454462,37.81836158454462,1430.2284729393602
2018-01-26 14:00:00,14,4,0,5464,5380.0,2817.0,5533.960390932898,84.0,84.0,-69.96039093289801,69.96039093289801,4894.456299483918
2018-01-26 15:00:00,15,4,0,5810,5464.0,2817.0,5892.392216059831,346.0,346.0,-82.3922160598313,82.3922160598313,6788.477267249923
2018-01-26 16:00:00,16,4,0,6561,5810.0,2817.0,6219.548275661678,751.0,751.0,341.4517243383216,341.4517243383216,116589.28005361315
2018-01-26 17:00:00,17,4,1,5829,6561.0,2047.0,6035.691926796186,-732.0,732.0,-206.69192679618573,206.69192679618573,42721.5526027198
2018-01-26 18:00:00,18,4,1,4811,5829.0,2047.0,4699.84665768045,-1018.0,1018.0,111.15334231954967,111.15334231954967,12355.06550880699
2018-01-26 19:00:00,19,4,1,3638,4811.0,1216.0,3610.755430761201,-1173.0,1173.0,27.24456923879916,27.24456923879916,742.2665530077213
2018-01-26 20:00:00,20,4,0,3465,3638.0,1216.0,3101.958871931576,-173.0,173.0,363.04112806842386,363.04112806842386,131798.86066919373
2018-01-26 21:00:00,21,4,0,3215,3465.0,893.0,3136.9947473383077,-250.0,250.0,78.00525266169234,78.00525266169234,6084.81944281446
2018-01-26 22:00:00,22,4,0,2637,3215.0,893.0,2893.8843306857043,-578.0,578.0,-256.8843306857043,256.8843306857043,65989.55935184228
2018-01-26 23:00:00,23,4,0,1841,2637.0,553.0,1883.9282555401483,-796.0,796.0,-42.92825554014826,42.92825554014826,1842.8351237202694
2018-01-27 00:00:00,0,5,0,1121,1841.0,553.0,1225.0284366228307,-720.0,720.0,-104.02843662283067,104.02843662283067,10821.915626190297
2018-01-27 01:00:00,1,5,0,672,1121.0,421.0,716.9135728144541,-449.0,449.0,-44.91357281445414,44.91357281445414,2017.229022959274
2018-01-27 02:00:00,2,5,0,476,672.0,421.0,583.1438445288885,-196.0,196.0,-107.14384452888851,107.14384452888851,11479.803420430631
2018-01-27 03:00:00,3,5,0,373,476.0,480.0,385.5365389450375,-103.0,103.0,-12.536538945037478,12.536538945037478,157.16480872044139
2018-01-27 04:00:00,4,5,0,449,373.0,986.0,398.174834029693,76.0,76.0,50.82516597030701,50.82516597030701,2583.197495909254
2018-01-27 05:00:00,5,5,0,753,449.0,2821.0,781.4051773760245,304.0,304.0,-28.40517737602454,28.40517737602454,806.8541017634163
2018-01-27 06:00:00,6,5,0,1378,753.0,5179.0,1402.3040477058964,625.0,625.0,-24.304047705896437,24.304047705896437,590.6867348904899
2018-01-27 07:00:00,7,5,1,2158,1378.0,6059.0,2064.7841189085048,780.0,780.0,93.21588109149525,93.21588109149525,8689.200487663782
2018-01-27 08:00:00,8,5,1,2848,2158.0,5953.0,3107.4694927241035,690.0,690.0,-259.4694927241035,259.4694927241035,67324.41765450359
2018-01-27 09:00:00,9,5,1,3629,2848.0,4939.0,3547.4717673721116,781.0,781.0,81.52823262788843,81.52823262788843,6646.852715427091
2018-01-27 10:00:00,10,5,0,4325,3629.0,4693.0,3918.247959106573,696.0,696.0,406.75204089342697,406.75204089342697,165447.22277096807
2018-01-27 11:00:00,11,5,0,4896,4325.0,5029.0,4518.465590992891,571.0,571.0,377.5344090071094,377.5344090071094,142532.22998434736
2018-01-27 12:00:00,12,5,0,5344,4896.0,5401.0,5022.781172272941,448.0,448.0,321.21882772705885,321.21882772705885,103181.53528634591
2018-01-27 13:00:00,13,5,0,5304,5344.0,5380.0,5308.171593945397,-40.0,40.0,-4.171593945397035,4.171593945397035,17.4021960452732
2018-01-27 14:00:00,14,5,0,5132,5304.0,5464.0,4946.090619410571,-172.0,172.0,185.90938058942902,185.90938058942902,34562.29779114517
2018-01-27 15:00:00,15,5,0,5407,5132.0,5810.0,4893.070387452917,275.0,275.0,513.9296125470828,513.9296125470828,264123.6466527946
2018-01-27 16:00:00,16,5,0,5460,5407.0,6561.0,5406.593381237115,53.0,53.0,53.406618762885046,53.406618762885046,2852.2669276841452
2018-01-27 17:00:00,17,5,1,5182,5460.0,5829.0,5286.8800075095205,-278.0,278.0,-104.88000750952051,104.88000750952051,10999.815975197078
2018-01-27 18:00:00,18,5,1,5052,5182.0,4811.0,4520.034474425276,-130.0,130.0,531.9655255747239,531.9655255747239,282987.32039999217
2018-01-27 19:00:00,19,5,1,4090,5052.0,3638.0,3707.8792659592414,-962.0,962.0,382.12073404075863,382.12073404075863,146016.25538384818
2018-01-27 20:00:00,20,5,0,3584,4090.0,3465.0,3087.3417524514493,-506.0,506.0,496.65824754855066,496.65824754855066,246669.41485799744
2018-01-27 21:00:00,21,5,0,3350,3584.0,3215.0,3227.941647827769,-234.0,234.0,122.05835217223103,122.05835217223103,14898.241335000374
2018-01-27 22:00:00,22,5,0,3070,3350.0,2637.0,3234.3096609486006,-280.0,280.0,-164.3096609486006,164.3096609486006,26997.664681044083
2018-01-27 23:00:00,23,5,0,2033,3070.0,1841.0,2182.6617792853312,-1037.0,1037.0,-149.66177928533125,149.66177928533125,22398.648178851206
2018-01-28 00:00:00,0,6,0,1260,2033.0,1121.0,1307.8376280871635,-773.0,773.0,-47.837628087163466,47.837628087163466,2288.438661005771
2018-01-28 01:00:00,1,6,0,791,1260.0,672.0,806.0764462697248,-469.0,469.0,-15.076446269724784,15.076446269724784,227.29923212389835
2018-01-28 02:00:00,2,6,0,653,791.0,476.0,592.6147861341789,-138.0,138.0,60.38521386582113,60.38521386582113,3646.374053620956
2018-01-28 03:00:00,3,6,0,444,653.0,373.0,427.9793878944862,-209.0,209.0,16.020612105513806,16.020612105513806,256.6600122353355
2018-01-28 04:00:00,4,6,0,395,444.0,449.0,439.8301052962426,-49.0,49.0,-44.83010529624261,44.83010529624261,2009.7383408721994
2018-01-28 05:00:00,5,6,0,643,395.0,753.0,587.198945172555,248.0,248.0,55.801054827445,55.801054827445,3113.7577198555227
2018-01-28 06:00:00,6,6,0,1058,643.0,1378.0,1037.5638207536051,415.0,415.0,20.436179246394886,20.436179246394886,417.637422190781
2018-01-28 07:00:00,7,6,1,1666,1058.0,2158.0,1387.023843865175,608.0,608.0,278.97615613482503,278.97615613482503,77827.69569176227
2018-01-28 08:00:00,8,6,1,2314,1666.0,2848.0,2398.7456107304465,648.0,648.0,-84.74561073044651,84.74561073044651,7181.818538076372
2018-01-28 09:00:00,9,6,1,3024,2314.0,3629.0,3152.7315184613963,710.0,710.0,-128.73151846139626,128.73151846139626,16571.803845376806
2018-01-28 10:00:00,10,6,0,3564,3024.0,4325.0,3560.769351309405,540.0,540.0,3.2306486905949896,3.2306486905949896,10.43709096204312
2018-01-28 11:00:00,11,6,0,4065,3564.0,4896.0,3881.7444819695975,501.0,501.0,183.25551803040253,183.25551803040253,33582.584888591184
2018-01-28 12:00:00,12,6,0,4506,4065.0,5344.0,4290.401987590596,441.0,441.0,215.59801240940396,215.59801240940396,46482.50295488551
2018-01-28 12:00:00,12,6,0,4506,4506.0,5304.0,4644.76043577634,0.0,0.0,-138.76043577634027,138.76043577634027,19254.458536839855
2018-01-28 13:00:00,13,6,0,4784,4506.0,5132.0,4633.032916708433,278.0,278.0,150.96708329156718,150.96708329156718,22791.060237562982
2018-01-28 14:00:00,14,6,0,4895,4784.0,5407.0,4747.078642448522,111.0,111.0,147.92135755147774,147.92135755147774,21880.72801987212
2018-01-28 15:00:00,15,6,0,4801,4895.0,5460.0,4756.004286732598,-94.0,94.0,44.9957132674017,44.9957132674017,2024.6142124422292
2018-01-28 16:00:00,16,6,0,4716,4801.0,5182.0,4756.516972349499,-85.0,85.0,-40.516972349499156,40.516972349499156,1641.6250483700792
2018-01-28 17:00:00,17,6,1,4535,4716.0,5052.0,4466.392684034466,-181.0,181.0,68.60731596553433,68.60731596553433,4706.963803994661
2018-01-28 18:00:00,18,6,1,3849,4535.0,4090.0,4208.392894776162,-686.0,686.0,-359.3928947761624,359.3928947761624,129163.25281558973
2018-01-28 19:00:00,19,6,1,3221,3849.0,3584.0,3147.331179668727,-628.0,628.0,73.66882033127285,73.66882033127285,5427.095089001361
2018-01-28 20:00:00,20,6,0,2554,3221.0,3350.0,2806.4163281999236,-667.0,667.0,-252.41632819992356,252.41632819992356,63714.00274193152
2018-01-28 21:00:00,21,6,0,2082,2554.0,3070.0,2399.909175629545,-472.0,472.0,-317.9091756295452,317.9091756295452,101066.24394945701
2018-01-28 22:00:00,22,6,0,1433,2082.0,2033.0,1642.8422583415813,-649.0,649.0,-209.84225834158133,209.84225834158133,44033.77338589496
2018-01-28 23:00:00,23,6,0,877,1433.0,1260.0,1044.1732918467617,-556.0,556.0,-167.17329184676169,167.17329184676169,27946.909506882555
2018-01-29 00:00:00,0,0,0,482,877.0,791.0,534.5509241360089,-395.0,395.0,-52.550924136008916,52.550924136008916,2761.5996275485645
2018-01-29 01:00:00,1,0,0,335,482.0,653.0,337.27380576508244,-147.0,147.0,-2.273805765082443,2.273805765082443,5.170192657322154
2018-01-29 02:00:00,2,0,0,230,335.0,444.0,271.94150620311103,-105.0,105.0,-41.94150620311103,41.94150620311103,1759.0899425856012
2018-01-29 03:00:00,3,0,0,353,230.0,395.0,343.6072173148129,123.0,123.0,9.392782685187115,9.392782685187115,88.22436657115087
2018-01-29 04:00:00,4,0,0,888,353.0,643.0,826.6698507779691,535.0,535.0,61.330149222030855,61.330149222030855,3761.387203596572
2018-01-29 05:00:00,5,0,0,2837,888.0,1058.0,2750.7441720365528,1949.0,1949.0,86.25582796344725,86.25582796344725,7440.0678576598075
2018-01-29 06:00:00,6,0,0,5488,2837.0,1666.0,5587.448305952737,2651.0,2651.0,-99.44830595273743,99.44830595273743,9889.96555686927
2018-01-29 07:00:00,7,0,1,6362,5488.0,2314.0,6340.226712642674,874.0,874.0,21.7732873573259,21.7732873573259,474.07604234468783
2018-01-29 08:00:00,8,0,1,5438,6362.0,3024.0,5888.315089709267,-924.0,924.0,-450.31508970926734,450.31508970926734,202783.68001986548
2018-01-29 09:00:00,9,0,1,4715,5438.0,3564.0,5022.727553561566,-723.0,723.0,-307.7275535615663,307.7275535615663,94696.24722098667
2018-01-29 10:00:00,10,0,0,4287,4715.0,4065.0,4342.244989125312,-428.0,428.0,-55.244989125311804,55.244989125311804,3052.0088234558193
2018-01-29 11:00:00,11,0,0,4409,4287.0,4506.0,4513.987976749353,122.0,122.0,-104.98797674935304,104.98797674935304,11022.475261922695
2018-01-29 12:00:00,12,0,0,4725,4409.0,4506.0,4616.467444915766,316.0,316.0,108.53255508423445,108.53255508423445,11779.315513112384
2018-01-29 13:00:00,13,0,0,4578,4725.0,4784.0,4894.609774391263,-147.0,147.0,-316.6097743912633,316.6097743912633,100241.74924008663
2018-01-29 14:00:00,14,0,0,5030,4578.0,4895.0,4796.752447332486,452.0,452.0,233.24755266751436,233.24755266751436,54404.420825384885
2018-01-29 15:00:00,15,0,0,5527,5030.0,4801.0,5610.950176274459,497.0,497.0,-83.95017627445941,83.95017627445941,7047.632096512807
2018-01-29 16:00:00,16,0,0,6285,5527.0,4716.0,6285.707894955135,758.0,758.0,-0.7078949551350888,0.7078949551350888,0.5011152675057094
2018-01-29 17:00:00,17,0,1,6023,6285.0,4535.0,5859.27902366315,-262.0,262.0,163.72097633685007,163.72097633685007,26804.558092691423
2018-01-29 18:00:00,18,0,1,4286,6023.0,3849.0,4379.0355285643045,-1737.0,1737.0,-93.03552856430451,93.03552856430451,8655.609575239521
2018-01-29 19:00:00,19,0,1,3448,4286.0,3221.0,2991.2948137749727,-838.0,838.0,456.7051862250273,456.7051862250273,208579.62712483687
2018-01-29 20:00:00,20,0,0,2957,3448.0,2554.0,2781.397600701761,-491.0,491.0,175.6023992982391,175.6023992982391,30836.202639298208
2018-01-29 21:00:00,21,0,0,2657,2957.0,2082.0,2590.6563959408018,-300.0,300.0,66.34360405919824,66.34360405919824,4401.473799563665
2018-01-29 22:00:00,22,0,0,1955,2657.0,1433.0,2044.8169497398435,-702.0,702.0,-89.8169497398435,89.8169497398435,8067.084460569572
2018-01-29 23:00:00,23,0,0,1185,1955.0,877.0,1321.525739325016,-770.0,770.0,-136.52573932501605,136.52573932501605,18639.277498242234
2018-01-30 00:00:00,0,1,0,588,1185.0,482.0,631.2178049035183,-597.0,597.0,-43.2178049035183,43.2178049035183,1867.7786606785703
2018-01-30 01:00:00,1,1,0,330,588.0,335.0,362.6270807821516,-258.0,258.0,-32.62708078215161,32.62708078215161,1064.5264003650468
2018-01-30 02:00:00,2,1,0,249,330.0,230.0,271.6448936112392,-81.0,81.0,-22.644893611239183,22.644893611239183,512.7912066643412
2018-01-30 03:00:00,3,1,0,371,249.0,353.0,352.438121417559,122.0,122.0,18.56187858244101,18.56187858244101,344.5433365092823
2018-01-30 04:00:00,4,1,0,910,371.0,888.0,850.6843386012742,539.0,539.0,59.31566139872575,59.31566139872575,3518.347687168284
2018-01-30 05:00:00,5,1,0,2876,910.0,2837.0,2750.7441720365528,1966.0,1966.0,125.25582796344725,125.25582796344725,15689.022438808694
2018-01-30 06:00:00,6,1,0,5585,2876.0,5488.0,5693.122360306837,2709.0,2709.0,-108.12236030683744,108.12236030683744,11690.444798321576
2018-01-30 07:00:00,7,1,1,6405,5585.0,6362.0,6351.044061668559,820.0,820.0,53.95593833144085,53.95593833144085,2911.2432812262477
2018-01-30 08:00:00,8,1,1,5489,6405.0,5438.0,5891.300909738298,-916.0,916.0,-402.3009097382983,402.3009097382983,161846.02197626242
2018-01-30 09:00:00,9,1,1,4462,5489.0,4715.0,5069.420638945346,-1027.0,1027.0,-607.4206389453457,607.4206389453457,368959.832616772
2018-01-30 10:00:00,10,1,0,4388,4462.0,4287.0,4481.627735623018,-74.0,74.0,-93.62773562301845,93.62773562301845,8766.15287789384
2018-01-30 11:00:00,11,1,0,4432,4388.0,4409.0,4543.643400114636,44.0,44.0,-111.64340011463628,111.64340011463628,12464.248789156767
2018-01-30 12:00:00,12,1,0,4783,4432.0,4725.0,4677.6586783757,351.0,351.0,105.34132162429978,105.34132162429978,11096.794041554169
2018-01-30 13:00:00,13,1,0,4801,4783.0,4578.0,4914.742262395547,18.0,18.0,-113.74226239554719,113.74226239554719,12937.302254857508
2018-01-30 14:00:00,14,1,0,5195,4801.0,5030.0,5109.363449007444,394.0,394.0,85.6365509925563,85.6365509925563,7333.618865900695
2018-01-30 15:00:00,15,1,0,5701,5195.0,5527.0,5741.046066979624,506.0,506.0,-40.0460669796239,40.0460669796239,1603.6874805365237
2018-01-30 16:00:00,16,1,0,6838,5701.0,6285.0,6397.510064127393,1137.0,1137.0,440.489935872607,440.489935872607,194031.38360505344
2018-01-30 17:00:00,17,1,1,5944,6838.0,6023.0,6409.205413703968,-894.0,894.0,-465.2054137039677,465.2054137039677,216416.0769394797
2018-01-30 18:00:00,18,1,1,4589,5944.0,4286.0,4414.861095296351,-1355.0,1355.0,174.13890470364913,174.13890470364913,30324.358131386594
2018-01-30 19:00:00,19,1,1,3090,4589.0,3448.0,3113.336611488998,-1499.0,1499.0,-23.336611488998187,23.336611488998187,544.5974357884422
2018-01-30 20:00:00,20,1,0,2885,3090.0,2957.0,2772.451432558076,-205.0,205.0,112.5485674419242,112.5485674419242,12667.18003322936
2018-01-30 21:00:00,21,1,0,2490,2885.0,2657.0,2625.2880606746326,-395.0,395.0,-135.28806067463256,135.28806067463256,18302.859361103063
2018-01-30 22:00:00,22,1,0,2261,2490.0,1955.0,1865.0656251438695,-229.0,229.0,395.9343748561305,395.9343748561305,156764.02919271486
2018-01-30 23:00:00,23,1,0,1430,2261.0,1185.0,1332.5192844631847,-831.0,831.0,97.4807155368153,97.4807155368153,9502.489901569503
2018-01-31 00:00:00,0,2,0,628,1430.0,588.0,722.6192457547519,-802.0,802.0,-94.61924575475189,94.61924575475189,8952.801667198133
2018-01-31 01:00:00,1,2,0,381,628.0,330.0,392.74731637967193,-247.0,247.0,-11.747316379671929,11.747316379671929,137.9994421241084
2018-01-31 03:00:00,3,2,0,376,381.0,249.0,402.1154315296382,-5.0,5.0,-26.115431529638215,26.115431529638215,682.0157639792218
2018-01-31 03:00:00,3,2,0,376,376.0,371.0,385.4338103566255,0.0,0.0,-9.433810356625486,9.433810356625486,88.99677784477427
2018-01-31 03:00:00,3,2,0,376,376.0,910.0,385.2427512616047,0.0,0.0,-9.242751261604724,9.242751261604724,85.42845088389572
2018-01-31 04:00:00,4,2,0,982,376.0,2876.0,854.1202004006558,606.0,606.0,127.87979959934421,127.87979959934421,16353.243145568436
2018-01-31 04:00:00,4,2,0,982,982.0,5585.0,968.5512693913636,0.0,0.0,13.448730608636424,13.448730608636424,180.86835498367424
2018-01-31 05:00:00,5,2,0,2534,982.0,6405.0,2750.7441720365528,1552.0,1552.0,-216.74417203655275,216.74417203655275,46978.036111810776
2018-01-31 05:00:00,5,2,0,2534,2534.0,5489.0,2467.1992998559276,0.0,0.0,66.80070014407238,66.80070014407238,4462.333539738272
2018-01-31 06:00:00,6,2,0,5081,2534.0,4462.0,5213.353996408372,2547.0,2547.0,-132.35399640837204,132.35399640837204,17517.58036526736
2018-01-31 07:00:00,7,2,1,5675,5081.0,4388.0,5688.42514829356,594.0,594.0,-13.425148293559687,13.425148293559687,180.23460670406857
2018-01-31 08:00:00,8,2,1,5155,5675.0,4432.0,5560.8503143784,-520.0,520.0,-405.85031437840007,405.85031437840007,164714.47768104618
2018-01-31 09:00:00,9,2,1,5210,5155.0,4783.0,5058.904999474379,55.0,55.0,151.0950005256209,151.0950005256209,22829.699183837376
2018-01-31 10:00:00,10,2,0,4379,5210.0,4801.0,4478.763182245697,-831.0,831.0,-99.76318224569695,99.76318224569695,9952.692531788143
2018-01-31 11:00:00,11,2,0,4546,4379.0,5195.0,4542.745839287361,167.0,167.0,3.2541607126386225,3.2541607126386225,10.589561943680707
2018-01-31 12:00:00,12,2,0,4885,4546.0,5701.0,4785.68804573709,339.0,339.0,99.31195426291015,99.31195426291015,9862.864259518357
2018-01-31 13:00:00,13,2,0,5021,4885.0,6838.0,4945.269618115963,136.0,136.0,75.73038188403734,75.73038188403734,5735.090740302131
2018-01-31 14:00:00,14,2,0,5212,5021.0,5944.0,5269.655059749958,191.0,191.0,-57.65505974995813,57.65505974995813,3324.1059147712417
2018-01-31 15:00:00,15,2,0,5941,5212.0,4589.0,5738.931340183989,729.0,729.0,202.06865981601095,202.06865981601095,40831.74327983876
2018-01-31 16:00:00,16,2,0,6818,5941.0,3090.0,6441.1774596665755,877.0,877.0,376.8225403334245,376.8225403334245,141995.22690333534
2018-01-31 17:00:00,17,2,1,6351,6818.0,2885.0,6403.7499904968145,-467.0,467.0,-52.74999049681446,52.74999049681446,2782.5614974140162
2018-01-31 18:00:00,18,2,1,4559,6351.0,2490.0,4657.180902285414,-1792.0,1792.0,-98.18090228541405,98.18090228541405,9639.489573578021
2018-01-31 19:00:00,19,2,1,3400,4559.0,2261.0,3142.0775530385076,-1159.0,1159.0,257.92244696149237,257.92244696149237,66523.98864660384
2018-01-31 20:00:00,20,2,0,2856,3400.0,1430.0,2862.710317412425,-544.0,544.0,-6.710317412424956,6.710317412424956,45.02835977549356
2018-01-31 20:00:00,20,2,0,2856,2856.0,628.0,2668.2217073732154,0.0,0.0,187.7782926267846,187.7782926267846,35260.68718183035
2018-01-31 21:00:00,21,2,0,2564,2856.0,381.0,2642.1013789817607,-292.0,292.0,-78.10137898176072,78.10137898176072,6099.825398852615
2018-01-31 21:00:00,21,2,0,2564,2564.0,376.0,2510.1300772885925,0.0,0.0,53.869922711407526,53.869922711407526,2901.9685729330204
2018-01-31 22:00:00,22,2,0,1739,2564.0,376.0,2018.2292206091631,-825.0,825.0,-279.2292206091631,279.2292206091631,77968.95764200069
2018-01-31 22:00:00,22,2,0,1739,1739.0,376.0,1589.3691544027681,0.0,0.0,149.63084559723188,149.63084559723188,22389.389954142647
2018-01-31 23:00:00,23,2,0,1402,1739.0,982.0,1199.6639805873046,-337.0,337.0,202.33601941269535,202.33601941269535,40939.86475177463
2018-02-01 00:00:00,0,3,0,716,1402.0,982.0,947.8918006381376,-686.0,686.0,-231.89180063813762,231.89180063813762,53773.807203197764
2018-02-01 01:00:00,1,3,0,363,716.0,2534.0,441.72446967592157,-353.0,353.0,-78.72446967592157,78.72446967592157,6197.542125755094
2018-02-01 02:00:00,2,3,0,285,363.0,2534.0,288.22776650072393,-78.0,78.0,-3.2277665007239307,3.2277665007239307,10.41847658319561
2018-02-01 03:00:00,3,3,0,362,285.0,5081.0,351.7155186297031,77.0,77.0,10.284481370296874,10.284481370296874,105.77055705598346
2018-02-01 04:00:00,4,3,0,936,362.0,5675.0,845.748021587483,574.0,574.0,90.25197841251702,90.25197841251702,8145.419607373438
2018-02-01 05:00:00,5,3,0,2861,936.0,5155.0,2750.7441720365528,1925.0,1925.0,110.25582796344725,110.25582796344725,12156.347599905275
2018-02-01 06:00:00,6,3,0,5410,2861.0,5210.0,5679.448190480169,2549.0,2549.0,-269.4481904801687,269.4481904801687,72602.32735303728
2018-02-01 07:00:00,7,3,1,6303,5410.0,4379.0,6181.0223837737685,893.0,893.0,121.97761622623148,121.97761622623148,14878.538860233808
2018-02-01 08:00:00,8,3,1,5332,6303.0,4546.0,5829.95187375584,-971.0,971.0,-497.9518737558401,497.9518737558401,247956.06857695212
2018-02-01 09:00:00,9,3,1,5000,5332.0,4885.0,5066.406350252402,-332.0,332.0,-66.40635025240226,66.40635025240226,4409.803353844726
2018-02-01 10:00:00,10,3,0,4438,5000.0,5021.0,4502.355379316851,-562.0,562.0,-64.35537931685121,64.35537931685121,4141.6148470158005
2018-02-01 11:00:00,11,3,0,4717,4438.0,5212.0,4710.3482407683205,279.0,279.0,6.651759231679534,6.651759231679534,44.24590087623391
2018-02-01 12:00:00,12,3,0,4843,4717.0,5941.0,4894.609774391263,126.0,126.0,-51.60977439126327,51.60977439126327,2663.5688127170943
2018-02-01 13:00:00,13,3,0,5099,4843.0,6818.0,4942.736595888388,256.0,256.0,156.26340411161164,156.26340411161164,24418.251464548845
2018-02-01 14:00:00,14,3,0,5402,5099.0,6351.0,5314.324157083902,303.0,303.0,87.67584291609819,87.67584291609819,7687.053431048325
2018-02-01 15:00:00,15,3,0,5961,5402.0,4559.0,5791.590835076053,559.0,559.0,169.40916492394717,169.40916492394717,28699.465160229134
2018-02-01 16:00:00,16,3,0,6636,5961.0,3400.0,6445.895793410528,675.0,675.0,190.1042065894717,190.1042065894717,36139.60936301253
2018-02-01 17:00:00,17,3,1,6375,6636.0,2856.0,6174.775457817104,-261.0,261.0,200.22454218289568,200.22454218289568,40089.86729235017
2018-02-01 18:00:00,18,3,1,4723,6375.0,2856.0,4662.082424898578,-1652.0,1652.0,60.91757510142179,60.91757510142179,3710.950956237364
2018-02-01 19:00:00,19,3,1,3595,4723.0,2564.0,3453.6747714410226,-1128.0,1128.0,141.32522855897741,141.32522855897741,19972.820227247204
2018-02-01 20:00:00,20,3,0,3133,3595.0,2564.0,3134.2485345452415,-462.0,462.0,-1.248534545241455,1.248534545241455,1.5588385106612865
2018-02-01 21:00:00,21,3,0,2807,3133.0,1739.0,3011.23448712113,-326.0,326.0,-204.23448712112986,204.23448712112986,41711.72572963096
2018-02-01 22:00:00,22,3,0,2165,2807.0,1739.0,2448.422910888594,-642.0,642.0,-283.42291088859383,283.42291088859383,80328.5464165638
2018-02-01 23:00:00,23,3,0,1483,2165.0,1402.0,1467.2992295464865,-682.0,682.0,15.700770453513542,15.700770453513542,246.51419283392383
2018-02-02 00:00:00,0,4,0,926,1483.0,716.0,771.6276115905482,-557.0,557.0,154.3723884094518,154.3723884094518,23830.834303238644
2018-02-02 01:00:00,1,4,0,521,926.0,363.0,487.97812492571995,-405.0,405.0,33.02187507428005,33.02187507428005,1090.444233421358
2018-02-02 02:00:00,2,4,0,422,521.0,285.0,358.4408697630009,-99.0,99.0,63.559130236999124,63.559130236999124,4039.7630364838164
2018-02-02 03:00:00,3,4,0,439,422.0,362.0,400.2936561743333,17.0,17.0,38.70634382566669,38.70634382566669,1498.181052350726
2018-02-02 04:00:00,4,4,0,922,439.0,936.0,831.2797868456444,483.0,483.0,90.72021315435563,90.72021315435563,8230.157074771721
2018-02-02 05:00:00,5,4,0,2731,922.0,2861.0,2750.7441720365528,1809.0,1809.0,-19.744172036552754,19.744172036552754,389.83232940899177
2018-02-02 06:00:00,6,4,0,5041,2731.0,5410.0,5510.295628657443,2310.0,2310.0,-469.29562865744265,469.29562865744265,220238.3870769843
2018-02-02 07:00:00,7,4,1,5843,5041.0,6303.0,5823.027212757371,802.0,802.0,19.972787242629238,19.972787242629238,398.9122302393332
2018-02-02 08:00:00,8,4,1,5149,5843.0,5332.0,5543.800046921005,-694.0,694.0,-394.80004692100465,394.80004692100465,155867.0770488275
2018-02-02 09:00:00,9,4,1,4963,5149.0,5000.0,4985.374032006553,-186.0,186.0,-22.374032006552625,22.374032006552625,500.59730823024125
2018-02-02 10:00:00,10,4,0,4379,4963.0,4438.0,4641.942800730627,-584.0,584.0,-262.9428007306269,262.9428007306269,69138.91645606617
2018-02-02 11:00:00,11,4,0,4932,4379.0,4717.0,4542.745839287361,553.0,553.0,389.2541607126386,389.2541607126386,151518.8016321007
2018-02-02 12:00:00,12,4,0,5104,4932.0,4843.0,5089.102342171902,172.0,172.0,14.89765782809809,14.89765782809809,221.9402087630923
2018-02-02 13:00:00,13,4,0,5378,5104.0,5099.0,5154.801194738671,274.0,274.0,223.19880526132874,223.19880526132874,49817.70667008455
2018-02-02 14:00:00,14,4,0,5487,5378.0,5402.0,5559.705681367689,109.0,109.0,-72.70568136768907,72.70568136768907,5286.116103139929
2018-02-02 15:00:00,15,4,0,6080,5487.0,5961.0,5850.567735136307,593.0,593.0,229.43226486369258,229.43226486369258,52639.16416048358
2018-02-02 16:00:00,16,4,0,6646,6080.0,6636.0,6281.854259464876,566.0,566.0,364.1457405351239,364.1457405351239,132602.12034987376
2018-02-02 17:00:00,17,4,1,5891,6646.0,6375.0,6066.355858453348,-755.0,755.0,-175.35585845334845,175.35585845334845,30749.677093910777
2018-02-02 18:00:00,18,4,1,4691,5891.0,4723.0,4753.546943732468,-1200.0,1200.0,-62.54694373246821,62.54694373246821,3912.120170272544
2018-02-02 19:00:00,19,4,1,3790,4691.0,3595.0,3700.058182965559,-901.0,901.0,89.9418170344411,89.9418170344411,8089.53045145688
2018-02-02 20:00:00,20,4,0,3216,3790.0,3133.0,3256.2659314862376,-574.0,574.0,-40.265931486237605,40.265931486237605,1621.345238454381
2018-02-02 21:00:00,21,4,0,3818,3216.0,2807.0,3046.849574668448,602.0,602.0,771.150425331552,771.150425331552,594672.9784890335
2018-02-02 22:00:00,22,4,0,3788,3818.0,2165.0,3264.1213763235905,-30.0,30.0,523.8786236764095,523.8786236764095,274448.81234508904
2018-02-02 23:00:00,23,4,0,2020,3788.0,1483.0,2274.721955016289,-1768.0,1768.0,-254.72195501628903,254.72195501628903,64883.27436732037
2018-02-03 00:00:00,0,5,0,1368,2020.0,926.0,1341.7749393243369,-652.0,652.0,26.225060675663144,26.225060675663144,687.7538074422134
2018-02-03 01:00:00,1,5,0,926,1368.0,521.0,877.1172616361566,-442.0,442.0,48.88273836384337,48.88273836384337,2389.5221099479645
2018-02-03 02:00:00,2,5,0,631,926.0,422.0,707.8844185957992,-295.0,295.0,-76.88441859579916,76.88441859579916,5911.2138228140675
2018-02-03 03:00:00,3,5,0,471,631.0,439.0,407.87051177142274,-160.0,160.0,63.12948822857726,63.12948822857726,3985.3322840020746
2018-02-03 04:00:00,4,5,0,519,471.0,922.0,468.7503384364517,48.0,48.0,50.24966156354827,50.24966156354827,2525.0284872511406
2018-02-03 05:00:00,5,5,0,783,519.0,2731.0,805.1906764893107,264.0,264.0,-22.190676489310704,22.190676489310704,492.42612305324684
2018-02-03 06:00:00,6,5,0,1320,783.0,5041.0,1402.7624420802108,537.0,537.0,-82.7624420802108,82.7624420802108,6849.621819080248
2018-02-03 07:00:00,7,5,1,1839,1320.0,5843.0,1989.4523302441712,519.0,519.0,-150.4523302441712,150.4523302441712,22635.903675901154
2018-02-03 08:00:00,8,5,1,2552,1839.0,5149.0,2495.3298711692205,713.0,713.0,56.670128830779504,56.670128830779504,3211.5035016971465
2018-02-03 08:00:00,8,5,1,2552,2552.0,4963.0,3351.9856271936114,0.0,0.0,-799.9856271936114,799.9856271936114,639977.0037163559
2018-02-03 08:00:00,8,5,1,2552,2552.0,4379.0,3345.248793737749,0.0,0.0,-793.2487937377491,793.2487937377491,629243.648766394
2018-02-03 09:00:00,9,5,1,3168,2552.0,4932.0,3358.31059533201,616.0,616.0,-190.31059533201005,190.31059533201005,36218.122695624086
2018-02-03 09:00:00,9,5,1,3168,3168.0,5104.0,3592.7730608885786,0.0,0.0,-424.7730608885786,424.7730608885786,180432.1532566521
2018-02-03 10:00:00,10,5,0,3572,3168.0,5378.0,3590.292953596344,404.0,404.0,-18.292953596343978,18.292953596343978,334.63215127799407
2018-02-03 10:00:00,10,5,0,3572,3572.0,5487.0,3876.594209702477,0.0,0.0,-304.5942097024772,304.5942097024772,92777.63258427665
2018-02-03 11:00:00,11,5,0,3838,3572.0,6080.0,3861.345748732659,266.0,266.0,-23.345748732659104,23.345748732659104,545.0239838884542
2018-02-03 11:00:00,11,5,0,3838,3838.0,6646.0,4110.86662300701,0.0,0.0,-272.8666230070103,272.8666230070103,74456.19395124986
2018-02-03 12:00:00,12,5,0,3924,3838.0,5891.0,4063.204534965107,86.0,86.0,-139.2045349651071,139.2045349651071,19377.90255485172
2018-02-03 12:00:00,12,5,0,3924,3924.0,4691.0,4064.9310499811268,0.0,0.0,-140.93104998112676,140.93104998112676,19861.56084878285
2018-02-03 13:00:00,13,5,0,3562,3924.0,3790.0,4025.4142996274436,-362.0,362.0,-463.4142996274436,463.4142996274436,214752.81309919409
2018-02-03 13:00:00,13,5,0,3562,3562.0,3216.0,3735.1437992786487,0.0,0.0,-173.14379927864866,173.14379927864866,29978.775228644976
2018-02-03 14:00:00,14,5,0,3572,3562.0,3818.0,3726.60060476551,10.0,10.0,-154.60060476551007,154.60060476551007,23901.346993861454
2018-02-03 14:00:00,14,5,0,3572,3572.0,3788.0,3737.6030469361353,0.0,0.0,-165.60304693613534,165.60304693613534,27424.369154531847
2018-02-03 15:00:00,15,5,0,3716,3572.0,2020.0,3735.4328557429935,144.0,144.0,-19.432855742993524,19.432855742993524,377.6358823279964
2018-02-03 15:00:00,15,5,0,3716,3716.0,1368.0,3918.777911519081,0.0,0.0,-202.77791151908104,202.77791151908104,41118.88140004026
2018-02-03 16:00:00,16,5,0,3752,3716.0,926.0,3866.090452129452,36.0,36.0,-114.09045212945193,114.09045212945193,13016.631267102763
2018-02-03 16:00:00,16,5,0,3752,3752.0,631.0,3895.342123607191,0.0,0.0,-143.34212360719084,143.34212360719084,20546.964400219178
2018-02-03 16:00:00,16,5,0,3752,3752.0,471.0,3904.8101427309225,0.0,0.0,-152.8101427309225,152.8101427309225,23350.93972144491
2018-02-03 17:00:00,17,5,1,3652,3752.0,519.0,3409.02444423899,-100.0,100.0,242.97555576101013,242.97555576101013,59037.12069737174
2018-02-03 17:00:00,17,5,1,3652,3652.0,783.0,3374.431869188458,0.0,0.0,277.5681308115418,277.5681308115418,77044.06724221316
2018-02-03 18:00:00,18,5,1,3763,3652.0,1320.0,3367.4138353657936,111.0,111.0,395.5861646342064,395.5861646342064,156488.41365000146
2018-02-03 19:00:00,19,5,1,3301,3763.0,1839.0,3346.260238949404,-462.0,462.0,-45.26023894940408,45.26023894940408,2048.4892297571546
2018-02-03 20:00:00,20,5,0,2632,3301.0,2552.0,2952.6726987394463,-669.0,669.0,-320.67269873944633,320.67269873944633,102830.9797168397
2018-02-03 21:00:00,21,5,0,2454,2632.0,2552.0,2661.0018215409514,-178.0,178.0,-207.00182154095137,207.00182154095137,42849.75412127188
2018-02-03 21:00:00,21,5,0,2454,2454.0,2552.0,2545.6039948892594,0.0,0.0,-91.60399488925941,91.60399488925941,8391.291879671464
2018-02-03 22:00:00,22,5,0,2892,2454.0,3168.0,2421.2359132834954,438.0,438.0,470.7640867165046,470.7640867165046,221618.82534202468
2018-02-03 22:00:00,22,5,0,2892,2892.0,3168.0,2840.6804163554516,0.0,0.0,51.3195836445484,51.3195836445484,2633.6996654498
2018-02-03 23:00:00,23,5,0,2935,2892.0,3572.0,2374.1413620512158,43.0,43.0,560.8586379487842,560.8586379487842,314562.4117617654
2018-02-03 23:00:00,23,5,0,2935,2935.0,3572.0,2387.28813058076,0.0,0.0,547.71186941924,547.71186941924,299988.2919027186
2018-02-03 23:00:00,23,5,0,2935,2935.0,3838.0,2391.9510717572302,0.0,0.0,543.0489282427698,543.0489282427698,294902.1384656209
2018-02-04 00:00:00,0,6,0,1536,2935.0,3838.0,1712.242512939502,-1399.0,1399.0,-176.24251293950192,176.24251293950192,31061.4233672305
2018-02-04 00:00:00,0,6,0,1536,1536.0,3924.0,1264.2899463559995,0.0,0.0,271.7100536440005,271.7100536440005,73826.35325122562
2018-02-04 00:00:00,0,6,0,1536,1536.0,3924.0,1259.732309992363,0.0,0.0,276.26769000763693,276.26769000763693,76323.83654215577
2018-02-04 01:00:00,1,6,0,986,1536.0,3562.0,916.2600045746963,-550.0,550.0,69.73999542530373,69.73999542530373,4863.666961921385
2018-02-04 01:00:00,1,6,0,986,986.0,3562.0,731.9041446186425,0.0,0.0,254.09585538135752,254.09585538135752,64564.70372198376
2018-02-04 01:00:00,1,6,0,986,986.0,3572.0,729.7185129683786,0.0,0.0,256.2814870316214,256.2814870316214,65680.20059513912
2018-02-04 02:00:00,2,6,0,670,986.0,3572.0,717.5684412311977,-316.0,316.0,-47.56844123119765,47.56844123119765,2262.756601165905
2018-02-04 03:00:00,3,6,0,520,670.0,3716.0,411.83190273876687,-150.0,150.0,108.16809726123313,108.16809726123313,11700.33726511559
2018-02-04 04:00:00,4,6,0,524,520.0,3716.0,466.325702929929,4.0,4.0,57.67429707007102,57.67429707007102,3326.324542526803
2018-02-04 05:00:00,5,6,0,648,524.0,3752.0,583.0984620624888,124.0,124.0,64.9015379375112,64.9015379375112,4212.209626654205
2018-02-04 06:00:00,6,6,0,1046,648.0,3752.0,995.7298925494783,398.0,398.0,50.270107450521664,50.270107450521664,2527.083703086994
2018-02-04 07:00:00,7,6,1,1320,1046.0,3752.0,1212.6143025310128,274.0,274.0,107.38569746898725,107.38569746898725,11531.688020900854
2018-02-04 08:00:00,8,6,1,1857,1320.0,3652.0,1954.9589912760694,537.0,537.0,-97.95899127606936,97.95899127606936,9595.963971825033
2018-02-04 09:00:00,9,6,1,2449,1857.0,3652.0,2403.640943967414,592.0,592.0,45.35905603258607,45.35905603258607,2057.4439641672825
2018-02-04 10:00:00,10,6,0,3225,2449.0,3763.0,2845.8493108025323,776.0,776.0,379.1506891974677,379.1506891974677,143755.24511891478
2018-02-04 11:00:00,11,6,0,3452,3225.0,3301.0,3495.927772496994,227.0,227.0,-43.92777249699384,43.92777249699384,1929.6491965476484
2018-02-04 12:00:00,12,6,0,3735,3452.0,2632.0,3755.9627121839685,283.0,283.0,-20.962712183968506,20.962712183968506,439.43530210790163
2018-02-04 13:00:00,13,6,0,3801,3735.0,2454.0,3925.935823073189,66.0,66.0,-124.93582307318911,124.93582307318911,15608.959886975214
2018-02-04 14:00:00,14,6,0,3686,3801.0,2454.0,3989.8639511648535,-115.0,115.0,-303.86395116485346,303.86395116485346,92333.30081751644
2018-02-04 15:00:00,15,6,0,3508,3686.0,2892.0,3906.4749802738206,-178.0,178.0,-398.4749802738206,398.4749802738206,158782.30990422174
2018-02-04 16:00:00,16,6,0,3630,3508.0,2892.0,3652.833187077613,122.0,122.0,-22.83318707761282,22.83318707761282,521.3544321212651
2018-02-04 17:00:00,17,6,1,2975,3630.0,2935.0,3341.1282664464115,-655.0,655.0,-366.12826644641154,366.12826644641154,134049.90749105453
2018-02-04 18:00:00,18,6,1,2052,2975.0,2935.0,3032.838802610401,-923.0,923.0,-980.8388026104012,980.8388026104012,962044.7567062055
2018-02-04 19:00:00,19,6,1,1720,2052.0,2935.0,2022.2490179455335,-332.0,332.0,-302.2490179455335,302.2490179455335,91354.46884903945
2018-02-04 20:00:00,20,6,0,1855,1720.0,1536.0,1923.3310286390854,135.0,135.0,-68.33102863908539,68.33102863908539,4669.129474875507
2018-02-04 21:00:00,21,6,0,2438,1855.0,1536.0,1981.735543636307,583.0,583.0,456.26445636369294,456.26445636369294,208177.25414085627
2018-02-04 22:00:00,22,6,0,2382,2438.0,1536.0,1949.9107908743808,-56.0,56.0,432.08920912561916,432.08920912561916,186701.08464280306
2018-02-04 23:00:00,23,6,0,1321,2382.0,986.0,1675.7294918151943,-1061.0,1061.0,-354.72949181519425,354.72949181519425,125833.01236346597
2018-02-05 00:00:00,0,0,0,836,1321.0,986.0,746.667847369813,-485.0,485.0,89.33215263018701,89.33215263018701,7980.233493543028
2018-02-05 01:00:00,1,0,0,505,836.0,986.0,500.5546895284305,-331.0,331.0,4.445310471569485,4.445310471569485,19.760785188645315
2018-02-05 02:00:00,2,0,0,411,505.0,670.0,340.006807226589,-94.0,94.0,70.99319277341101,70.99319277341101,5040.033420162697
2018-02-05 03:00:00,3,0,0,429,411.0,520.0,398.75339129425765,18.0,18.0,30.246608705742347,30.246608705742347,914.8573381982887
2018-02-05 04:00:00,4,0,0,925,429.0,524.0,797.1302847160919,496.0,496.0,127.86971528390814,127.86971528390814,16350.66408678773
2018-02-05 05:00:00,5,0,0,2657,925.0,648.0,2750.7441720365528,1732.0,1732.0,-93.74417203655275,93.74417203655275,8787.969790818799
2018-02-05 06:00:00,6,0,0,4846,2657.0,1046.0,5441.444850639152,2189.0,2189.0,-595.4448506391518,595.4448506391518,354554.5701526818
2018-02-05 07:00:00,7,0,1,6026,4846.0,1320.0,5473.468810972902,1180.0,1180.0,552.5311890270978,552.5311890270978,305290.7148476984
2018-02-05 08:00:00,8,0,1,6048,6026.0,1857.0,5531.41184288211,22.0,22.0,516.5881571178898,516.5881571178898,266863.3240744576
2018-02-05 09:00:00,9,0,1,4893,6048.0,2449.0,5031.236723281939,-1155.0,1155.0,-138.2367232819388,138.2367232819388,19109.391663727318
2018-02-05 10:00:00,10,0,0,4124,4893.0,3225.0,4422.5609366800745,-769.0,769.0,-298.5609366800745,298.5609366800745,89138.63291128346
2018-02-05 11:00:00,11,0,0,4470,4124.0,3452.0,4298.1248635760685,346.0,346.0,171.8751364239315,171.8751364239315,29541.06252074507
2018-02-05 12:00:00,12,0,0,4450,4470.0,3735.0,4716.172034778837,-20.0,20.0,-266.17203477883686,266.17203477883686,70847.55209830633
2018-02-05 13:00:00,13,0,0,4303,4450.0,3801.0,4702.13138189267,-147.0,147.0,-399.1313818926701,399.1313818926701,159305.86001155246
2018-02-05 14:00:00,14,0,0,4884,4303.0,3686.0,4427.120737186805,581.0,581.0,456.87926281319506,456.87926281319506,208738.66078872856
2018-02-05 15:00:00,15,0,0,5441,4884.0,3508.0,5423.010483426646,557.0,557.0,17.989516573354194,17.989516573354194,323.6227065429852
2018-02-05 15:00:00,15,0,0,5441,5441.0,3630.0,5839.904672128161,0.0,0.0,-398.9046721281611,398.9046721281611,159124.93744567572
2018-02-05 16:00:00,16,0,0,6091,5441.0,2975.0,6256.06574383243,650.0,650.0,-165.0657438324297,165.0657438324297,27246.6997869533
2018-02-05 16:00:00,16,0,0,6091,6091.0,2052.0,6444.295386060149,0.0,0.0,-353.2953860601492,353.2953860601492,124817.62981138988
2018-02-05 17:00:00,17,0,1,5912,6091.0,1720.0,5788.119112901656,-179.0,179.0,123.88088709834392,123.88088709834392,15346.474188272632
2018-02-05 18:00:00,18,0,1,4263,5912.0,1855.0,4363.075149464125,-1649.0,1649.0,-100.07514946412539,100.07514946412539,10015.035540267036
2018-02-05 19:00:00,19,0,1,3098,4263.0,2438.0,3029.770837235508,-1165.0,1165.0,68.22916276449178,68.22916276449178,4655.2186515435105
2018-02-05 20:00:00,20,0,0,2587,3098.0,2382.0,2734.59273814227,-511.0,511.0,-147.5927381422698,147.5927381422698,21783.616352332625
2018-02-05 21:00:00,21,0,0,2136,2587.0,1321.0,2351.6384707424477,-451.0,451.0,-215.63847074244768,215.63847074244768,46499.95006414146
2018-02-05 22:00:00,22,0,0,1459,2136.0,836.0,1585.2455747015263,-677.0,677.0,-126.24557470152627,126.24557470152627,15937.945131718649
2018-02-05 23:00:00,23,0,0,887,1459.0,505.0,1006.1460648300614,-572.0,572.0,-119.14606483006139,119.14606483006139,14195.784764489192
2018-02-06 00:00:00,0,1,0,468,887.0,411.0,537.8096201013276,-419.0,419.0,-69.8096201013276,69.8096201013276,4873.383058691682
2018-02-06 01:00:00,1,1,0,334,468.0,429.0,337.44388357213234,-134.0,134.0,-3.4438835721323358,3.4438835721323358,11.860334058402977
2018-02-06 02:00:00,2,1,0,237,334.0,925.0,271.94150620311103,-97.0,97.0,-34.94150620311103,34.94150620311103,1220.9088557420469
2018-02-06 03:00:00,3,1,0,339,237.0,2657.0,352.438121417559,102.0,102.0,-13.438121417558989,13.438121417558989,180.5831072330576
2018-02-06 04:00:00,4,1,0,850,339.0,4846.0,849.436748125622,511.0,511.0,0.563251874378011,0.563251874378011,0.31725267399034274
2018-02-06 05:00:00,5,1,0,2801,850.0,6026.0,2717.156383786207,1951.0,1951.0,83.84361621379321,83.84361621379321,7029.751979805848
2018-02-06 06:00:00,6,1,0,5434,2801.0,6048.0,5642.043300930183,2633.0,2633.0,-208.04330093018325,208.04330093018325,43282.01506192679
2018-02-06 07:00:00,7,1,1,6067,5434.0,4893.0,6332.677637952252,633.0,633.0,-265.67763795225164,265.67763795225164,70584.60730788771
2018-02-06 08:00:00,8,1,1,5009,6067.0,4124.0,5581.501716883158,-1058.0,1058.0,-572.5017168831582,572.5017168831582,327758.2158341638
2018-02-06 09:00:00,9,1,1,5190,5009.0,4470.0,5056.770977390914,181.0,181.0,133.22902260908631,133.22902260908631,17749.972465372433
2018-02-06 10:00:00,10,1,0,4290,5190.0,4450.0,4464.895613667993,-900.0,900.0,-174.89561366799262,174.89561366799262,30588.475680303727
2018-02-06 11:00:00,11,1,0,4309,4290.0,4303.0,4513.987976749353,19.0,19.0,-204.98797674935304,204.98797674935304,42020.0706117933
2018-02-06 12:00:00,12,1,0,4741,4309.0,4884.0,4518.465590992891,432.0,432.0,222.5344090071094,222.5344090071094,49521.56319214345
2018-02-06 13:00:00,13,1,0,4621,4741.0,5441.0,4894.609774391263,-120.0,120.0,-273.6097743912633,273.6097743912633,74862.30864243799
2018-02-06 14:00:00,14,1,0,4987,4621.0,5441.0,4860.474612853799,366.0,366.0,126.52538714620096,126.52538714620096,16008.673592496034
2018-02-06 15:00:00,15,1,0,5710,4987.0,6091.0,5599.642953979629,723.0,723.0,110.35704602037094,110.35704602037094,12178.677606342271
2018-02-06 16:00:00,16,1,0,6770,5710.0,6091.0,6463.951312346929,1060.0,1060.0,306.0486876530713,306.0486876530713,93665.79921416719
2018-02-06 17:00:00,17,1,1,6207,6770.0,5912.0,6351.904777802697,-563.0,563.0,-144.90477780269703,144.90477780269703,20997.394630048995
2018-02-06 18:00:00,18,1,1,4612,6207.0,4263.0,4522.310146503693,-1595.0,1595.0,89.68985349630657,89.68985349630657,8044.269820188935
2018-02-06 19:00:00,19,1,1,3217,4612.0,3098.0,3207.3267833061864,-1395.0,1395.0,9.673216693813629,9.673216693813629,93.57112120547467
2018-02-06 20:00:00,20,1,0,2634,3217.0,2587.0,2818.8946472292714,-583.0,583.0,-184.8946472292714,184.8946472292714,34186.030574036726
2018-02-06 21:00:00,21,1,0,2407,2634.0,2136.0,2507.068896186751,-227.0,227.0,-100.06889618675086,100.06889618675086,10013.78398403472
2018-02-06 22:00:00,22,1,0,1652,2407.0,1459.0,1686.2968674540298,-755.0,755.0,-34.29686745402978,34.29686745402978,1176.2751171592872
2018-02-06 23:00:00,23,1,0,1120,1652.0,887.0,1166.7873983661293,-532.0,532.0,-46.78739836612931,46.78739836612931,2189.0606458708794
2018-02-07 00:00:00,0,2,0,549,1120.0,468.0,622.3509692687988,-571.0,571.0,-73.35096926879885,73.35096926879885,5380.364692672273
2018-02-07 01:00:00,1,2,0,346,549.0,334.0,347.4847482874382,-203.0,203.0,-1.484748287438208,1.484748287438208,2.2044774770506916
2018-02-07 01:00:00,1,2,0,346,346.0,237.0,309.20485378205217,0.0,0.0,36.79514621794783,36.79514621794783,1353.8827852001607
2018-02-07 02:00:00,2,2,0,259,346.0,339.0,272.811055243227,-87.0,87.0,-13.811055243226974,13.811055243226974,190.7452469314673
2018-02-07 02:00:00,2,2,0,259,259.0,850.0,271.0808297773531,0.0,0.0,-12.080829777353074,12.080829777353074,145.94644810938073
2018-02-07 03:00:00,3,2,0,337,259.0,2801.0,349.58767524215807,78.0,78.0,-12.58767524215807,12.58767524215807,158.44956800203923
2018-02-07 03:00:00,3,2,0,337,337.0,5434.0,350.4400220831323,0.0,0.0,-13.440022083132305,13.440022083132305,180.63419359508404
2018-02-07 04:00:00,4,2,0,865,337.0,6067.0,845.988346825146,528.0,528.0,19.01165317485402,19.01165317485402,361.4429564409369
2018-02-07 04:00:00,4,2,0,865,865.0,5009.0,858.2184234861966,0.0,0.0,6.781576513803429,6.781576513803429,45.98978001257028
2018-02-07 05:00:00,5,2,0,2776,865.0,5190.0,2724.197133648419,1911.0,1911.0,51.80286635158109,51.80286635158109,2683.536962239772
2018-02-07 05:00:00,5,2,0,2776,2776.0,4290.0,2777.663480700515,0.0,0.0,-1.6634807005148105,1.6634807005148105,2.7671680409852444
2018-02-07 06:00:00,6,2,0,4899,2776.0,4309.0,5710.06512968554,2123.0,2123.0,-811.0651296855403,811.0651296855403,657826.6445918224
2018-02-07 07:00:00,7,2,1,4967,4899.0,4741.0,5570.23480367939,68.0,68.0,-603.2348036793901,603.2348036793901,363892.2283701123
2018-02-07 07:00:00,7,2,1,4967,4967.0,4621.0,5644.64477204481,0.0,0.0,-677.6447720448105,677.6447720448105,459202.4370796631
2018-02-07 08:00:00,8,2,1,4915,4967.0,4987.0,5084.1391396916915,-52.0,52.0,-169.13913969169153,169.13913969169153,28608.04857564554
2018-02-07 08:00:00,8,2,1,4915,4915.0,5710.0,5042.232098138138,0.0,0.0,-127.2320981381381,127.2320981381381,16188.006796632804
2018-02-07 09:00:00,9,2,1,5343,4915.0,6770.0,5011.270630146634,428.0,428.0,331.7293698533658,331.7293698533658,110044.37482331117
2018-02-07 09:00:00,9,2,1,5343,5343.0,6207.0,5022.958793639135,0.0,0.0,320.04120636086463,320.04120636086463,102426.37376891755
2018-02-07 10:00:00,10,2,0,4364,5343.0,4612.0,4562.066359034005,-979.0,979.0,-198.06635903400456,198.06635903400456,39230.2825809872
2018-02-07 11:00:00,11,2,0,4466,4364.0,3217.0,4535.319105583315,102.0,102.0,-69.31910558331492,69.31910558331492,4805.138398870762
2018-02-07 12:00:00,12,2,0,4697,4466.0,2634.0,4731.758112509139,231.0,231.0,-34.75811250913921,34.75811250913921,1208.1263851979795
2018-02-07 13:00:00,13,2,0,4833,4697.0,2407.0,4892.376020448836,136.0,136.0,-59.37602044883624,59.37602044883624,3525.5118043406196
2018-02-07 14:00:00,14,2,0,5095,4833.0,1652.0,5136.525256831936,262.0,262.0,-41.52525683193562,41.52525683193562,1724.346954958216
2018-02-07 15:00:00,15,2,0,5658,5095.0,1120.0,5665.8128166138085,563.0,563.0,-7.812816613808536,7.812816613808536,61.040103441002685
2018-02-07 16:00:00,16,2,0,6531,5658.0,549.0,6421.018939887301,873.0,873.0,109.9810601126992,109.9810601126992,12095.833583513155
2018-02-07 17:00:00,17,2,1,6117,6531.0,346.0,6156.849210811739,-414.0,414.0,-39.849210811738885,39.849210811738885,1587.9596023184072
2018-02-07 18:00:00,18,2,1,4394,6117.0,346.0,4552.816783782981,-1723.0,1723.0,-158.81678378298056,158.81678378298056,25222.770811169998
2018-02-07 19:00:00,19,2,1,3307,4394.0,259.0,3152.720111341984,-1087.0,1087.0,154.2798886580158,154.2798886580158,23802.284044329754
2018-02-07 20:00:00,20,2,0,3037,3307.0,259.0,2888.668474385322,-270.0,270.0,148.33152561467796,148.33152561467796,22002.24149117786
2018-02-07 21:00:00,21,2,0,2463,3037.0,337.0,2756.399608757546,-574.0,574.0,-293.39960875754605,293.39960875754605,86083.33041908109
2018-02-07 22:00:00,22,2,0,1653,2463.0,337.0,1882.9248832714618,-810.0,810.0,-229.9248832714618,229.9248832714618,52865.45194739533
2018-02-07 23:00:00,23,2,0,973,1653.0,865.0,1190.7749419241338,-680.0,680.0,-217.77494192413383,217.77494192413383,47425.925330059865
2018-02-08 00:00:00,0,3,0,573,973.0,865.0,553.7794337699654,-400.0,400.0,19.220566230034592,19.220566230034592,369.43016620314614
2018-02-08 01:00:00,1,3,0,315,573.0,2776.0,355.99580956534714,-258.0,258.0,-40.995809565347145,40.995809565347145,1680.6564019182085
2018-02-08 02:00:00,2,3,0,233,315.0,2776.0,271.4581857704314,-82.0,82.0,-38.458185770431385,38.458185770431385,1479.032052753011
2018-02-08 03:00:00,3,3,0,340,233.0,4899.0,352.7157341643777,107.0,107.0,-12.715734164377693,12.715734164377693,161.68989533912207
2018-02-08 04:00:00,4,3,0,882,340.0,4967.0,849.1390080252881,542.0,542.0,32.86099197471185,32.86099197471185,1079.8447935620766
2018-02-08 05:00:00,5,3,0,2830,882.0,4967.0,2750.7441720365528,1948.0,1948.0,79.25582796344725,79.25582796344725,6281.486266171546
2018-02-08 06:00:00,6,3,0,5449,2830.0,4915.0,5669.34546441199,2619.0,2619.0,-220.34546441199018,220.34546441199018,48552.12368693563
2018-02-08 07:00:00,7,3,1,5954,5449.0,4915.0,6340.399083696796,505.0,505.0,-386.39908369679597,386.39908369679597,149304.25188172353
2018-02-08 08:00:00,8,3,1,5395,5954.0,5343.0,5575.331585081178,-559.0,559.0,-180.33158508117776,180.33158508117776,32519.480577890055
2018-02-08 09:00:00,9,3,1,5192,5395.0,5343.0,5115.0635396153075,-203.0,203.0,76.93646038469251,76.93646038469251,5919.21893652536
2018-02-08 09:00:00,9,3,1,5192,5192.0,4364.0,5055.334332152795,0.0,0.0,136.66566784720544,136.66566784720544,18677.504768122682
2018-02-08 10:00:00,10,3,0,4477,5192.0,4466.0,4593.048613062726,-715.0,715.0,-116.04861306272596,116.04861306272596,13467.28059378229
2018-02-08 10:00:00,10,3,0,4477,4477.0,4697.0,4524.458002156045,0.0,0.0,-47.45800215604504,47.45800215604504,2252.261968643176
2018-02-08 11:00:00,11,3,0,4686,4477.0,4833.0,4744.130308461966,209.0,209.0,-58.1303084619658,58.1303084619658,3379.1327618832925
2018-02-08 12:00:00,12,3,0,4896,4686.0,5095.0,4887.0179564261725,210.0,210.0,8.982043573827468,8.982043573827468,80.67710676213532
2018-02-08 13:00:00,13,3,0,4907,4896.0,5658.0,4949.755156912885,11.0,11.0,-42.75515691288456,42.75515691288456,1828.0034426453803
2018-02-08 14:00:00,14,3,0,4988,4907.0,6531.0,5170.673281921113,81.0,81.0,-182.6732819211129,182.6732819211129,33369.52792783039
2018-02-08 15:00:00,15,3,0,5852,4988.0,6117.0,5596.684274152646,864.0,864.0,255.31572584735386,255.31572584735386,65186.119864961154
2018-02-08 16:00:00,16,3,0,6883,5852.0,4394.0,6449.7760727494815,1031.0,1031.0,433.2239272505185,433.2239272505185,187682.97114236254
2018-02-08 17:00:00,17,3,1,6278,6883.0,3307.0,6417.663810357425,-605.0,605.0,-139.66381035742506,139.66381035742506,19505.97992355479
2018-02-08 18:00:00,18,3,1,4550,6278.0,3037.0,4717.506682930688,-1728.0,1728.0,-167.50668293068793,167.50668293068793,28058.48882644202
2018-02-08 19:00:00,19,3,1,3494,4550.0,2463.0,3457.0828444463473,-1056.0,1056.0,36.91715555365272,36.91715555365272,1362.8763741725918
2018-02-08 20:00:00,20,3,0,3094,3494.0,1653.0,3127.2782383125927,-400.0,400.0,-33.27823831259275,33.27823831259275,1107.4411451897158
2018-02-08 21:00:00,21,3,0,3530,3094.0,973.0,3007.273286583173,436.0,436.0,522.7267134168269,522.7267134168269,273243.2169195575
2018-02-08 22:00:00,22,3,0,3197,3530.0,573.0,3200.267530360922,-333.0,333.0,-3.2675303609221373,3.2675303609221373,10.676754659547953
2018-02-08 23:00:00,23,3,0,1305,3197.0,315.0,1627.1522001489298,-1892.0,1892.0,-322.15220014892975,322.15220014892975,103782.04006079609
2018-02-08 23:00:00,23,3,0,1305,1305.0,233.0,1115.3378343746185,0.0,0.0,189.66216562538148,189.66216562538148,35971.737069709634
2018-02-09 00:00:00,0,4,0,660,1305.0,340.0,721.0639202706104,-645.0,645.0,-61.063920270610424,61.063920270610424,3728.8023588154665
2018-02-09 01:00:00,1,4,0,389,660.0,882.0,409.430919346594,-271.0,271.0,-20.43091934659401,20.43091934659401,417.4224653470294
2018-02-09 02:00:00,2,4,0,287,389.0,2830.0,309.5812572609273,-102.0,102.0,-22.581257260927316,22.581257260927316,509.91317948418265
2018-02-09 03:00:00,3,4,0,340,287.0,5449.0,353.1596581347322,53.0,53.0,-13.159658134732183,13.159658134732183,173.1766022230229
2018-02-09 04:00:00,4,4,0,826,340.0,5954.0,804.0506542470367,486.0,486.0,21.949345752963268,21.949345752963268,481.77377898312665
2018-02-09 05:00:00,5,4,0,2651,826.0,5395.0,2717.0091464468264,1825.0,1825.0,-66.00914644682643,66.00914644682643,4357.207414638579
2018-02-09 06:00:00,6,4,0,5319,2651.0,5192.0,5422.182881148776,2668.0,2668.0,-103.18288114877578,103.18288114877578,10646.706962162387
2018-02-09 07:00:00,7,4,1,6499,5319.0,5192.0,6093.652344958715,1180.0,1180.0,405.3476550412852,405.3476550412852,164306.72144746874
2018-02-09 08:00:00,8,4,1,5467,6499.0,4477.0,5858.180145788253,-1032.0,1032.0,-391.18014578825296,391.18014578825296,153021.90645891885
2018-02-09 09:00:00,9,4,1,4975,5467.0,4477.0,5180.405880720218,-492.0,492.0,-205.4058807202182,205.4058807202182,42191.5758344485
2018-02-09 10:00:00,10,4,0,4513,4975.0,4686.0,4652.029627297744,-462.0,462.0,-139.0296272977439,139.0296272977439,19329.237266549575
2018-02-09 11:00:00,11,4,0,4913,4513.0,4896.0,4766.3666620599615,400.0,400.0,146.63333794003847,146.63333794003847,21501.335795437528
2018-02-09 12:00:00,12,4,0,5335,4913.0,4907.0,5075.406514140785,422.0,422.0,259.59348585921543,259.59348585921543,67388.77790053868
2018-02-09 13:00:00,13,4,0,5340,5335.0,4988.0,5308.530537946632,5.0,5.0,31.46946205336826,31.46946205336826,990.3270419283849
2018-02-09 14:00:00,14,4,0,5429,5340.0,5852.0,5549.207971585169,89.0,89.0,-120.2079715851687,120.2079715851687,14449.956432620727
2018-02-09 15:00:00,15,4,0,5861,5429.0,6883.0,5889.488520472917,432.0,432.0,-28.488520472917116,28.488520472917116,811.5957987358177
2018-02-09 16:00:00,16,4,0,6347,5861.0,6278.0,6145.7065356597095,486.0,486.0,201.29346434029048,201.29346434029048,40519.0587861158
2018-02-09 17:00:00,17,4,1,5833,6347.0,4550.0,5898.678696620111,-514.0,514.0,-65.67869662011071,65.67869662011071,4313.691189716543
2018-02-09 18:00:00,18,4,1,5021,5833.0,3494.0,4681.226001456574,-812.0,812.0,339.7739985434264,339.7739985434264,115446.37008618831
2018-02-09 19:00:00,19,4,1,3804,5021.0,3094.0,3720.0839982109487,-1217.0,1217.0,83.91600178905128,83.91600178905128,7041.895356260057
2018-02-09 20:00:00,20,4,0,3095,3804.0,3530.0,3258.8014248980985,-709.0,709.0,-163.8014248980985,163.8014248980985,26830.906798647404
2018-02-09 21:00:00,21,4,0,3092,3095.0,3197.0,3041.767409687518,-3.0,3.0,50.23259031248199,50.23259031248199,2523.313129501659
2018-02-09 22:00:00,22,4,0,2485,3092.0,1305.0,2838.7838783219718,-607.0,607.0,-353.78387832197177,353.78387832197177,125163.03256053572
2018-02-09 23:00:00,23,4,0,2126,2485.0,1305.0,1728.8407038352673,-359.0,359.0,397.1592961647327,397.1592961647327,157735.50653006588
2018-02-10 00:00:00,0,5,0,1102,2126.0,660.0,1306.2815831716484,-1024.0,1024.0,-204.28158317164844,204.28158317164844,41730.96522311512
2018-02-10 01:00:00,1,5,0,603,1102.0,389.0,716.4947162302491,-499.0,499.0,-113.49471623024908,113.49471623024908,12881.050612184765
2018-02-10 02:00:00,2,5,0,438,603.0,287.0,511.32608546666677,-165.0,165.0,-73.32608546666677,73.32608546666677,5376.7148098649195
2018-02-10 03:00:00,3,5,0,330,438.0,340.0,385.05325473254305,-108.0,108.0,-55.05325473254305,55.05325473254305,3030.860856646274
2018-02-10 04:00:00,4,5,0,389,330.0,826.0,341.8059018542062,59.0,59.0,47.19409814579382,47.19409814579382,2227.2828997948195
2018-02-10 05:00:00,5,5,0,688,389.0,2651.0,716.3735077057052,299.0,299.0,-28.37350770570515,28.37350770570515,805.0559395257096
2018-02-10 06:00:00,6,5,0,1164,688.0,5319.0,1236.9052260280184,476.0,476.0,-72.90522602801843,72.90522602801843,5315.171982196456
2018-02-10 07:00:00,7,5,1,1911,1164.0,6499.0,1807.71425689265,747.0,747.0,103.28574310735007,103.28574310735007,10667.944729237513
2018-02-10 08:00:00,8,5,1,3115,1911.0,5467.0,2740.8802315609537,1204.0,1204.0,374.1197684390463,374.1197684390463,139965.60113688564
2018-02-10 09:00:00,9,5,1,3653,3115.0,4975.0,3592.5169260852254,538.0,538.0,60.48307391477465,60.48307391477465,3658.2022301800935
2018-02-10 10:00:00,10,5,0,4161,3653.0,4513.0,3919.8415097952784,508.0,508.0,241.1584902047216,241.1584902047216,58157.417397820805
2018-02-10 11:00:00,11,5,0,4514,4161.0,4913.0,4319.012447775417,353.0,353.0,194.98755222458294,194.98755222458294,38020.14552253446
2018-02-10 12:00:00,12,5,0,5237,4514.0,5335.0,4649.838060577634,723.0,723.0,587.1619394223662,587.1619394223662,344759.1431062345
2018-02-10 13:00:00,13,5,0,4925,5237.0,5340.0,5278.206502180885,-312.0,312.0,-353.20650218088485,353.20650218088485,124754.83318285542
2018-02-10 14:00:00,14,5,0,5173,4925.0,5429.0,4757.226052789706,248.0,248.0,415.77394721029395,415.77394721029395,172867.97517882832
2018-02-10 15:00:00,15,5,0,5030,5173.0,5861.0,4864.471202453023,-143.0,143.0,165.52879754697733,165.52879754697733,27399.78281734821
2018-02-10 16:00:00,16,5,0,4841,5030.0,6347.0,4943.937851780083,-189.0,189.0,-102.93785178008329,102.93785178008329,10596.201329098398
2018-02-10 17:00:00,17,5,1,4808,4841.0,5833.0,4691.779001650977,-33.0,33.0,116.22099834902292,116.22099834902292,13507.320457243588
2018-02-10 18:00:00,18,5,1,4803,4808.0,5021.0,4460.641941385257,-5.0,5.0,342.35805861474273,342.35805861474273,117209.04029845561
2018-02-10 19:00:00,19,5,1,4346,4803.0,3804.0,3735.9431192242705,-457.0,457.0,610.0568807757295,610.0568807757295,372169.39778181264
2018-02-10 20:00:00,20,5,0,3448,4346.0,3095.0,3332.9505013398766,-898.0,898.0,115.04949866012339,115.04949866012339,13236.387141945734
2018-02-10 21:00:00,21,5,0,3962,3448.0,3092.0,3303.0369136028694,514.0,514.0,658.9630863971306,658.9630863971306,434232.3492340322
2018-02-10 22:00:00,22,5,0,4180,3962.0,2485.0,3382.267852674208,218.0,218.0,797.7321473257921,797.7321473257921,636376.5788770192
2018-02-10 23:00:00,23,5,0,2459,4180.0,2126.0,2201.549095962249,-1721.0,1721.0,257.4509040377511,257.4509040377511,66280.96798985533
2018-02-11 00:00:00,0,6,0,1367,2459.0,1102.0,1450.2004923010252,-1092.0,1092.0,-83.20049230102518,83.20049230102518,6922.32191913295
2018-02-11 01:00:00,1,6,0,761,1367.0,603.0,877.1365376937798,-606.0,606.0,-116.13653769377981,116.13653769377981,13487.69538749874
2018-02-11 02:00:00,2,6,0,488,761.0,438.0,590.7944785046018,-273.0,273.0,-102.79447850460178,102.79447850460178,10566.704811033038
2018-02-11 03:00:00,3,6,0,302,488.0,330.0,379.6970534255043,-186.0,186.0,-77.6970534255043,77.6970534255043,6036.832111005669
2018-02-11 04:00:00,4,6,0,254,302.0,389.0,281.47036750692683,-48.0,48.0,-27.470367506926834,27.470367506926834,754.6210909656216
2018-02-11 05:00:00,5,6,0,431,254.0,688.0,450.6248754097711,177.0,177.0,-19.624875409771107,19.624875409771107,385.13573484903867
2018-02-11 06:00:00,6,6,0,789,431.0,1164.0,811.6442183237116,358.0,358.0,-22.644218323711584,22.644218323711584,512.7606234919155
2018-02-11 07:00:00,7,6,1,1607,789.0,1911.0,1306.8837312368526,818.0,818.0,300.11626876314745,300.11626876314745,90069.77477631374
2018-02-11 08:00:00,8,6,1,2817,1607.0,3115.0,2382.5299236717915,1210.0,1210.0,434.4700763282085,434.4700763282085,188764.24722463932
2018-02-11 09:00:00,9,6,1,3358,2817.0,3653.0,3526.3853000919985,541.0,541.0,-168.3853000919985,168.3853000919985,28353.609287072384
2018-02-11 10:00:00,10,6,0,3869,3358.0,4161.0,3692.0201755029098,511.0,511.0,176.97982449709025,176.97982449709025,31321.858279020867
2018-02-11 11:00:00,11,6,0,4223,3869.0,4514.0,4099.0155002225065,354.0,354.0,123.98449977749351,123.98449977749351,15372.156185075288
2018-02-11 12:00:00,12,6,0,4950,4223.0,5237.0,4413.120753086514,727.0,727.0,536.879246913486,536.879246913486,288239.3257663919
2018-02-11 13:00:00,13,6,0,4637,4950.0,4925.0,4946.01825948586,-313.0,313.0,-309.01825948585974,309.01825948585974,95492.28469567014
2018-02-11 14:00:00,14,6,0,4886,4637.0,5173.0,4714.243654078792,249.0,249.0,171.75634592120787,171.75634592120787,29500.242364205616
2018-02-11 15:00:00,15,6,0,4629,4886.0,5030.0,4756.334329307549,-257.0,257.0,-127.33432930754861,127.33432930754861,16214.031420203233
2018-02-11 16:00:00,16,6,0,4678,4629.0,4841.0,4702.8122359930685,49.0,49.0,-24.812235993068498,24.812235993068498,615.6470549757239
2018-02-11 17:00:00,17,6,1,4276,4678.0,4808.0,4441.221403963052,-402.0,402.0,-165.22140396305167,165.22140396305167,27298.112327521907
2018-02-11 18:00:00,18,6,1,3846,4276.0,4803.0,4066.8268980473435,-430.0,430.0,-220.82689804734355,220.82689804734355,48764.518901211864
2018-02-11 19:00:00,19,6,1,2903,3846.0,4346.0,3396.987280665468,-943.0,943.0,-493.987280665468,493.987280665468,244023.43345926385
2018-02-11 20:00:00,20,6,0,2435,2903.0,3448.0,2499.633375337371,-468.0,468.0,-64.63337533737104,64.63337533737104,4177.473207501483
2018-02-11 21:00:00,21,6,0,1902,2435.0,3962.0,2278.291794483961,-533.0,533.0,-376.291794483961,376.291794483961,141595.51459595954
2018-02-11 22:00:00,22,6,0,1372,1902.0,4180.0,1620.6201429664593,-530.0,530.0,-248.6201429664593,248.6201429664593,61811.97548866266
2018-02-11 23:00:00,23,6,0,865,1372.0,2459.0,1037.4036986039378,-507.0,507.0,-172.40369860393776,172.40369860393776,29723.03529231741
2018-02-12 00:00:00,0,0,0,502,865.0,1367.0,532.5088531049199,-363.0,363.0,-30.508853104919922,30.508853104919922,930.7901177775819
2018-02-12 01:00:00,1,0,0,286,502.0,761.0,337.9375176315363,-216.0,216.0,-51.93751763153631,51.93751763153631,2697.505737726145
2018-02-12 02:00:00,2,0,0,230,286.0,488.0,271.0808297773531,-56.0,56.0,-41.080829777353074,41.080829777353074,1687.634575195859
2018-02-12 03:00:00,3,0,0,311,230.0,302.0,343.9149342436298,81.0,81.0,-32.91493424362977,32.91493424362977,1083.3928962624718
2018-02-12 04:00:00,4,0,0,809,311.0,254.0,801.153841509515,498.0,498.0,7.8461584904849815,7.8461584904849815,61.56220305780956
2018-02-12 05:00:00,5,0,0,2735,809.0,431.0,2712.643438818539,1926.0,1926.0,22.356561181461075,22.356561181461075,499.8158278604122
2018-02-12 06:00:00,6,0,0,5454,2735.0,789.0,5543.561230498819,2719.0,2719.0,-89.56123049881899,89.56123049881899,8021.214008462584
2018-02-12 07:00:00,7,0,1,6107,5454.0,1607.0,6340.1261900931295,653.0,653.0,-233.12619009312948,233.12619009312948,54347.82050733794
2018-02-12 08:00:00,8,0,1,5876,6107.0,2817.0,5562.342297710718,-231.0,231.0,313.6577022892816,313.6577022892816,98381.1542053916
2018-02-12 09:00:00,9,0,1,4941,5876.0,3358.0,5031.236723281939,-935.0,935.0,-90.2367232819388,90.2367232819388,8142.6662286611945
2018-02-12 10:00:00,10,0,0,4307,4941.0,3869.0,4443.758921541264,-634.0,634.0,-136.7589215412636,136.7589215412636,18703.00262112949
2018-02-12 11:00:00,11,0,0,4367,4307.0,4223.0,4518.465590992891,60.0,60.0,-151.4655909928906,151.4655909928906,22941.825254825624
2018-02-12 12:00:00,12,0,0,4545,4367.0,4950.0,4538.4827654289875,178.0,178.0,6.517234571012523,6.517234571012523,42.47434645360078
2018-02-12 13:00:00,13,0,0,4561,4545.0,4637.0,4784.863480612517,16.0,16.0,-223.86348061251738,223.86348061251738,50114.857951950944
2018-02-12 14:00:00,14,0,0,4998,4561.0,4886.0,4786.668182276316,437.0,437.0,211.33181772368425,211.33181772368425,44661.13718239651
2018-02-12 15:00:00,15,0,0,5525,4998.0,4629.0,5595.624965475282,527.0,527.0,-70.6249654752819,70.6249654752819,4987.88574838476
2018-02-12 16:00:00,16,0,0,6459,5525.0,4678.0,6299.993750002011,934.0,934.0,159.00624999798856,159.00624999798856,25282.987538422836
2018-02-12 17:00:00,17,0,1,5852,6459.0,4276.0,6144.395367038795,-607.0,607.0,-292.3953670387946,292.3953670387946,85495.05066575139
2018-02-12 18:00:00,18,0,1,4245,5852.0,3846.0,4323.908853893217,-1607.0,1607.0,-78.90885389321738,78.90885389321738,6226.607222741128
2018-02-12 19:00:00,19,0,1,3034,4245.0,2903.0,3047.411577254812,-1211.0,1211.0,-13.411577254812073,13.411577254812073,179.87040446179253
2018-02-12 20:00:00,20,0,0,2498,3034.0,2435.0,2658.141277999062,-536.0,536.0,-160.1412779990619,160.1412779990619,25645.22891917283
2018-02-12 21:00:00,21,0,0,2055,2498.0,1902.0,2312.968534127053,-443.0,443.0,-257.96853412705286,257.96853412705286,66547.76459966044
2018-02-12 22:00:00,22,0,0,1440,2055.0,1372.0,1534.1973144119913,-615.0,615.0,-94.19731441199133,94.19731441199133,8873.13404243155
2018-02-12 23:00:00,23,0,0,934,1440.0,865.0,988.0623506890267,-506.0,506.0,-54.062350689026744,54.062350689026744,2922.7377620233106
2018-02-13 00:00:00,0,1,0,498,934.0,502.0,538.8526961241204,-436.0,436.0,-40.85269612412037,40.85269612412037,1668.9427806097196
2018-02-13 01:00:00,1,1,0,300,498.0,286.0,337.24346478527195,-198.0,198.0,-37.243464785271954,37.243464785271954,1387.075669211792
2018-02-13 02:00:00,2,1,0,225,300.0,230.0,271.0808297773531,-75.0,75.0,-46.080829777353074,46.080829777353074,2123.4428729693896
2018-02-13 03:00:00,3,1,0,368,225.0,311.0,351.7155186297031,143.0,143.0,16.284481370296874,16.284481370296874,265.1843334995459
2018-02-13 04:00:00,4,1,0,885,368.0,809.0,835.8379088160302,517.0,517.0,49.16209118396978,49.16209118396978,2416.911209580959
2018-02-13 05:00:00,5,1,0,2885,885.0,2735.0,2750.7441720365528,2000.0,2000.0,134.25582796344725,134.25582796344725,18024.627342150743
2018-02-13 06:00:00,6,1,0,5675,2885.0,5454.0,5751.338627893296,2790.0,2790.0,-76.33862789329578,76.33862789329578,5827.586108631076
2018-02-13 07:00:00,7,1,1,6585,5675.0,6107.0,6374.2819334776095,910.0,910.0,210.71806652239047,210.71806652239047,44402.10355893458
2018-02-13 08:00:00,8,1,1,5915,6585.0,5876.0,5947.39647183169,-670.0,670.0,-32.39647183169018,32.39647183169018,1049.531387141495
2018-02-13 09:00:00,9,1,1,5060,5915.0,4941.0,5176.455034999984,-855.0,855.0,-116.45503499998358,116.45503499998358,13561.7751768474
2018-02-13 10:00:00,10,1,0,4423,5060.0,4307.0,4525.365391483508,-637.0,637.0,-102.36539148350766,102.36539148350766,10478.673373571784
2018-02-13 11:00:00,11,1,0,4722,4423.0,4367.0,4666.5503614687,299.0,299.0,55.44963853129957,55.44963853129957,3074.662413251782
2018-02-13 12:00:00,12,1,0,4825,4722.0,4545.0,4894.609774391263,103.0,103.0,-69.60977439126327,69.60977439126327,4845.520690802572
2018-02-13 13:00:00,13,1,0,4762,4825.0,4561.0,4942.243838871598,-63.0,63.0,-180.2438388715982,180.2438388715982,32487.841451170654
2018-02-13 14:00:00,14,1,0,5007,4762.0,4998.0,4911.450420298579,245.0,245.0,95.54957970142095,95.54957970142095,9129.722181118195
2018-02-13 15:00:00,15,1,0,5647,5007.0,5525.0,5605.823965627073,640.0,640.0,41.17603437292655,41.17603437292655,1695.4658066804288
2018-02-13 16:00:00,16,1,0,6587,5647.0,6459.0,6429.949567594154,940.0,940.0,157.05043240584564,157.05043240584564,24664.83831886309
2018-02-13 17:00:00,17,1,1,6308,6587.0,5852.0,6165.408538889027,-279.0,279.0,142.5914611109729,142.5914611109729,20332.324781762094
2018-02-13 18:00:00,18,1,1,4917,6308.0,4245.0,4598.336491260834,-1391.0,1391.0,318.663508739166,318.663508739166,101546.43180195653
2018-02-13 19:00:00,19,1,1,3424,4917.0,3034.0,3285.7537727900503,-1493.0,1493.0,138.24622720994967,138.24622720994967,19112.019337785026
2018-02-13 20:00:00,20,1,0,2979,3424.0,2498.0,2965.6532628718087,-445.0,445.0,13.346737128191307,13.346737128191307,178.13539196904034
2018-02-13 21:00:00,21,1,0,3680,2979.0,2055.0,2697.090902075194,701.0,701.0,982.9090979248058,982.9090979248058,966110.2947833554
2018-02-13 22:00:00,22,1,0,2908,3680.0,1440.0,2874.5214541280293,-772.0,772.0,33.47854587197071,33.47854587197071,1120.813033701647
2018-02-13 23:00:00,23,1,0,1107,2908.0,934.0,1187.8267468451547,-1801.0,1801.0,-80.82674684515473,80.82674684515473,6532.96300557073
2018-02-14 00:00:00,0,2,0,597,1107.0,498.0,622.9223377915071,-510.0,510.0,-25.92233779150706,25.92233779150706,671.9675965769952
2018-02-14 01:00:00,1,2,0,345,597.0,300.0,369.19294899661816,-252.0,252.0,-24.192948996618156,24.192948996618156,585.2987811529674
2018-02-14 02:00:00,2,2,0,283,345.0,225.0,272.25422342459535,-62.0,62.0,10.745776575404648,10.745776575404648,115.47171420851524
2018-02-14 03:00:00,3,2,0,348,283.0,368.0,353.1596581347322,65.0,65.0,-5.159658134732183,5.159658134732183,26.62207206730799
2018-02-14 03:00:00,3,2,0,348,348.0,885.0,357.3538244959355,0.0,0.0,-9.353824495935498,9.353824495935498,87.49403270076299
2018-02-14 04:00:00,4,2,0,882,348.0,2885.0,850.0034478135484,534.0,534.0,31.996552186451595,31.996552186451595,1023.7793518203204
2018-02-14 04:00:00,4,2,0,882,882.0,5675.0,885.8590091108687,0.0,0.0,-3.8590091108686693,3.8590091108686693,14.891951317767397
2018-02-14 05:00:00,5,2,0,2837,882.0,6585.0,2750.7441720365528,1955.0,1955.0,86.25582796344725,86.25582796344725,7440.0678576598075
2018-02-14 05:00:00,5,2,0,2837,2837.0,5915.0,2837.5314206071994,0.0,0.0,-0.5314206071993794,0.5314206071993794,0.2824078617561571
2018-02-14 06:00:00,6,2,0,5402,2837.0,5060.0,5691.873525374479,2565.0,2565.0,-289.87352537447896,289.87352537447896,84026.6607130287
2018-02-14 07:00:00,7,2,1,5826,5402.0,4423.0,6177.186036340392,424.0,424.0,-351.1860363403921,351.1860363403921,123331.6321204752
2018-02-14 07:00:00,7,2,1,5826,5826.0,4722.0,6444.218196360764,0.0,0.0,-618.2181963607636,618.2181963607636,382193.7383115557
2018-02-14 08:00:00,8,2,1,5572,5826.0,4825.0,5649.943154359166,-254.0,254.0,-77.94315435916633,77.94315435916633,6075.135311456829
2018-02-14 09:00:00,9,2,1,5194,5572.0,4762.0,5186.083727337555,-378.0,378.0,7.916272662445408,7.916272662445408,62.66737286618051
2018-02-14 10:00:00,10,2,0,4766,5194.0,5007.0,4563.404530393895,-428.0,428.0,202.59546960610533,202.59546960610533,41044.92430491835
2018-02-14 11:00:00,11,2,0,4842,4766.0,5647.0,4905.440270847407,76.0,76.0,-63.44027084740719,63.44027084740719,4024.667965192383
2018-02-14 12:00:00,12,2,0,4975,4842.0,6587.0,5045.146314120713,133.0,133.0,-70.14631412071321,70.14631412071321,4920.50538472177
2018-02-14 13:00:00,13,2,0,5027,4975.0,6308.0,4963.6046922186915,52.0,52.0,63.395307781308475,63.395307781308475,4018.965048686831
2018-02-14 14:00:00,14,2,0,5221,5027.0,4917.0,5295.692617168472,194.0,194.0,-74.69261716847177,74.69261716847177,5578.987059475884
2018-02-14 15:00:00,15,2,0,5696,5221.0,3424.0,5740.909541947479,475.0,475.0,-44.90954194747883,44.90954194747883,2016.8669579323605
2018-02-14 16:00:00,16,2,0,6660,5696.0,2979.0,6474.03130992487,964.0,964.0,185.96869007513033,185.96869007513033,34584.35368825988
2018-02-14 17:00:00,17,2,1,6154,6660.0,3680.0,6197.441151221424,-506.0,506.0,-43.44115122142375,43.44115122142375,1887.1336194426062
2018-02-14 18:00:00,18,2,1,4607,6154.0,2908.0,4603.401233921016,-1547.0,1547.0,3.5987660789842266,3.5987660789842266,12.951117291247504
2018-02-14 19:00:00,19,2,1,3268,4607.0,1107.0,3323.677925442823,-1339.0,1339.0,-55.677925442822925,55.677925442822925,3100.0313816165485
2018-02-14 20:00:00,20,2,0,2775,3268.0,597.0,2890.2615520404784,-493.0,493.0,-115.26155204047836,115.26155204047836,13285.225378779902
2018-02-14 21:00:00,21,2,0,2493,2775.0,345.0,2606.846316009296,-282.0,282.0,-113.84631600929606,113.84631600929606,12960.9836688885
2018-02-14 22:00:00,22,2,0,1772,2493.0,283.0,1824.1117005919516,-721.0,721.0,-52.1117005919516,52.1117005919516,2715.629338585209
2018-02-14 23:00:00,23,2,0,1122,1772.0,348.0,1218.000056592644,-650.0,650.0,-96.00005659264389,96.00005659264389,9216.01086579083
2018-02-15 00:00:00,0,3,0,639,1122.0,348.0,625.7711643849283,-483.0,483.0,13.228835615071716,13.228835615071716,175.00209173058988
2018-02-15 01:00:00,1,3,0,353,639.0,882.0,392.92198445254917,-286.0,286.0,-39.92198445254917,39.92198445254917,1593.7648426295775
2018-02-15 02:00:00,2,3,0,253,353.0,882.0,281.27136222100916,-100.0,100.0,-28.271362221009156,28.271362221009156,799.2699218315038
2018-02-15 03:00:00,3,3,0,353,253.0,2837.0,353.1596581347322,100.0,100.0,-0.15965813473218304,0.15965813473218304,0.025490719986159913
2018-02-15 04:00:00,4,3,0,889,353.0,2837.0,849.8073249076973,536.0,536.0,39.19267509230269,39.19267509230269,1536.0657808908038
2018-02-15 05:00:00,5,3,0,2862,889.0,5402.0,2750.7441720365528,1973.0,1973.0,111.25582796344725,111.25582796344725,12377.85925583217
2018-02-15 06:00:00,6,3,0,5454,2862.0,5826.0,5759.147151787715,2592.0,2592.0,-305.1471517877153,305.1471517877153,93114.78424415496
2018-02-15 07:00:00,7,3,1,6174,5454.0,5826.0,6355.182658811258,720.0,720.0,-181.18265881125808,181.18265881125808,32827.15585391675
2018-02-15 08:00:00,8,3,1,5488,6174.0,5572.0,5700.753845627626,-686.0,686.0,-212.7538456276261,212.7538456276261,45264.19882934376
2018-02-15 09:00:00,9,3,1,5630,5488.0,5194.0,5180.710630765413,142.0,142.0,449.28936923458696,449.28936923458696,201860.93730721303
2018-02-15 10:00:00,10,3,0,4508,5630.0,4766.0,4638.01990664749,-1122.0,1122.0,-130.01990664748973,130.01990664748973,16905.176124621947
2018-02-15 11:00:00,11,3,0,4644,4508.0,4842.0,4766.3666620599615,136.0,136.0,-122.36666205996153,122.36666205996153,14973.599983696828
2018-02-15 12:00:00,12,3,0,5034,4644.0,4975.0,4873.203982506202,390.0,390.0,160.796017493798,160.796017493798,25855.35924186579
2018-02-15 13:00:00,13,3,0,4960,5034.0,5027.0,4969.068403931005,-74.0,74.0,-9.068403931005378,9.068403931005378,82.23594985587378
2018-02-15 14:00:00,14,3,0,5248,4960.0,5221.0,5276.035409101136,288.0,288.0,-28.035409101135883,28.035409101135883,785.9841634680527
2018-02-15 15:00:00,15,3,0,5844,5248.0,5696.0,5746.720066366527,596.0,596.0,97.27993363347287,97.27993363347287,9463.385487732885
2018-02-15 16:00:00,16,3,0,6807,5844.0,6660.0,6591.93296591856,963.0,963.0,215.0670340814404,215.0670340814404,46253.82914858744
2018-02-15 17:00:00,17,3,1,6262,6807.0,6154.0,6416.571555573403,-545.0,545.0,-154.5715555734032,154.5715555734032,23892.365792381675
2018-02-15 18:00:00,18,3,1,4982,6262.0,4607.0,4727.298868777403,-1280.0,1280.0,254.7011312225968,254.7011312225968,64872.66624607048
2018-02-15 19:00:00,19,3,1,3463,4982.0,3268.0,3506.061187570688,-1519.0,1519.0,-43.06118757068816,43.06118757068816,1854.2658749979887
2018-02-15 20:00:00,20,3,0,3144,3463.0,2775.0,3066.9945785629425,-319.0,319.0,77.00542143705752,77.00542143705752,5929.834930698838
2018-02-15 21:00:00,21,3,0,3916,3144.0,2493.0,3010.240775888191,772.0,772.0,905.7592241118091,905.7592241118091,820399.7720636264
2018-02-15 22:00:00,22,3,0,2674,3916.0,1772.0,3283.245152788374,-1242.0,1242.0,-609.2451527883741,609.2451527883741,371179.6561961293
2018-02-15 23:00:00,23,3,0,1179,2674.0,1122.0,1495.4672543751024,-1495.0,1495.0,-316.46725437510236,316.46725437510236,100151.52309171575
2018-02-15 23:00:00,23,3,0,1179,1179.0,639.0,1047.8918268573173,0.0,0.0,131.10817314268274,131.10817314268274,17189.353064811676
2018-02-16 00:00:00,0,4,0,674,1179.0,353.0,643.2334390509743,-505.0,505.0,30.76656094902569,30.76656094902569,946.5812726301125
2018-02-16 01:00:00,1,4,0,387,674.0,253.0,427.3016253882199,-287.0,287.0,-40.30162538821992,40.30162538821992,1624.2210089324124
2018-02-16 02:00:00,2,4,0,273,387.0,353.0,308.63874647022857,-114.0,114.0,-35.63874647022857,35.63874647022857,1270.1202499692292
2018-02-16 03:00:00,3,4,0,369,273.0,889.0,353.1596581347322,96.0,96.0,15.840341865267817,15.840341865267817,250.9164304085563
2018-02-16 04:00:00,4,4,0,831,369.0,2862.0,812.9548411590774,462.0,462.0,18.045158840922568,18.045158840922568,325.6277575941259
2018-02-16 05:00:00,5,4,0,2676,831.0,5454.0,2717.0091464468264,1845.0,1845.0,-41.009146446826435,41.009146446826435,1681.7500922972572
2018-02-16 06:00:00,6,4,0,5122,2676.0,6174.0,5546.1743751413505,2446.0,2446.0,-424.17437514135054,424.17437514135054,179923.90052655517
2018-02-16 07:00:00,7,4,1,6444,5122.0,5488.0,6050.592843300148,1322.0,1322.0,393.40715669985184,393.40715669985184,154769.19094266178
2018-02-16 08:00:00,8,4,1,5589,6444.0,5630.0,5857.423748370403,-855.0,855.0,-268.4237483704028,268.4237483704028,72051.30868921732
2018-02-16 09:00:00,9,4,1,4764,5589.0,4508.0,5181.308499577339,-825.0,825.0,-417.3084995773388,417.3084995773388,174146.3838194898
2018-02-16 10:00:00,10,4,0,4646,4764.0,4644.0,4516.765891023397,-118.0,118.0,129.23410897660324,129.23410897660324,16701.45492297656
2018-02-16 11:00:00,11,4,0,4947,4646.0,5034.0,4873.203982506202,301.0,301.0,73.79601749379799,73.79601749379799,5445.852197944939
2018-02-16 12:00:00,12,4,0,5337,4947.0,4960.0,5087.880062842785,390.0,390.0,249.11993715721474,249.11993715721474,62060.74308921462
2018-02-16 13:00:00,13,4,0,5333,5337.0,5248.0,5308.530537946632,-4.0,4.0,24.46946205336826,24.46946205336826,598.7545731812293
2018-02-16 14:00:00,14,4,0,5224,5333.0,5844.0,5544.2321048055865,-109.0,109.0,-320.23210480558646,320.23210480558646,102548.60094821612
2018-02-16 15:00:00,15,4,0,5921,5224.0,6807.0,5746.720066366527,697.0,697.0,174.27993363347287,174.27993363347287,30373.495267287708
2018-02-16 16:00:00,16,4,0,6371,5921.0,6262.0,6206.729715973784,450.0,450.0,164.27028402621636,164.27028402621636,26984.726214053793
2018-02-16 17:00:00,17,4,1,5731,6371.0,4982.0,5976.015855071742,-640.0,640.0,-245.0158550717424,245.0158550717424,60032.76923653708
2018-02-16 18:00:00,18,4,1,4896,5731.0,3463.0,4641.525676567679,-835.0,835.0,254.4743234323214,254.4743234323214,64757.18128633772
2018-02-16 19:00:00,19,4,1,3687,4896.0,3144.0,3646.7513912487793,-1209.0,1209.0,40.24860875122067,40.24860875122067,1619.9505064088373
2018-02-16 20:00:00,20,4,0,3027,3687.0,3916.0,3147.4459712805738,-660.0,660.0,-120.44597128057376,120.44597128057376,14507.231997720799
2018-02-16 21:00:00,21,4,0,2903,3027.0,2674.0,2994.778111427313,-124.0,124.0,-91.77811142731298,91.77811142731298,8423.221737164276
2018-02-16 22:00:00,22,4,0,2591,2903.0,1179.0,2719.9744853120023,-312.0,312.0,-128.97448531200234,128.97448531200234,16634.41786149591
2018-02-16 23:00:00,23,4,0,1725,2591.0,1179.0,1876.7067530439153,-866.0,866.0,-151.70675304391534,151.70675304391534,23014.938919127515
2018-02-17 00:00:00,0,5,0,1068,1725.0,674.0,1146.212460115804,-657.0,657.0,-78.2124601158041,78.2124601158041,6117.1889173662485
2018-02-17 01:00:00,1,5,0,661,1068.0,387.0,716.9151120635823,-407.0,407.0,-55.91511206358234,55.91511206358234,3126.4997570829714
2018-02-17 02:00:00,2,5,0,538,661.0,273.0,560.6869957437361,-123.0,123.0,-22.686995743736134,22.686995743736134,514.6997758763015
2018-02-17 03:00:00,3,5,0,352,538.0,369.0,383.06406005406427,-186.0,186.0,-31.06406005406427,31.06406005406427,964.9758270425115
2018-02-17 04:00:00,4,5,0,386,352.0,831.0,375.86207116585683,34.0,34.0,10.137928834143167,10.137928834143167,102.77760104615145
2018-02-17 05:00:00,5,5,0,627,386.0,2676.0,710.9842924880217,241.0,241.0,-83.98429248802165,83.98429248802165,7053.36138471357
2018-02-17 06:00:00,6,5,0,1226,627.0,5122.0,1185.3644449873696,599.0,599.0,40.63555501263045,40.63555501263045,1651.2483311845156
2018-02-17 07:00:00,7,5,1,1831,1226.0,6444.0,1897.6195548992064,605.0,605.0,-66.61955489920638,66.61955489920638,4438.165094968373
2018-02-17 08:00:00,8,5,1,2826,1831.0,5589.0,2441.0050536078656,995.0,995.0,384.99494639213435,384.99494639213435,148221.10874748242
2018-02-17 08:00:00,8,5,1,2826,2826.0,4764.0,3522.752187303521,0.0,0.0,-696.7521873035212,696.7521873035212,485463.610512241
2018-02-17 09:00:00,9,5,1,3514,2826.0,4646.0,3530.5509302283094,688.0,688.0,-16.550930228309426,16.550930228309426,273.9332914223667
2018-02-17 09:00:00,9,5,1,3514,3514.0,4947.0,3853.439005866037,0.0,0.0,-339.43900586603695,339.43900586603695,115218.83870332346
2018-02-17 10:00:00,10,5,0,3977,3514.0,5337.0,3873.607538304111,463.0,463.0,103.39246169588887,103.39246169588887,10690.001135535847
2018-02-17 11:00:00,11,5,0,4526,3977.0,5333.0,4147.7604928519,549.0,549.0,378.2395071480996,378.2395071480996,143065.12476763732
2018-02-17 12:00:00,12,5,0,4933,4526.0,5224.0,4652.425861953877,407.0,407.0,280.57413804612315,280.57413804612315,78721.84694032498
2018-02-17 13:00:00,13,5,0,4792,4933.0,5921.0,4940.749443010787,-141.0,141.0,-148.74944301078722,148.74944301078722,22126.396796019435
2018-02-17 14:00:00,14,5,0,4881,4792.0,6371.0,4764.831825437561,89.0,89.0,116.16817456243916,116.16817456243916,13495.044781169338
2018-02-17 15:00:00,15,5,0,4912,4881.0,5731.0,4760.808446744489,31.0,31.0,151.19155325551128,151.19155325551128,22858.885775814102
2018-02-17 16:00:00,16,5,0,5935,4912.0,4896.0,4782.02491933307,1023.0,1023.0,1152.97508066693,1152.97508066693,1329351.5366389134
2018-02-17 17:00:00,17,5,1,4550,5935.0,3687.0,5319.020081844174,-1385.0,1385.0,-769.0200818441735,769.0200818441735,591391.8862796194
2018-02-17 18:00:00,18,5,1,4284,4550.0,3027.0,4220.38265669825,-266.0,266.0,63.617343301750225,63.617343301750225,4047.166368772744
2018-02-17 19:00:00,19,5,1,3489,4284.0,2903.0,3450.8632705960736,-795.0,795.0,38.13672940392644,38.13672940392644,1454.4101296283075
2018-02-17 20:00:00,20,5,0,2947,3489.0,2591.0,3136.259710968424,-542.0,542.0,-189.25971096842386,189.25971096842386,35819.238195851336
2018-02-17 21:00:00,21,5,0,3089,2947.0,1725.0,2949.797177895515,142.0,142.0,139.20282210448522,139.20282210448522,19377.42568185296
2018-02-17 22:00:00,22,5,0,2945,3089.0,1068.0,3051.185488252153,-144.0,144.0,-106.18548825215294,106.18548825215294,11275.35791534811
2018-02-17 23:00:00,23,5,0,1858,2945.0,661.0,2130.7584799244064,-1087.0,1087.0,-272.7584799244064,272.7584799244064,74397.18837067281
2018-02-18 00:00:00,0,6,0,1169,1858.0,538.0,1242.968586416902,-689.0,689.0,-73.9685864169021,73.9685864169021,5471.3517765147135
2018-02-18 01:00:00,1,6,0,733,1169.0,352.0,729.0376800864288,-436.0,436.0,3.96231991357115,3.96231991357115,15.699979097482487
2018-02-18 02:00:00,2,6,0,593,733.0,386.0,588.8542211673437,-140.0,140.0,4.145778832656333,4.145778832656333,17.18748212930131
2018-02-18 03:00:00,3,6,0,302,593.0,627.0,388.87854895617454,-291.0,291.0,-86.87854895617454,86.87854895617454,7547.882268730416
2018-02-18 04:00:00,4,6,0,284,302.0,1226.0,276.1309016026352,-18.0,18.0,7.86909839736478,7.86909839736478,61.92270958740895
2018-02-18 05:00:00,5,6,0,444,284.0,1831.0,461.0726339968706,160.0,160.0,-17.072633996870593,17.072633996870593,291.4748315911016
2018-02-18 06:00:00,6,6,0,742,444.0,2826.0,802.9152768738668,298.0,298.0,-60.91527687386679,60.91527687386679,3710.6709566198497
2018-02-18 07:00:00,7,6,1,1210,742.0,2826.0,1149.686442946156,468.0,468.0,60.31355705384408,60.31355705384408,3637.725164487305
2018-02-18 08:00:00,8,6,1,1889,1210.0,3514.0,1926.5763557207565,679.0,679.0,-37.57635572075651,37.57635572075651,1411.9825092528306
2018-02-18 09:00:00,9,6,1,2567,1889.0,3514.0,2733.9795615038415,678.0,678.0,-166.97956150384152,166.97956150384152,27882.173960015192
2018-02-18 10:00:00,10,6,0,3505,2567.0,3977.0,3345.1686676377017,938.0,938.0,159.83133236229833,159.83133236229833,25546.054804707474
2018-02-18 11:00:00,11,6,0,3826,3505.0,4526.0,3832.631667415113,321.0,321.0,-6.631667415113043,6.631667415113043,43.97901270467211
2018-02-18 12:00:00,12,6,0,4279,3826.0,4933.0,4089.1975595133194,453.0,453.0,189.80244048668055,189.80244048668055,36024.96641469991
2018-02-18 13:00:00,13,6,0,4388,4279.0,4792.0,4412.204340973608,109.0,109.0,-24.20434097360794,24.20434097360794,585.8501219666762
2018-02-18 14:00:00,14,6,0,4263,4388.0,4881.0,4450.106015529538,-125.0,125.0,-187.10601552953813,187.10601552953813,35008.66104733976
2018-02-18 15:00:00,15,6,0,4343,4263.0,4912.0,4399.2435399622245,80.0,80.0,-56.24353996222453,56.24353996222453,3163.3357874823478
2018-02-18 16:00:00,16,6,0,4424,4343.0,5935.0,4413.44416257032,81.0,81.0,10.555837429679741,10.555837429679741,111.4257038418278
2018-02-18 17:00:00,17,6,1,4136,4424.0,4550.0,4288.8932546647375,-288.0,288.0,-152.89325466473747,152.89325466473747,23376.347321976267
2018-02-18 18:00:00,18,6,1,3587,4136.0,4284.0,3875.6278662205154,-549.0,549.0,-288.62786622051544,288.62786622051544,83306.04515900776
2018-02-18 19:00:00,19,6,1,3038,3587.0,3489.0,3091.0598561072593,-549.0,549.0,-53.05985610725929,53.05985610725929,2815.3483301230613
2018-02-18 20:00:00,20,6,0,2522,3038.0,2947.0,2630.957883437237,-516.0,516.0,-108.95788343723689,108.95788343723689,11871.8203631225
2018-02-18 21:00:00,21,6,0,2044,2522.0,3089.0,2336.3412874809346,-478.0,478.0,-292.3412874809346,292.3412874809346,85463.42836601047
2018-02-18 22:00:00,22,6,0,1637,2044.0,2945.0,1635.6022125141772,-407.0,407.0,1.397787485822846,1.397787485822846,1.953809855522953
2018-02-18 23:00:00,23,6,0,1152,1637.0,1858.0,1284.167365742188,-485.0,485.0,-132.16736574218794,132.16736574218794,17468.212567229275
2018-02-19 00:00:00,0,0,0,623,1152.0,1169.0,632.7768787607429,-529.0,529.0,-9.776878760742875,9.776878760742875,95.58735830226513
2018-02-19 01:00:00,1,0,0,360,623.0,733.0,391.6252737647255,-263.0,263.0,-31.625273764725478,31.625273764725478,1000.1579406938336
2018-02-19 02:00:00,2,0,0,281,360.0,593.0,282.6042085372512,-79.0,79.0,-1.6042085372512247,1.6042085372512247,2.573485030989714
2018-02-19 03:00:00,3,0,0,340,281.0,302.0,338.1036075422416,59.0,59.0,1.8963924577583953,1.8963924577583953,3.596304353842927
2018-02-19 04:00:00,4,0,0,781,340.0,284.0,820.4122281159441,441.0,441.0,-39.41222811594412,39.41222811594412,1553.323725063216
2018-02-19 05:00:00,5,0,0,2432,781.0,444.0,2618.5740916732466,1651.0,1651.0,-186.57409167324658,186.57409167324658,34809.891683697024
2018-02-19 06:00:00,6,0,0,4228,2432.0,742.0,5100.131489316563,1796.0,1796.0,-872.1314893165627,872.1314893165627,760613.3346575258
2018-02-19 07:00:00,7,0,1,4740,4228.0,1210.0,4301.915934041859,512.0,512.0,438.08406595814085,438.08406595814085,191917.6488464167
2018-02-19 08:00:00,8,0,1,3905,4740.0,1889.0,4419.28583162239,-835.0,835.0,-514.2858316223901,514.2858316223901,264489.9166075334
2018-02-19 09:00:00,9,0,1,3344,3905.0,2567.0,3917.573397128747,-561.0,561.0,-573.5733971287468,573.5733971287468,328986.4418938111
2018-02-19 09:00:00,9,0,1,3344,3344.0,3505.0,3612.775969831855,0.0,0.0,-268.77596983185504,268.77596983185504,72240.52195905425
2018-02-19 09:00:00,9,0,1,3344,3344.0,3826.0,3612.775969831855,0.0,0.0,-268.77596983185504,268.77596983185504,72240.52195905425
2018-02-19 09:00:00,9,0,1,3344,3344.0,4279.0,3611.5791356522705,0.0,0.0,-267.57913565227045,267.57913565227045,71598.59383641616
2018-02-19 10:00:00,10,0,0,3226,3344.0,4388.0,3625.202030300925,-118.0,118.0,-399.2020303009249,399.2020303009249,159362.26099638056
2018-02-19 10:00:00,10,0,0,3226,3226.0,4263.0,3542.5039687169187,0.0,0.0,-316.50396871691873,316.50396871691873,100174.76221356027
2018-02-19 11:00:00,11,0,0,3239,3226.0,4343.0,3526.861246149785,13.0,13.0,-287.8612461497851,287.8612461497851,82864.09703490716
2018-02-19 11:00:00,11,0,0,3239,3239.0,4424.0,3528.389741845788,0.0,0.0,-289.3897418457882,289.3897418457882,83746.42268557193
2018-02-19 12:00:00,12,0,0,3484,3239.0,4136.0,3526.5256393553664,245.0,245.0,-42.525639355366366,42.525639355366366,1808.4300025826847
2018-02-19 12:00:00,12,0,0,3484,3484.0,3587.0,3759.4999310566777,0.0,0.0,-275.4999310566777,275.4999310566777,75900.21201223417
2018-02-19 13:00:00,13,0,0,3450,3484.0,3038.0,3718.569883085269,-34.0,34.0,-268.5698830852689,268.5698830852689,72129.782100435
2018-02-19 13:00:00,13,0,0,3450,3450.0,2522.0,3700.126098611354,0.0,0.0,-250.12609861135388,250.12609861135388,62563.065206536725
2018-02-19 14:00:00,14,0,0,3490,3450.0,2044.0,3696.801221662556,40.0,40.0,-206.80122166255615,206.80122166255615,42766.74528112568
2018-02-19 14:00:00,14,0,0,3490,3490.0,1637.0,3725.4578220175626,0.0,0.0,-235.45782201756265,235.45782201756265,55440.38594925421
2018-02-19 14:00:00,14,0,0,3490,3490.0,1152.0,3733.1329744472973,0.0,0.0,-243.13297444729733,243.13297444729733,59113.64326359014
2018-02-19 15:00:00,15,0,0,3426,3490.0,623.0,3746.8467985248776,-64.0,64.0,-320.8467985248776,320.8467985248776,102942.6681236634
2018-02-19 15:00:00,15,0,0,3426,3426.0,360.0,3734.9391886166536,0.0,0.0,-308.9391886166536,308.9391886166536,95443.42226311627
2018-02-19 16:00:00,16,0,0,3682,3426.0,281.0,3671.589491408347,256.0,256.0,10.41050859165307,10.41050859165307,108.37868913688239
2018-02-19 16:00:00,16,0,0,3682,3682.0,340.0,3808.9174937980715,0.0,0.0,-126.91749379807152,126.91749379807152,16108.050231983523
2018-02-19 17:00:00,17,0,1,3585,3682.0,781.0,3414.2998167761225,-97.0,97.0,170.7001832238775,170.7001832238775,29138.55255266535
2018-02-19 17:00:00,17,0,1,3585,3585.0,2432.0,3384.205576539237,0.0,0.0,200.79442346076303,200.79442346076303,40318.40049294022
2018-02-19 18:00:00,18,0,1,2659,3585.0,4228.0,3363.3373750430283,-926.0,926.0,-704.3373750430283,704.3373750430283,496091.13788250345
2018-02-19 18:00:00,18,0,1,2659,2659.0,4740.0,2766.3785172458192,0.0,0.0,-107.37851724581924,107.37851724581924,11530.1459659107
2018-02-19 19:00:00,19,0,1,2087,2659.0,3905.0,2464.2855630531744,-572.0,572.0,-377.2855630531744,377.2855630531744,142344.39608835086
2018-02-19 19:00:00,19,0,1,2087,2087.0,3344.0,2063.8067183953845,0.0,0.0,23.19328160461555,23.19328160461555,537.9283115909981
2018-02-19 20:00:00,20,0,0,1821,2087.0,3344.0,2065.3772251108912,-266.0,266.0,-244.37722511089123,244.37722511089123,59720.22815289921
2018-02-19 20:00:00,20,0,0,1821,1821.0,3344.0,1795.4413734493553,0.0,0.0,25.558626550644703,25.558626550644703,653.2433911553204
2018-02-19 21:00:00,21,0,0,1593,1821.0,3344.0,1795.4413734493553,-228.0,228.0,-202.4413734493553,202.4413734493553,40982.50968406133
2018-02-19 21:00:00,21,0,0,1593,1593.0,3226.0,1743.230928292783,0.0,0.0,-150.2309282927829,150.2309282927829,22569.331815711274
2018-02-19 22:00:00,22,0,0,1354,1593.0,3226.0,1443.3368751171315,-239.0,239.0,-89.33687511713151,89.33687511713151,7981.077255693952
2018-02-19 22:00:00,22,0,0,1354,1354.0,3239.0,1366.715476264716,0.0,0.0,-12.715476264716017,12.715476264716017,161.6833366385564
2018-02-19 23:00:00,23,0,0,817,1354.0,3239.0,995.9827401102389,-537.0,537.0,-178.98274011023886,178.98274011023886,32034.82125736931
2018-02-20 00:00:00,0,1,0,434,817.0,3484.0,538.2342777167981,-383.0,383.0,-104.23427771679815,104.23427771679815,10864.784651142603
2018-02-20 00:00:00,0,1,0,434,434.0,3484.0,484.9222037782388,0.0,0.0,-50.92220377823878,50.92220377823878,2593.070837632476
2018-02-20 01:00:00,1,1,0,269,434.0,3450.0,338.8996471598677,-165.0,165.0,-69.8996471598677,69.8996471598677,4885.960673074001
2018-02-20 02:00:00,2,1,0,234,269.0,3450.0,271.0808297773531,-35.0,35.0,-37.080829777353074,37.080829777353074,1374.9879369770345
2018-02-20 03:00:00,3,1,0,342,234.0,3490.0,337.2485293241703,108.0,108.0,4.751470675829694,4.751470675829694,22.576473583269486
2018-02-20 03:00:00,3,1,0,342,342.0,3490.0,342.39701266212285,0.0,0.0,-0.39701266212284736,0.39701266212284736,0.15761905388587016
2018-02-20 04:00:00,4,1,0,825,342.0,3490.0,813.073007046089,483.0,483.0,11.926992953911054,11.926992953911054,142.25316092264393
2018-02-20 04:00:00,4,1,0,825,825.0,3426.0,824.1917252640284,0.0,0.0,0.8082747359716222,0.8082747359716222,0.6533080488099957
2018-02-20 05:00:00,5,1,0,2690,825.0,3426.0,2717.0091464468264,1865.0,1865.0,-27.009146446826435,27.009146446826435,729.493991786117
2018-02-20 05:00:00,5,1,0,2690,2690.0,3682.0,2697.161084689821,0.0,0.0,-7.161084689821109,7.161084689821109,51.2811339347903
2018-02-20 06:00:00,6,1,0,4705,2690.0,3682.0,5419.148201416117,2015.0,2015.0,-714.1482014161174,714.1482014161174,510007.65358587547
2018-02-20 06:00:00,6,1,0,4705,4705.0,3585.0,4920.635136717548,0.0,0.0,-215.63513671754845,215.63513671754845,46498.51218719581
2018-02-20 07:00:00,7,1,1,4844,4705.0,3585.0,5061.817662366264,139.0,139.0,-217.8176623662639,217.8176623662639,47444.534038703736
2018-02-20 07:00:00,7,1,1,4844,4844.0,2659.0,5444.189372783614,0.0,0.0,-600.1893727836141,600.1893727836141,360227.2832023881
2018-02-20 08:00:00,8,1,1,4738,4844.0,2659.0,4740.715604188423,-106.0,106.0,-2.7156041884227307,2.7156041884227307,7.3745061081790775
2018-02-20 09:00:00,9,1,1,4707,4738.0,2087.0,4442.886140229001,-31.0,31.0,264.1138597709987,264.1138597709987,69756.13092313477
2018-02-20 09:00:00,9,1,1,4707,4707.0,2087.0,4446.014750542884,0.0,0.0,260.98524945711597,260.98524945711597,68113.30043419305
2018-02-20 10:00:00,10,1,0,4062,4707.0,1821.0,4358.354823299943,-645.0,645.0,-296.35482329994284,296.35482329994284,87826.18129314034
2018-02-20 10:00:00,10,1,0,4062,4062.0,1821.0,4214.761082774491,0.0,0.0,-152.76108277449111,152.76108277449111,23335.948410434925
2018-02-20 10:00:00,10,1,0,4062,4062.0,1593.0,4215.401792445874,0.0,0.0,-153.40179244587398,153.40179244587398,23532.109925606997
2018-02-20 11:00:00,11,1,0,4058,4062.0,1593.0,4258.078272424121,-4.0,4.0,-200.07827242412077,200.07827242412077,40031.315096220686
2018-02-20 11:00:00,11,1,0,4058,4058.0,1354.0,4253.068757761853,0.0,0.0,-195.0687577618528,195.0687577618528,38051.820254752405
2018-02-20 12:00:00,12,1,0,4407,4058.0,1354.0,4262.627231185945,349.0,349.0,144.37276881405523,144.37276881405523,20843.49637503664
2018-02-20 13:00:00,13,1,0,4439,4407.0,817.0,4613.914558394474,32.0,32.0,-174.91455839447372,174.91455839447372,30595.102738333757
2018-02-20 14:00:00,14,1,0,4786,4439.0,434.0,4721.733543378764,347.0,347.0,64.2664566212361,64.2664566212361,4130.177446649222
2018-02-20 15:00:00,15,1,0,5620,4786.0,434.0,5109.41525053604,834.0,834.0,510.5847494639602,510.5847494639602,260696.786385175
2018-02-20 16:00:00,16,1,0,6471,5620.0,269.0,6278.545976013029,851.0,851.0,192.45402398697115,192.45402398697115,37038.55134877767
2018-02-20 17:00:00,17,1,1,5888,6471.0,234.0,6153.077103852339,-583.0,583.0,-265.07710385233895,265.07710385233895,70265.87098674368
2018-02-20 18:00:00,18,1,1,4226,5888.0,342.0,4387.761505795126,-1662.0,1662.0,-161.76150579512614,161.76150579512614,26166.784757106627
2018-02-20 19:00:00,19,1,1,3012,4226.0,342.0,2998.620365431328,-1214.0,1214.0,13.379634568671918,13.379634568671918,179.01462119120058
2018-02-20 20:00:00,20,1,0,2601,3012.0,825.0,2722.6281984030416,-411.0,411.0,-121.62819840304155,121.62819840304155,14793.41864676964
2018-02-20 21:00:00,21,1,0,2591,2601.0,825.0,2539.126763716204,-10.0,10.0,51.873236283795904,51.873236283795904,2690.83264255452
2018-02-20 22:00:00,22,1,0,1592,2591.0,2690.0,1972.5115479535525,-999.0,999.0,-380.5115479535525,380.5115479535525,144789.0381260087
2018-02-20 23:00:00,23,1,0,965,1592.0,2690.0,1059.800313886853,-627.0,627.0,-94.80031388685302,94.80031388685302,8987.099513045858
2018-02-21 00:00:00,0,2,0,516,965.0,4705.0,545.238521745899,-449.0,449.0,-29.238521745898993,29.238521745898993,854.8911538854082
2018-02-21 01:00:00,1,2,0,359,516.0,4705.0,340.0750773423383,-157.0,157.0,18.924922657661682,18.924922657661682,358.1526975984765
2018-02-21 02:00:00,2,2,0,237,359.0,4844.0,282.33781524684775,-122.0,122.0,-45.337815246847754,45.337815246847754,2055.5174913573005
2018-02-21 03:00:00,3,2,0,354,237.0,4844.0,351.54919323642315,117.0,117.0,2.45080676357685,2.45080676357685,6.006453792394033
2018-02-21 04:00:00,4,2,0,886,354.0,4738.0,849.0623530204774,532.0,532.0,36.93764697952258,36.93764697952258,1364.3897643838338
2018-02-21 05:00:00,5,2,0,2858,886.0,4707.0,2750.7441720365528,1972.0,1972.0,107.25582796344725,107.25582796344725,11503.812632124593
2018-02-21 06:00:00,6,2,0,5569,2858.0,4707.0,5602.089417549557,2711.0,2711.0,-33.089417549556856,33.089417549556856,1094.9095537689213
2018-02-21 07:00:00,7,2,1,6045,5569.0,4062.0,6355.03255553305,476.0,476.0,-310.0325555330501,310.0325555330501,96120.18549035378
2018-02-21 08:00:00,8,2,1,5638,6045.0,4062.0,5554.1924389424175,-407.0,407.0,83.80756105758246,83.80756105758246,7023.707290420412
2018-02-21 09:00:00,9,2,1,5062,5638.0,4062.0,5063.095551870298,-576.0,576.0,-1.0955518702976406,1.0955518702976406,1.2002339005126583
2018-02-21 10:00:00,10,2,0,4553,5062.0,4058.0,4465.522805341392,-509.0,509.0,87.47719465860791,87.47719465860791,7652.259585339981
2018-02-21 11:00:00,11,2,0,4837,4553.0,4058.0,4785.68804573709,284.0,284.0,51.31195426291015,51.31195426291015,2632.916650278983
2018-02-21 12:00:00,12,2,0,5091,4837.0,4407.0,5045.048354676003,254.0,254.0,45.95164532399667,45.95164532399667,2111.5537079823853
2018-02-21 13:00:00,13,2,0,4632,5091.0,4439.0,5087.246810280859,-459.0,459.0,-455.2468102808589,455.2468102808589,207249.65827089633
2018-02-21 14:00:00,14,2,0,5130,4632.0,4786.0,4865.81154279814,498.0,498.0,264.1884572018598,264.1884572018598,69795.54091869891
2018-02-21 15:00:00,15,2,0,5364,5130.0,5620.0,5677.712751002008,234.0,234.0,-313.7127510020082,313.7127510020082,98415.690141248
2018-02-21 16:00:00,16,2,0,6795,5364.0,6471.0,5987.116329979015,1431.0,1431.0,807.8836700209849,807.8836700209849,652676.0242865757
2018-02-21 17:00:00,17,2,1,6282,6795.0,5888.0,6416.571555573403,-513.0,513.0,-134.5715555734032,134.5715555734032,18109.503569445547
2018-02-21 18:00:00,18,2,1,4583,6282.0,4226.0,4647.94412597054,-1699.0,1699.0,-64.94412597053997,64.94412597053997,4217.739498077364
2018-02-21 19:00:00,19,2,1,3356,4583.0,3012.0,3298.2844032580365,-1227.0,1227.0,57.71559674196351,57.71559674196351,3331.090107280949
2018-02-21 20:00:00,20,2,0,2959,3356.0,2601.0,2952.1382364466103,-397.0,397.0,6.861763553389665,6.861763553389665,47.08379906262676
2018-02-21 21:00:00,21,2,0,2471,2959.0,2591.0,2704.938998553222,-488.0,488.0,-233.93899855322206,233.93899855322206,54727.45504408443
2018-02-21 22:00:00,22,2,0,1749,2471.0,1592.0,1878.5277986035996,-722.0,722.0,-129.52779860359965,129.52779860359965,16777.45061109467
2018-02-21 23:00:00,23,2,0,1029,1749.0,965.0,1156.6605629955752,-720.0,720.0,-127.66056299557522,127.66056299557522,16297.21934434723
2018-02-22 00:00:00,0,3,0,528,1029.0,516.0,557.7440169501516,-501.0,501.0,-29.744016950151604,29.744016950151604,884.7065443309059
2018-02-22 01:00:00,1,3,0,338,528.0,359.0,345.8477554667808,-190.0,190.0,-7.847755466780825,7.847755466780825,61.58726586638832
2018-02-22 02:00:00,2,3,0,245,338.0,237.0,272.0993276622015,-93.0,93.0,-27.099327662201517,27.099327662201517,734.3735597433604
2018-02-22 03:00:00,3,3,0,339,245.0,354.0,352.86780464491756,94.0,94.0,-13.867804644917555,13.867804644917555,192.31600566959693
2018-02-22 04:00:00,4,3,0,853,339.0,886.0,849.6804270262807,514.0,514.0,3.319572973719346,3.319572973719346,11.019564727847902
2018-02-22 05:00:00,5,3,0,2854,853.0,2858.0,2717.156383786207,2001.0,2001.0,136.8436162137932,136.8436162137932,18726.17529846793
2018-02-22 06:00:00,6,3,0,5466,2854.0,5569.0,5757.016919019856,2612.0,2612.0,-291.0169190198558,291.0169190198558,84690.8471558093
2018-02-22 07:00:00,7,3,1,6559,5466.0,6045.0,6367.087835893751,1093.0,1093.0,191.9121641062493,191.9121641062493,36830.27873194396
2018-02-22 08:00:00,8,3,1,5837,6559.0,5638.0,5941.15790271408,-722.0,722.0,-104.15790271407968,104.15790271407968,10848.868697795688
2018-02-22 09:00:00,9,3,1,5428,5837.0,5062.0,5184.925059158736,-409.0,409.0,243.07494084126392,243.07494084126392,59085.42686498396
2018-02-22 10:00:00,10,3,0,4827,5428.0,4553.0,4642.231802560487,-601.0,601.0,184.76819743951273,184.76819743951273,34139.28678504676
2018-02-22 11:00:00,11,3,0,5108,4827.0,4837.0,5050.822889248597,281.0,281.0,57.177110751403234,57.177110751403234,3269.2219938782314
2018-02-22 12:00:00,12,3,0,4980,5108.0,5091.0,5185.493045751838,-128.0,128.0,-205.4930457518376,205.4930457518376,42227.39185236682
2018-02-22 13:00:00,13,3,0,5174,4980.0,4632.0,4969.693749539547,194.0,194.0,204.30625046045316,204.30625046045316,41741.04397720942
2018-02-22 14:00:00,14,3,0,5353,5174.0,5130.0,5381.661581322265,179.0,179.0,-28.661581322265192,28.661581322265192,821.4862438928209
2018-02-22 15:00:00,15,3,0,6263,5353.0,5364.0,5764.335909115679,910.0,910.0,498.664090884321,498.664090884321,248665.87553748637
2018-02-22 16:00:00,16,3,0,6902,6263.0,6795.0,6597.889752077233,639.0,639.0,304.1102479227666,304.1102479227666,92483.04289164655
2018-02-22 17:00:00,17,3,1,5900,6902.0,6282.0,6418.518556876489,-1002.0,1002.0,-518.5185568764891,518.5185568764891,268861.4938252769
2018-02-22 18:00:00,18,3,1,4514,5900.0,4583.0,4701.846598581386,-1386.0,1386.0,-187.8465985813864,187.8465985813864,35286.344598596515
2018-02-22 19:00:00,19,3,1,3048,4514.0,3356.0,3435.7770360057843,-1466.0,1466.0,-387.77703600578434,387.77703600578434,150371.02965343135
2018-02-22 20:00:00,20,3,0,2736,3048.0,2959.0,2911.6877581495232,-312.0,312.0,-175.68775814952323,175.68775814952323,30866.188363605368
2018-02-22 20:00:00,20,3,0,2736,2736.0,2471.0,2686.1129079473967,0.0,0.0,49.88709205260329,49.88709205260329,2488.721953464915
2018-02-22 21:00:00,21,3,0,2247,2736.0,1749.0,2693.4763354286783,-489.0,489.0,-446.47633542867834,446.47633542867834,199341.1180978217
2018-02-22 21:00:00,21,3,0,2247,2247.0,1029.0,2198.4604210642706,0.0,0.0,48.53957893572942,48.53957893572942,2356.0907232579075
2018-02-22 22:00:00,22,3,0,1905,2247.0,528.0,1885.952910592162,-342.0,342.0,19.04708940783803,19.04708940783803,362.79161491017567
2018-02-22 22:00:00,22,3,0,1905,1905.0,338.0,1647.6442735307467,0.0,0.0,257.35572646925334,257.35572646925334,66231.96994651714
2018-02-22 23:00:00,23,3,0,1372,1905.0,245.0,1375.2363262155125,-533.0,533.0,-3.236326215512463,3.236326215512463,10.473807373213221
2018-02-22 23:00:00,23,3,0,1372,1372.0,339.0,1092.4346160107507,0.0,0.0,279.5653839892493,279.5653839892493,78156.80392505642
2018-02-22 23:00:00,23,3,0,1372,1372.0,853.0,1099.4532307848692,0.0,0.0,272.5467692151308,272.5467692151308,74281.74140960576
2018-02-23 00:00:00,0,4,0,632,1372.0,2854.0,799.4654618876722,-740.0,740.0,-167.46546188767218,167.46546188767218,28044.68092525138
2018-02-23 00:00:00,0,4,0,632,632.0,5466.0,610.4648422597843,0.0,0.0,21.53515774021571,21.53515774021571,463.76301889597255
2018-02-23 00:00:00,0,4,0,632,632.0,6559.0,610.4648422597843,0.0,0.0,21.53515774021571,21.53515774021571,463.76301889597255
2018-02-23 01:00:00,1,4,0,390,632.0,5837.0,404.35782269812296,-242.0,242.0,-14.357822698122959,14.357822698122959,206.14707263073484
2018-02-23 01:00:00,1,4,0,390,390.0,5428.0,340.27501713482343,0.0,0.0,49.72498286517657,49.72498286517657,2472.5739209421035
2018-02-23 01:00:00,1,4,0,390,390.0,4827.0,340.50352224441065,0.0,0.0,49.49647775558935,49.49647775558935,2449.901310209552
2018-02-23 02:00:00,2,4,0,309,390.0,5108.0,310.36165484321975,-81.0,81.0,-1.3616548432197533,1.3616548432197533,1.854103912063811
2018-02-23 02:00:00,2,4,0,309,309.0,4980.0,271.83903624034014,0.0,0.0,37.160963759659865,37.160963759659865,1380.9372275467538
2018-02-23 03:00:00,3,4,0,368,309.0,5174.0,344.73434744872196,59.0,59.0,23.265652551278038,23.265652551278038,541.2905886367903
2018-02-23 03:00:00,3,4,0,368,368.0,5353.0,372.1618810662114,0.0,0.0,-4.161881066211379,4.161881066211379,17.32125400928876
2018-02-23 04:00:00,4,4,0,830,368.0,6263.0,803.8684929844446,462.0,462.0,26.13150701555537,26.13150701555537,682.8556589040196
2018-02-23 04:00:00,4,4,0,830,830.0,6902.0,810.8771307467355,0.0,0.0,19.122869253264525,19.122869253264525,365.68412847744975
2018-02-23 05:00:00,5,4,0,2451,830.0,5900.0,2717.0091464468264,1621.0,1621.0,-266.00914644682643,266.00914644682643,70760.86599336915
2018-02-23 05:00:00,5,4,0,2451,2451.0,4514.0,2407.8123074638324,0.0,0.0,43.18769253616756,43.18769253616756,1865.1767865985432
2018-02-23 06:00:00,6,4,0,4627,2451.0,3048.0,4944.936205340981,2176.0,2176.0,-317.93620534098136,317.93620534098136,101083.43066662266
2018-02-23 06:00:00,6,4,0,4627,4627.0,2736.0,4880.989066988805,0.0,0.0,-253.98906698880455,253.98906698880455,64510.44614984345
2018-02-23 07:00:00,7,4,1,5240,4627.0,2736.0,5061.366701615181,613.0,613.0,178.63329838481877,178.63329838481877,31909.855291839696
2018-02-23 07:00:00,7,4,1,5240,5240.0,2247.0,5930.565326910141,0.0,0.0,-690.5653269101413,690.5653269101413,476880.47073051025
2018-02-23 08:00:00,8,4,1,4595,5240.0,2247.0,4812.612791928073,-645.0,645.0,-217.61279192807342,217.61279192807342,47355.327210730975
2018-02-23 09:00:00,9,4,1,4413,4595.0,1905.0,4429.378204676233,-182.0,182.0,-16.3782046762326,16.3782046762326,268.2455884165674
2018-02-23 10:00:00,10,4,0,4140,4413.0,1905.0,4438.48910178518,-273.0,273.0,-298.4891017851796,298.4891017851796,89095.74388452333
2018-02-23 11:00:00,11,4,0,4183,4140.0,1372.0,4279.479732779142,43.0,43.0,-96.47973277914207,96.47973277914207,9308.338837134661
2018-02-23 12:00:00,12,4,0,4732,4183.0,1372.0,4347.315686978292,549.0,549.0,384.68431302170757,384.68431302170757,147982.0206849831
2018-02-23 13:00:00,13,4,0,4786,4732.0,1372.0,4894.609774391263,54.0,54.0,-108.60977439126327,108.60977439126327,11796.083093321107
2018-02-23 14:00:00,14,4,0,5131,4786.0,632.0,4994.87193053288,345.0,345.0,136.12806946712044,136.12806946712044,18530.85129684517
2018-02-23 15:00:00,15,4,0,5631,5131.0,632.0,5668.215308333801,500.0,500.0,-37.21530833380075,37.21530833380075,1384.9791743798594
2018-02-23 16:00:00,16,4,0,6368,5631.0,632.0,6144.49462186174,737.0,737.0,223.5053781382603,223.5053781382603,49954.65405672673
2018-02-23 17:00:00,17,4,1,5681,6368.0,390.0,5973.1854996242355,-687.0,687.0,-292.1854996242355,292.1854996242355,85372.36619066412
2018-02-23 18:00:00,18,4,1,4876,5681.0,390.0,4614.612152216538,-805.0,805.0,261.38784778346235,261.38784778346235,68323.60696887049
2018-02-23 19:00:00,19,4,1,3751,4876.0,390.0,3650.245659263707,-1125.0,1125.0,100.75434073629322,100.75434073629322,10151.437177205074
2018-02-23 20:00:00,20,4,0,3124,3751.0,309.0,3247.9571989093733,-627.0,627.0,-123.95719890937335,123.95719890937335,15365.38716145795
2018-02-23 21:00:00,21,4,0,3015,3124.0,309.0,3032.2636801964736,-109.0,109.0,-17.263680196473615,17.263680196473615,298.03465392611525
2018-02-23 22:00:00,22,4,0,2528,3015.0,368.0,2930.1759118480813,-487.0,487.0,-402.17591184808134,402.17591184808134,161745.4640708357
2018-02-23 23:00:00,23,4,0,2105,2528.0,368.0,1834.1833679467768,-423.0,423.0,270.8166320532232,270.8166320532232,73341.64819665089
2018-02-23 23:00:00,23,4,0,2105,2105.0,830.0,1686.105383229597,0.0,0.0,418.894616770403,418.894616770403,175472.69995922278
2018-02-24 00:00:00,0,5,0,1043,2105.0,830.0,1335.2327525015312,-1062.0,1062.0,-292.2327525015312,292.2327525015312,85399.98163462119
2018-02-24 00:00:00,0,5,0,1043,1043.0,2451.0,1022.7254896759121,0.0,0.0,20.27451032408794,20.27451032408794,411.05576888154854
2018-02-24 01:00:00,1,5,0,712,1043.0,2451.0,727.4681805288459,-331.0,331.0,-15.468180528845892,15.468180528845892,239.26460887296716
2018-02-24 01:00:00,1,5,0,712,712.0,4627.0,696.3919768886666,0.0,0.0,15.60802311133341,15.60802311133341,243.61038544391783
2018-02-24 02:00:00,2,5,0,490,712.0,4627.0,589.9964038298742,-222.0,222.0,-99.99640382987423,99.99640382987423,9999.280778907285
2018-02-24 02:00:00,2,5,0,490,490.0,5240.0,439.0304158136493,0.0,0.0,50.96958418635069,50.96958418635069,2597.89851212949
2018-02-24 02:00:00,2,5,0,490,490.0,5240.0,440.35179718677665,0.0,0.0,49.64820281322335,49.64820281322335,2464.944042582959
2018-02-24 03:00:00,3,5,0,425,490.0,4595.0,388.7079601108482,-65.0,65.0,36.292039889151795,36.292039889151795,1317.112159315785
2018-02-24 03:00:00,3,5,0,425,425.0,4413.0,390.47756538553966,0.0,0.0,34.52243461446034,34.52243461446034,1191.7984917096892
2018-02-24 03:00:00,3,5,0,425,425.0,4140.0,389.8681795021036,0.0,0.0,35.1318204978964,35.1318204978964,1234.2448114964136
2018-02-24 04:00:00,4,5,0,404,425.0,4183.0,414.66083841798246,-21.0,21.0,-10.660838417982461,10.660838417982461,113.65347577433079
2018-02-24 04:00:00,4,5,0,404,404.0,4732.0,414.6934423409502,0.0,0.0,-10.693442340950185,10.693442340950185,114.34970909922616
2018-02-24 05:00:00,5,5,0,676,404.0,4786.0,691.0920911856045,272.0,272.0,-15.092091185604545,15.092091185604545,227.7712163546024
2018-02-24 05:00:00,5,5,0,676,676.0,5131.0,677.437124594713,0.0,0.0,-1.4371245947130546,1.4371245947130546,2.0653271007291614
2018-02-24 05:00:00,5,5,0,676,676.0,5631.0,680.4242051123796,0.0,0.0,-4.424205112379582,4.424205112379582,19.57359087640563
2018-02-24 06:00:00,6,5,0,1119,676.0,6368.0,1061.226101274602,443.0,443.0,57.77389872539811,57.77389872539811,3337.823373932558
2018-02-24 06:00:00,6,5,0,1119,1119.0,5681.0,1188.1729847695085,0.0,0.0,-69.1729847695085,69.1729847695085,4784.9018219226555
2018-02-24 06:00:00,6,5,0,1119,1119.0,4876.0,1183.3946178553667,0.0,0.0,-64.39461785536673,64.39461785536673,4146.666808738716
2018-02-24 07:00:00,7,5,1,1836,1119.0,3751.0,1244.0529958738066,717.0,717.0,591.9470041261934,591.9470041261934,350401.25569397566
2018-02-24 07:00:00,7,5,1,1836,1836.0,3124.0,2009.4267166301681,0.0,0.0,-173.42671663016813,173.42671663016813,30076.826041120636
2018-02-24 07:00:00,7,5,1,1836,1836.0,3015.0,2006.8923255294658,0.0,0.0,-170.89232552946578,170.89232552946578,29204.1869248689
2018-02-24 07:00:00,7,5,1,1836,1836.0,2528.0,2002.7873221064199,0.0,0.0,-166.78732210641988,166.78732210641988,27818.010815430658
2018-02-24 08:00:00,8,5,1,3018,1836.0,2105.0,2091.5922528646424,1182.0,1182.0,926.4077471353576,926.4077471353576,858231.3139524086
2018-02-24 08:00:00,8,5,1,3018,3018.0,2105.0,3402.6791570727482,0.0,0.0,-384.67915707274824,384.67915707274824,147978.0538862001
2018-02-24 08:00:00,8,5,1,3018,3018.0,1043.0,3410.47947449932,0.0,0.0,-392.4794744993201,392.4794744993201,154040.13790326242
2018-02-24 08:00:00,8,5,1,3018,3018.0,1043.0,3410.47947449932,0.0,0.0,-392.4794744993201,392.4794744993201,154040.13790326242
2018-02-24 09:00:00,9,5,1,3753,3018.0,712.0,3417.5182544385457,735.0,735.0,335.4817455614543,335.4817455614543,112548.00160496037
2018-02-24 09:00:00,9,5,1,3753,3753.0,712.0,3825.350331223374,0.0,0.0,-72.35033122337381,72.35033122337381,5234.5704281318995
2018-02-24 09:00:00,9,5,1,3753,3753.0,490.0,3825.350331223374,0.0,0.0,-72.35033122337381,72.35033122337381,5234.5704281318995
2018-02-24 10:00:00,10,5,0,4373,3753.0,490.0,3960.4227961305833,620.0,620.0,412.57720386941673,412.57720386941673,170219.94915270625
2018-02-24 10:00:00,10,5,0,4373,4373.0,490.0,4389.246984150246,0.0,0.0,-16.246984150246135,16.246984150246135,263.96449397834914
2018-02-24 11:00:00,11,5,0,4487,4373.0,425.0,4421.190068130772,114.0,114.0,65.80993186922842,65.80993186922842,4330.9471326324865
2018-02-24 12:00:00,12,5,0,4938,4487.0,425.0,4617.102563437647,451.0,451.0,320.8974365623526,320.8974365623526,102975.16479228911
2018-02-24 12:00:00,12,5,0,4938,4938.0,425.0,5066.505032740166,0.0,0.0,-128.50503274016592,128.50503274016592,16513.543439551115
2018-02-24 13:00:00,13,5,0,4744,4938.0,404.0,4940.321635524763,-194.0,194.0,-196.32163552476322,196.32163552476322,38542.18457511797
2018-02-24 13:00:00,13,5,0,4744,4744.0,404.0,4715.392794930907,0.0,0.0,28.607205069092743,28.607205069092743,818.3721818651255
2018-02-24 14:00:00,14,5,0,4831,4744.0,676.0,4715.392794930907,87.0,87.0,115.60720506909274,115.60720506909274,13365.025863887262
2018-02-24 15:00:00,15,5,0,3660,4831.0,676.0,4764.308306471655,-1171.0,1171.0,-1104.3083064716548,1104.3083064716548,1219496.835742294
2018-02-24 15:00:00,15,5,0,3660,3660.0,676.0,3831.787645107801,0.0,0.0,-171.78764510780093,171.78764510780093,29510.99501168376
2018-02-24 15:00:00,15,5,0,3660,3660.0,1119.0,3834.4809676990135,0.0,0.0,-174.4809676990135,174.4809676990135,30443.60808918419
2018-02-24 16:00:00,16,5,0,3247,3660.0,1119.0,3816.1689479255274,-413.0,413.0,-569.1689479255274,569.1689479255274,323953.2912826517
2018-02-24 16:00:00,16,5,0,3247,3247.0,1119.0,3199.172654734077,0.0,0.0,47.82734526592321,47.82734526592321,2287.4549551858277
2018-02-24 17:00:00,17,5,1,2709,3247.0,1836.0,3168.3341609154613,-538.0,538.0,-459.3341609154613,459.3341609154613,210987.8713839109
2018-02-24 17:00:00,17,5,1,2709,2709.0,1836.0,2804.345988412949,0.0,0.0,-95.34598841294883,95.34598841294883,9090.857506442171
2018-02-24 18:00:00,18,5,1,2677,2709.0,1836.0,2804.345988412949,-32.0,32.0,-127.34598841294883,127.34598841294883,16217.000764870896
2018-02-24 18:00:00,18,5,1,2677,2677.0,1836.0,2802.056117399816,0.0,0.0,-125.05611739981578,125.05611739981578,15639.032499116505
2018-02-24 19:00:00,19,5,1,2338,2677.0,3018.0,2625.103289083949,-339.0,339.0,-287.1032890839492,287.1032890839492,82428.29860282171
2018-02-24 19:00:00,19,5,1,2338,2338.0,3018.0,2297.6603765036284,0.0,0.0,40.33962349637159,40.33962349637159,1627.2852238290145
2018-02-24 19:00:00,19,5,1,2338,2338.0,3018.0,2297.5694499039123,0.0,0.0,40.4305500960877,40.4305500960877,1634.629381072257
2018-02-24 20:00:00,20,5,0,1520,2338.0,3018.0,2289.3307006455134,-818.0,818.0,-769.3307006455134,769.3307006455134,591869.7269557165
2018-02-24 20:00:00,20,5,0,1520,1520.0,3753.0,2141.3200976065255,0.0,0.0,-621.3200976065255,621.3200976065255,386038.6636897823
2018-02-24 21:00:00,21,5,0,1686,1520.0,3753.0,2130.4424699816454,166.0,166.0,-444.44246998164544,444.44246998164544,197529.1091233858
2018-02-24 21:00:00,21,5,0,1686,1686.0,3753.0,2060.221984130519,0.0,0.0,-374.2219841305191,374.2219841305191,140042.09340658248
2018-02-24 21:00:00,21,5,0,1686,1686.0,4373.0,2061.044459405244,0.0,0.0,-375.0444594052442,375.0444594052442,140658.34653057187
2018-02-24 22:00:00,22,5,0,1786,1686.0,4373.0,1585.857002947284,100.0,100.0,200.14299705271605,200.14299705271605,40057.219269243506
2018-02-24 22:00:00,22,5,0,1786,1786.0,4487.0,1636.9382498483194,0.0,0.0,149.0617501516806,149.0617501516806,22219.405358282052
2018-02-24 23:00:00,23,5,0,1162,1786.0,4938.0,1433.1827702640057,-624.0,624.0,-271.18277026400574,271.18277026400574,73540.09488806051
2018-02-24 23:00:00,23,5,0,1162,1162.0,4938.0,1013.0132551225572,0.0,0.0,148.9867448774428,148.9867448774428,22197.050149176226
2018-02-25 00:00:00,0,6,0,779,1162.0,4744.0,902.5862757423915,-383.0,383.0,-123.58627574239154,123.58627574239154,15273.567551874434
2018-02-25 00:00:00,0,6,0,779,779.0,4744.0,716.8564737868742,0.0,0.0,62.143526213125824,62.143526213125824,3861.8178502014566
2018-02-25 01:00:00,1,6,0,510,779.0,4831.0,688.0478212896498,-269.0,269.0,-178.04782128964985,178.04782128964985,31701.02666599109
2018-02-25 01:00:00,1,6,0,510,510.0,3660.0,454.90839971971747,0.0,0.0,55.091600280282535,55.091600280282535,3035.0844214424264
2018-02-25 02:00:00,2,6,0,381,510.0,3660.0,454.0508778427754,-129.0,129.0,-73.05087784277538,73.05087784277538,5336.430753600091
2018-02-25 02:00:00,2,6,0,381,381.0,3660.0,323.79545198241743,0.0,0.0,57.20454801758257,57.20454801758257,3272.3603138959097
2018-02-25 02:00:00,2,6,0,381,381.0,3247.0,323.79545198241743,0.0,0.0,57.20454801758257,57.20454801758257,3272.3603138959097
2018-02-25 03:00:00,3,6,0,254,381.0,3247.0,379.26216617004815,-127.0,127.0,-125.26216617004815,125.26216617004815,15690.610273612754
2018-02-25 03:00:00,3,6,0,254,254.0,2709.0,337.2485293241703,0.0,0.0,-83.2485293241703,83.2485293241703,6930.317634637243
2018-02-25 03:00:00,3,6,0,254,254.0,2709.0,337.2485293241703,0.0,0.0,-83.2485293241703,83.2485293241703,6930.317634637243
2018-02-25 04:00:00,4,6,0,251,254.0,2677.0,260.0553139157198,-3.0,3.0,-9.055313915719807,9.055313915719807,81.99871011222879
2018-02-25 05:00:00,5,6,0,407,251.0,2677.0,426.91690547046323,156.0,156.0,-19.916905470463234,19.916905470463234,396.68312351936834
2018-02-25 06:00:00,6,6,0,723,407.0,2338.0,779.5561686053479,316.0,316.0,-56.55616860534792,56.55616860534792,3198.600207316542
2018-02-25 07:00:00,7,6,1,947,723.0,2338.0,1080.6376741771553,224.0,224.0,-133.6376741771553,133.6376741771553,17859.02795947952
2018-02-25 08:00:00,8,6,1,1343,947.0,2338.0,1568.6819321684868,396.0,396.0,-225.6819321684868,225.6819321684868,50932.33450730148
2018-02-25 09:00:00,9,6,1,2014,1343.0,1520.0,2036.8414195816574,671.0,671.0,-22.84141958165742,22.84141958165742,521.730448505323
2018-02-25 10:00:00,10,6,0,2598,2014.0,1520.0,2730.3010740853556,584.0,584.0,-132.3010740853556,132.3010740853556,17503.57420413875
2018-02-25 11:00:00,11,6,0,3073,2598.0,1686.0,3151.0911269118365,475.0,475.0,-78.09112691183645,78.09112691183645,6098.2241023605475
2018-02-25 12:00:00,12,6,0,3719,3073.0,1686.0,3478.4432046489305,646.0,646.0,240.55679535106947,240.55679535106947,57867.571789576315
2018-02-25 13:00:00,13,6,0,3840,3719.0,1686.0,3924.095074361788,121.0,121.0,-84.09507436178819,84.09507436178819,7071.981531914686
2018-02-25 14:00:00,14,6,0,3865,3840.0,1786.0,4007.8711965073144,25.0,25.0,-142.87119650731438,142.87119650731438,20412.17879143164
2018-02-25 15:00:00,15,6,0,3974,3865.0,1786.0,4006.50518199414,109.0,109.0,-32.50518199414,32.50518199414,1056.5868564721634
2018-02-25 16:00:00,16,6,0,4262,3974.0,1162.0,4048.475254683497,288.0,288.0,213.52474531650296,213.52474531650296,45592.816862477455
2018-02-25 17:00:00,17,6,1,4131,4262.0,1162.0,4052.014769841218,-131.0,131.0,78.98523015878209,78.98523015878209,6238.666583235779
2018-02-25 18:00:00,18,6,1,3759,4131.0,779.0,3871.99698535042,-372.0,372.0,-112.99698535041989,112.99698535041989,12768.318698283007
2018-02-25 19:00:00,19,6,1,2950,3759.0,779.0,3287.9552415184216,-809.0,809.0,-337.95524151842164,337.95524151842164,114213.7452697747
2018-02-25 20:00:00,20,6,0,2604,2950.0,510.0,2568.745568318694,-346.0,346.0,35.25443168130596,35.25443168130596,1242.8749531718693
2018-02-25 21:00:00,21,6,0,2507,2604.0,510.0,2358.4016496983913,-97.0,97.0,148.59835030160866,148.59835030160866,22081.469712359598
2018-02-25 22:00:00,22,6,0,3097,2507.0,381.0,2556.9875678278904,590.0,590.0,540.0124321721096,540.0124321721096,291613.4269004373
2018-02-25 23:00:00,23,6,0,1239,3097.0,381.0,1824.3571789640257,-1858.0,1858.0,-585.3571789640257,585.3571789640257,342643.02696472243
2018-02-26 00:00:00,0,0,0,517,1239.0,381.0,685.5113678174279,-722.0,722.0,-168.51136781742787,168.51136781742787,28396.081083700465
2018-02-26 01:00:00,1,0,0,348,517.0,254.0,338.6933853140943,-169.0,169.0,9.306614685905686,9.306614685905686,86.61307691191539
2018-02-26 02:00:00,2,0,0,267,348.0,254.0,280.72896804678885,-81.0,81.0,-13.72896804678885,13.72896804678885,188.48456362974926
2018-02-26 03:00:00,3,0,0,336,267.0,254.0,337.36190978563326,69.0,69.0,-1.3619097856332587,1.3619097856332587,1.8547982642036287
2018-02-26 04:00:00,4,0,0,902,336.0,251.0,815.8344774218035,566.0,566.0,86.16552257819649,86.16552257819649,7424.497281173689
2018-02-26 05:00:00,5,0,0,2665,902.0,407.0,2750.7441720365528,1763.0,1763.0,-85.74417203655275,85.74417203655275,7352.063038233955
2018-02-26 06:00:00,6,0,0,5186,2665.0,723.0,5477.65594016534,2521.0,2521.0,-291.6559401653403,291.6559401653403,85063.18743372857
2018-02-26 07:00:00,7,0,1,6034,5186.0,947.0,5924.846087661039,848.0,848.0,109.15391233896116,109.15391233896116,11914.576578901619
2018-02-26 08:00:00,8,0,1,5602,6034.0,1343.0,5552.618212174234,-432.0,432.0,49.38178782576597,49.38178782576597,2438.560968868968
2018-02-26 09:00:00,9,0,1,5033,5602.0,2014.0,5031.236723281939,-569.0,569.0,1.7632767180612063,1.7632767180612063,3.109144784456699
2018-02-26 10:00:00,10,0,0,4472,5033.0,2598.0,4447.513645992739,-561.0,561.0,24.48635400726107,24.48635400726107,599.5815325689102
2018-02-26 11:00:00,11,0,0,4371,4472.0,3073.0,4719.347864140495,-101.0,101.0,-348.3478641404954,348.3478641404954,121346.23445124504
2018-02-26 12:00:00,12,0,0,4532,4371.0,3719.0,4452.2126233001,161.0,161.0,79.78737669990005,79.78737669990005,6366.025480651753
2018-02-26 13:00:00,13,0,0,4602,4532.0,3840.0,4774.49667374117,70.0,70.0,-172.49667374116962,172.49667374116962,29755.102451767514
2018-02-26 14:00:00,14,0,0,4875,4602.0,3865.0,4848.347077756524,273.0,273.0,26.652922243475587,26.652922243475587,710.3782641167556
2018-02-26 15:00:00,15,0,0,5389,4875.0,3974.0,5413.462736005895,514.0,514.0,-24.46273600589484,24.46273600589484,598.4254528941038
2018-02-26 16:00:00,16,0,0,6370,5389.0,4262.0,6008.283596565558,981.0,981.0,361.7164034344423,361.7164034344423,130838.75651354824
2018-02-26 17:00:00,17,0,1,5920,6370.0,4131.0,6101.8879681953895,-450.0,450.0,-181.88796819538948,181.88796819538948,33083.23297424701
2018-02-26 18:00:00,18,0,1,4442,5920.0,3759.0,4354.0230159519115,-1478.0,1478.0,87.97698404808853,87.97698404808853,7739.949722197623
2018-02-26 19:00:00,19,0,1,3086,4442.0,2950.0,3038.4424675827163,-1356.0,1356.0,47.55753241728371,47.55753241728371,2261.718889620991
2018-02-26 20:00:00,20,0,0,2642,3086.0,2604.0,2668.3561805688237,-444.0,444.0,-26.356180568823675,26.356180568823675,694.6482541764386
2018-02-26 21:00:00,21,0,0,2197,2642.0,2507.0,2369.9595632230626,-445.0,445.0,-172.95956322306256,172.95956322306256,29915.010510312575
2018-02-26 22:00:00,22,0,0,1528,2197.0,3097.0,1610.1441031464753,-669.0,669.0,-82.14410314647535,82.14410314647535,6747.6536817387805
2018-02-26 23:00:00,23,0,0,1008,1528.0,1239.0,989.2992101552646,-520.0,520.0,18.700789844735368,18.700789844735368,349.7195408169575
2018-02-27 00:00:00,0,1,0,529,1008.0,517.0,555.0427707417814,-479.0,479.0,-26.042770741781396,26.042770741781396,678.2259079089852
2018-02-27 01:00:00,1,1,0,329,529.0,348.0,344.23771135606984,-200.0,200.0,-15.237711356069838,15.237711356069838,232.1878473708997
2018-02-27 02:00:00,2,1,0,255,329.0,267.0,271.6448936112392,-74.0,74.0,-16.644893611239183,16.644893611239183,277.052483329471
2018-02-27 03:00:00,3,1,0,370,255.0,336.0,351.7155186297031,115.0,115.0,18.284481370296874,18.284481370296874,334.3222589807334
2018-02-27 04:00:00,4,1,0,878,370.0,902.0,850.2478936238803,508.0,508.0,27.75210637611974,27.75210637611974,770.179408311466
2018-02-27 04:00:00,4,1,0,878,878.0,2665.0,884.9647345762729,0.0,0.0,-6.964734576272917,6.964734576272917,48.507527717931495
2018-02-27 05:00:00,5,1,0,2884,878.0,5186.0,2750.7441720365528,2006.0,2006.0,133.25582796344725,133.25582796344725,17757.11568622385
2018-02-27 05:00:00,5,1,0,2884,2884.0,6034.0,2873.318733019873,0.0,0.0,10.68126698012702,10.68126698012702,114.0894643007518
2018-02-27 05:00:00,5,1,0,2884,2884.0,5602.0,2873.318733019873,0.0,0.0,10.68126698012702,10.68126698012702,114.0894643007518
2018-02-27 06:00:00,6,1,0,5418,2884.0,5033.0,5615.326599255648,2534.0,2534.0,-197.32659925564803,197.32659925564803,38937.78677379912
2018-02-27 06:00:00,6,1,0,5418,5418.0,4472.0,5486.511461342018,0.0,0.0,-68.51146134201826,68.51146134201826,4693.820335218863
2018-02-27 07:00:00,7,1,1,6318,5418.0,4371.0,6182.589837639922,900.0,900.0,135.41016236007817,135.41016236007817,18335.912070382732
2018-02-27 07:00:00,7,1,1,6318,6318.0,4532.0,6439.840089116675,0.0,0.0,-121.84008911667479,121.84008911667479,14845.007315959254
2018-02-27 08:00:00,8,1,1,5876,6318.0,4602.0,5875.996955341122,-442.0,442.0,0.003044658878025075,0.003044658878025075,9.269947683536909e-06
2018-02-27 08:00:00,8,1,1,5876,5876.0,4875.0,5739.026091771028,0.0,0.0,136.9739082289716,136.9739082289716,18761.851535518734
2018-02-27 09:00:00,9,1,1,5093,5876.0,5389.0,5186.083727337555,-783.0,783.0,-93.08372733755459,93.08372733755459,8664.580295052208
2018-02-27 09:00:00,9,1,1,5093,5093.0,6370.0,5059.95271611775,0.0,0.0,33.04728388224976,33.04728388224976,1092.1229719940047
2018-02-27 09:00:00,9,1,1,5093,5093.0,5920.0,5059.95271611775,0.0,0.0,33.04728388224976,33.04728388224976,1092.1229719940047
2018-02-27 10:00:00,10,1,0,4349,5093.0,4442.0,4535.990071940316,-744.0,744.0,-186.99007194031583,186.99007194031583,34965.28700424449
2018-02-27 10:00:00,10,1,0,4349,4349.0,3086.0,4505.06875664881,0.0,0.0,-156.06875664881045,156.06875664881045,24357.456801905617
2018-02-27 11:00:00,11,1,0,4607,4349.0,2642.0,4528.556812972085,258.0,258.0,78.44318702791497,78.44318702791497,6153.333591096448
2018-02-27 12:00:00,12,1,0,4901,4607.0,2197.0,4856.94766068346,294.0,294.0,44.05233931654038,44.05233931654038,1940.6085992596097
2018-02-27 13:00:00,13,1,0,4912,4901.0,1528.0,4947.901291697104,11.0,11.0,-35.90129169710417,35.90129169710417,1288.9027455205608
2018-02-27 14:00:00,14,1,0,5221,4912.0,1008.0,5187.490416769283,309.0,309.0,33.509583230717,33.509583230717,1122.8921682963498
2018-02-27 15:00:00,15,1,0,5755,5221.0,529.0,5746.720066366527,534.0,534.0,8.279933633472865,8.279933633472865,68.55730097471516
2018-02-27 16:00:00,16,1,0,6445,5755.0,329.0,6446.518590010103,690.0,690.0,-1.518590010103253,1.518590010103253,2.306115618785398
2018-02-27 17:00:00,17,1,1,6202,6445.0,255.0,6145.904214956876,-243.0,243.0,56.095785043124124,56.095785043124124,3146.7370996043883
2018-02-27 18:00:00,18,1,1,4430,6202.0,370.0,4599.298999682809,-1772.0,1772.0,-169.29899968280915,169.29899968280915,28662.151293599814
2018-02-27 19:00:00,19,1,1,3376,4430.0,878.0,3157.2882341724535,-1054.0,1054.0,218.71176582754651,218.71176582754651,47834.83651140354
2018-02-27 20:00:00,20,1,0,2891,3376.0,878.0,2971.0500053258515,-485.0,485.0,-80.05000532585154,80.05000532585154,6408.00335266886
2018-02-27 21:00:00,21,1,0,3376,2891.0,2884.0,2717.8067423780467,485.0,485.0,658.1932576219533,658.1932576219533,433218.364378999
2018-02-27 22:00:00,22,1,0,3003,3376.0,2884.0,2830.5777092102867,-373.0,373.0,172.42229078971332,172.42229078971332,29729.446361172457
2018-02-27 23:00:00,23,1,0,1151,3003.0,2884.0,1227.7284182053131,-1852.0,1852.0,-76.72841820531312,76.72841820531312,5887.250160289425
2018-02-28 00:00:00,0,2,0,602,1151.0,5418.0,633.5262823388541,-549.0,549.0,-31.526282338854116,31.526282338854116,993.9064781091449
2018-02-28 01:00:00,1,2,0,340,602.0,5418.0,376.64410633571237,-262.0,262.0,-36.644106335712365,36.644106335712365,1342.7905291429952
2018-02-28 02:00:00,2,2,0,294,340.0,6318.0,272.25422342459535,-46.0,46.0,21.745776575404648,21.745776575404648,472.8787988674175
2018-02-28 03:00:00,3,2,0,378,294.0,6318.0,353.2775105317414,84.0,84.0,24.722489468258573,24.722489468258573,611.201485508156
2018-02-28 04:00:00,4,2,0,887,378.0,5876.0,848.5992683544016,509.0,509.0,38.4007316455984,38.4007316455984,1474.6161909172622
2018-02-28 05:00:00,5,2,0,2873,887.0,5876.0,2750.7441720365528,1986.0,1986.0,122.25582796344725,122.25582796344725,14946.48747102801
2018-02-28 06:00:00,6,2,0,5649,2873.0,5093.0,5668.151526345721,2776.0,2776.0,-19.151526345721322,19.151526345721322,366.7809613708579
2018-02-28 07:00:00,7,2,1,6351,5649.0,5093.0,6359.636809367308,702.0,702.0,-8.63680936730816,8.63680936730816,74.59447604722199
2018-02-28 08:00:00,8,2,1,6007,6351.0,5093.0,5901.527245115679,-344.0,344.0,105.47275488432115,105.47275488432115,11124.502022888091
2018-02-28 09:00:00,9,2,1,5230,6007.0,4349.0,5156.001855842024,-777.0,777.0,73.99814415797573,73.99814415797573,5475.725338824558
2018-02-28 10:00:00,10,2,0,4561,5230.0,4349.0,4567.908799424903,-669.0,669.0,-6.908799424903009,6.908799424903009,47.731509493540145
2018-02-28 11:00:00,11,2,0,4860,4561.0,4607.0,4787.492747400888,299.0,299.0,72.50725259911178,72.50725259911178,5257.301679471402
2018-02-28 12:00:00,12,2,0,4936,4860.0,4901.0,5057.221399206817,76.0,76.0,-121.2213992068173,121.2213992068173,14694.627625658564
2018-02-28 13:00:00,13,2,0,5036,4936.0,4912.0,4963.413011760961,100.0,100.0,72.58698823903887,72.58698823903887,5268.870861614368
2018-02-28 14:00:00,14,2,0,5255,5036.0,5221.0,5311.31277392704,219.0,219.0,-56.312773927040325,56.312773927040325,3171.1285073579525
2018-02-28 15:00:00,15,2,0,5729,5255.0,5755.0,5746.720066366527,474.0,474.0,-17.720066366527135,17.720066366527135,314.00075203412615
2018-02-28 16:00:00,16,2,0,6563,5729.0,6445.0,6547.4931612928885,834.0,834.0,15.506838707111456,15.506838707111456,240.4620466883701
2018-02-28 17:00:00,17,2,1,6316,6563.0,6202.0,6165.71036099588,-247.0,247.0,150.28963900411964,150.28963900411964,22586.975591988597
2018-02-28 18:00:00,18,2,1,4877,6316.0,4430.0,4668.838735111298,-1439.0,1439.0,208.16126488870214,208.16126488870214,43331.11220006442
2018-02-28 19:00:00,19,2,1,3267,4877.0,3376.0,3364.7551444210444,-1610.0,1610.0,-97.7551444210444,97.7551444210444,9556.06826077925
2018-02-28 20:00:00,20,2,0,2939,3267.0,2891.0,2896.4656792635583,-328.0,328.0,42.534320736441714,42.534320736441714,1809.1684405104957
2018-02-28 21:00:00,21,2,0,2629,2939.0,3376.0,2741.9668200943215,-310.0,310.0,-112.96682009432152,112.96682009432152,12761.502442222803
2018-02-28 22:00:00,22,2,0,1780,2629.0,3003.0,1964.540883485686,-849.0,849.0,-184.54088348568598,184.54088348568598,34055.337677677526
2018-02-28 23:00:00,23,2,0,1102,1780.0,1151.0,1239.7929583016585,-678.0,678.0,-137.79295830165847,137.79295830165847,18986.89935752259
2018-03-01 00:00:00,0,3,0,600,1102.0,602.0,624.3835927567293,-502.0,502.0,-24.383592756729286,24.383592756729286,594.5595957260209
2018-03-01 01:00:00,1,3,0,369,600.0,340.0,371.0966218565647,-231.0,231.0,-2.0966218565646955,2.0966218565646955,4.39582320942479
2018-03-01 02:00:00,2,3,0,283,369.0,294.0,288.22776650072393,-86.0,86.0,-5.227766500723931,5.227766500723931,27.329542586091332
2018-03-01 03:00:00,3,3,0,385,283.0,378.0,353.1596581347322,102.0,102.0,31.840341865267817,31.840341865267817,1013.8073700971264
2018-03-01 04:00:00,4,3,0,919,385.0,887.0,864.3585001887382,534.0,534.0,54.64149981126184,54.64149981126184,2985.6935016241273
2018-03-01 05:00:00,5,3,0,2872,919.0,2873.0,2750.7441720365528,1953.0,1953.0,121.25582796344725,121.25582796344725,14702.975815101116
2018-03-01 06:00:00,6,3,0,5703,2872.0,5649.0,5769.541099514159,2831.0,2831.0,-66.54109951415921,66.54109951415921,4427.71792455324
2018-03-01 07:00:00,7,3,1,6275,5703.0,6351.0,6397.151539177754,572.0,572.0,-122.15153917775388,122.15153917775388,14920.99852349434
2018-03-01 08:00:00,8,3,1,5728,6275.0,6007.0,5866.46848714785,-547.0,547.0,-138.46848714785028,138.46848714785028,19173.521933014377
2018-03-01 09:00:00,9,3,1,5419,5728.0,5230.0,5184.925059158736,-309.0,309.0,234.07494084126392,234.07494084126392,54791.07792984121
2018-03-01 10:00:00,10,3,0,4555,5419.0,4561.0,4640.618771731535,-864.0,864.0,-85.61877173153516,85.61877173153516,7330.574072816725
2018-03-01 11:00:00,11,3,0,4875,4555.0,4860.0,4785.68804573709,320.0,320.0,89.31195426291015,89.31195426291015,7976.625174260154
2018-03-01 12:00:00,12,3,0,5080,4875.0,4936.0,5061.410083957814,205.0,205.0,18.589916042185905,18.589916042185905,345.58497845552085
2018-03-01 13:00:00,13,3,0,5210,5080.0,5036.0,5090.998407417319,130.0,130.0,119.00159258268104,119.00159258268104,14161.379037214407
2018-03-01 14:00:00,14,3,0,5328,5210.0,5255.0,5449.67656284199,118.0,118.0,-121.67656284198983,121.67656284198983,14805.185945040701
2018-03-01 15:00:00,15,3,0,5952,5328.0,5729.0,5748.535087676504,624.0,624.0,203.4649123234958,203.4649123234958,41397.97054680784
2018-03-01 16:00:00,16,3,0,6565,5952.0,6563.0,6590.941052743737,613.0,613.0,-25.94105274373669,25.94105274373669,672.9382174533289
2018-03-01 17:00:00,17,3,1,6236,6565.0,6316.0,6164.615349421806,-329.0,329.0,71.38465057819394,71.38465057819394,5095.768338170845
2018-03-01 18:00:00,18,3,1,4800,6236.0,4877.0,4822.76200563872,-1436.0,1436.0,-22.76200563872044,22.76200563872044,518.108900697141
2018-03-01 19:00:00,19,3,1,3709,4800.0,3267.0,3535.705204853251,-1091.0,1091.0,173.29479514674904,173.29479514674904,30031.086024953715
2018-03-01 20:00:00,20,3,0,3169,3709.0,2939.0,3233.3276599975757,-540.0,540.0,-64.32765999757567,64.32765999757567,4138.0478407636965
2018-03-01 21:00:00,21,3,0,2981,3169.0,2629.0,3032.359524546353,-188.0,188.0,-51.359524546352986,51.359524546352986,2637.800761627435
2018-03-01 22:00:00,22,3,0,2166,2981.0,1780.0,2551.6218207802444,-815.0,815.0,-385.62182078024443,385.62182078024443,148704.18866187095
2018-03-01 23:00:00,23,3,0,1266,2166.0,1102.0,1465.924586027818,-900.0,900.0,-199.9245860278179,199.9245860278179,39969.84009839436
2018-03-02 00:00:00,0,4,0,644,1266.0,600.0,731.5349737602658,-622.0,622.0,-87.53497376026576,87.53497376026576,7662.371631210414
2018-03-02 01:00:00,1,4,0,416,644.0,369.0,404.69192841717086,-228.0,228.0,11.308071582829143,11.308071582829143,127.872482922388
2018-03-02 02:00:00,2,4,0,295,416.0,283.0,320.5225699058949,-121.0,121.0,-25.522569905894898,25.522569905894898,651.4015746012918
2018-03-02 03:00:00,3,4,0,364,295.0,385.0,353.2775105317414,69.0,69.0,10.722489468258573,10.722489468258573,114.971780396916
2018-03-02 04:00:00,4,4,0,846,364.0,919.0,809.97717132724,482.0,482.0,36.022828672760056,36.022828672760056,1297.6441855870241
2018-03-02 04:00:00,4,4,0,846,846.0,2872.0,824.2278497296143,0.0,0.0,21.772150270385737,21.772150270385737,474.02652739625773
2018-03-02 05:00:00,5,4,0,2670,846.0,5703.0,2717.156383786207,1824.0,1824.0,-47.15638378620679,47.15638378620679,2223.7245317920265
2018-03-02 05:00:00,5,4,0,2670,2670.0,6275.0,2667.8901584159926,0.0,0.0,2.1098415840074267,2.1098415840074267,4.451431509606968
2018-03-02 06:00:00,6,4,0,5165,2670.0,5728.0,5503.832559170053,2495.0,2495.0,-338.8325591700532,338.8325591700532,114807.50315372758
2018-03-02 06:00:00,6,4,0,5165,5165.0,5419.0,5220.935725252373,0.0,0.0,-55.93572525237323,55.93572525237323,3128.8053595089846
2018-03-02 07:00:00,7,4,1,6497,5165.0,4555.0,6027.385862182846,1332.0,1332.0,469.6141378171542,469.6141378171542,220537.43843774908
2018-03-02 08:00:00,8,4,1,5636,6497.0,4875.0,5867.080955823159,-861.0,861.0,-231.08095582315855,231.08095582315855,53398.40814414455
2018-03-02 09:00:00,9,4,1,4945,5636.0,5080.0,5186.083727337555,-691.0,691.0,-241.0837273375546,241.0837273375546,58121.363586968364
2018-03-02 10:00:00,10,4,0,4858,4945.0,5210.0,4658.234765307143,-87.0,87.0,199.76523469285712,199.76523469285712,39906.14899189229
2018-03-02 11:00:00,11,4,0,5171,4858.0,5328.0,5058.723560056595,313.0,313.0,112.27643994340542,112.27643994340542,12605.998966365125
2018-03-02 12:00:00,12,4,0,5391,5171.0,5952.0,5334.642651501174,220.0,220.0,56.35734849882556,56.35734849882556,3176.1507298180754
2018-03-02 13:00:00,13,4,0,5390,5391.0,6565.0,5363.776100371003,-1.0,1.0,26.22389962899706,26.22389962899706,687.6929117517121
2018-03-02 14:00:00,14,4,0,5692,5390.0,6236.0,5587.139595243021,302.0,302.0,104.86040475697882,104.86040475697882,10995.704485797427
2018-03-02 15:00:00,15,4,0,6057,5692.0,4800.0,5852.989232859703,365.0,365.0,204.0107671402966,204.0107671402966,41620.39310917232
2018-03-02 16:00:00,16,4,0,6730,6057.0,3709.0,6363.102045026012,673.0,673.0,366.8979549739879,366.8979549739879,134614.10936409445
2018-03-02 17:00:00,17,4,1,6070,6730.0,3169.0,6154.901186239664,-660.0,660.0,-84.90118623966373,84.90118623966373,7208.211424902066
2018-03-02 18:00:00,18,4,1,4954,6070.0,2981.0,4812.942134451492,-1116.0,1116.0,141.05786554850783,141.05786554850783,19897.321433100915
2018-03-02 19:00:00,19,4,1,3996,4954.0,2166.0,3756.205549318018,-958.0,958.0,239.7944506819822,239.7944506819822,57501.37857787359
2018-03-02 20:00:00,20,4,0,3551,3996.0,1266.0,3312.5500143842364,-445.0,445.0,238.44998561576358,238.44998561576358,56858.39564015786
2018-03-02 21:00:00,21,4,0,3238,3551.0,644.0,3236.127981568239,-313.0,313.0,1.8720184317608073,1.8720184317608073,3.504453008852192
2018-03-02 22:00:00,22,4,0,2453,3238.0,416.0,2908.127159753784,-785.0,785.0,-455.12715975378387,455.12715975378387,207140.7315455463
2018-03-02 23:00:00,23,4,0,1798,2453.0,295.0,1749.6072299079678,-655.0,655.0,48.39277009203215,48.39277009203215,2341.8601971802814
2018-03-03 00:00:00,0,5,0,1516,1798.0,364.0,1216.821004790202,-282.0,282.0,299.1789952097979,299.1789952097979,89508.07117474428
2018-03-03 01:00:00,1,5,0,751,1516.0,846.0,904.8343953646852,-765.0,765.0,-153.83439536468518,153.83439536468518,23665.021197218273
2018-03-03 02:00:00,2,5,0,497,751.0,846.0,590.3756409949322,-254.0,254.0,-93.37564099493216,93.37564099493216,8719.010331214455
2018-03-03 03:00:00,3,5,0,365,497.0,2670.0,385.43646758093274,-132.0,132.0,-20.436467580932742,20.436467580932742,417.64920718651496
2018-03-03 04:00:00,4,5,0,457,365.0,2670.0,403.78715501965036,92.0,92.0,53.212844980349644,53.212844980349644,2831.606870902722
2018-03-03 05:00:00,5,5,0,686,457.0,5165.0,779.5265060669252,229.0,229.0,-93.52650606692521,93.52650606692521,8747.207337086598
2018-03-03 06:00:00,6,5,0,1174,686.0,5165.0,1238.2057128896563,488.0,488.0,-64.2057128896563,64.2057128896563,4122.373567668977
2018-03-03 07:00:00,7,5,1,2050,1174.0,6497.0,1834.9237965380441,876.0,876.0,215.07620346195586,215.07620346195586,46257.77329560863
2018-03-03 08:00:00,8,5,1,3029,2050.0,5636.0,3093.632984959284,979.0,979.0,-64.63298495928393,64.63298495928393,4177.422744747023
2018-03-03 09:00:00,9,5,1,3911,3029.0,4945.0,3593.5604261805856,882.0,882.0,317.43957381941436,317.43957381941436,100767.88302665143
2018-03-03 10:00:00,10,5,0,4598,3911.0,4858.0,4101.994746671117,687.0,687.0,496.00525332888265,496.00525332888265,246021.21132984906
2018-03-03 11:00:00,11,5,0,4766,4598.0,5171.0,4697.645542188718,168.0,168.0,68.35445781128237,68.35445781128237,4672.331902674382
2018-03-03 12:00:00,12,5,0,5023,4766.0,5391.0,4757.720831533201,257.0,257.0,265.2791684667991,265.2791684667991,70373.03722243637
2018-03-03 13:00:00,13,5,0,5240,5023.0,5390.0,4954.941282068907,217.0,217.0,285.05871793109327,285.05871793109327,81258.47266851859
2018-03-03 14:00:00,14,5,0,5040,5240.0,5692.0,5026.86452828029,-200.0,200.0,13.13547171971004,13.13547171971004,172.54061729930223
2018-03-03 15:00:00,15,5,0,4945,5040.0,6057.0,4980.716513718488,-95.0,95.0,-35.716513718488386,35.716513718488386,1275.669352202969
2018-03-03 16:00:00,16,5,0,4855,4945.0,6730.0,4949.525034368664,-90.0,90.0,-94.52503436866391,94.52503436866391,8934.982122397094
2018-03-03 17:00:00,17,5,1,4837,4855.0,6070.0,4700.669822260245,-18.0,18.0,136.33017773975462,136.33017773975462,18585.917362553086
2018-03-03 18:00:00,18,5,1,4396,4837.0,4954.0,4467.0528155490065,-441.0,441.0,-71.05281554900648,71.05281554900648,5048.502597441137
2018-03-03 19:00:00,19,5,1,3817,4396.0,3996.0,3532.8599574977957,-579.0,579.0,284.1400425022043,284.1400425022043,80735.56375315448
2018-03-03 20:00:00,20,5,0,3169,3817.0,3551.0,3296.861275927579,-648.0,648.0,-127.86127592757884,127.86127592757884,16348.505881828454
2018-03-03 21:00:00,21,5,0,3632,3169.0,3238.0,3143.85398550006,463.0,463.0,488.14601449994007,488.14601449994007,238286.5314721757
2018-03-03 22:00:00,22,5,0,3148,3632.0,2453.0,3287.5314286579433,-484.0,484.0,-139.53142865794325,139.53142865794325,19469.019583326706
2018-03-03 23:00:00,23,5,0,1934,3148.0,1798.0,2227.634579817492,-1214.0,1214.0,-293.63457981749207,293.63457981749207,86221.26646459512
2018-03-04 00:00:00,0,6,0,1216,1934.0,1516.0,1282.0848977730875,-718.0,718.0,-66.0848977730875,66.0848977730875,4367.213713679426
2018-03-04 01:00:00,1,6,0,756,1216.0,751.0,787.7124317048364,-460.0,460.0,-31.712431704836376,31.712431704836376,1005.6783246339114
2018-03-04 02:00:00,2,6,0,543,756.0,497.0,591.1128351479584,-213.0,213.0,-48.112835147958435,48.112835147958435,2314.8449059746245
2018-03-04 03:00:00,3,6,0,351,543.0,365.0,379.66804051287477,-192.0,192.0,-28.668040512874768,28.668040512874768,821.856546847829
2018-03-04 04:00:00,4,6,0,299,351.0,457.0,307.4009709087809,-52.0,52.0,-8.400970908780891,8.400970908780891,70.57631221018283
2018-03-04 04:00:00,4,6,0,299,299.0,686.0,275.9558902632212,0.0,0.0,23.044109736778807,23.044109736778807,531.0309935607038
2018-03-04 05:00:00,5,6,0,431,299.0,1174.0,482.63200493753504,132.0,132.0,-51.632004937535044,51.632004937535044,2665.863933869643
2018-03-04 06:00:00,6,6,0,733,431.0,2050.0,798.432426053912,302.0,302.0,-65.43242605391197,65.43242605391197,4281.402379300657
2018-03-04 06:00:00,6,6,0,733,733.0,3029.0,1089.417879671994,0.0,0.0,-356.4178796719939,356.4178796719939,127033.70494987992
2018-03-04 06:00:00,6,6,0,733,733.0,3911.0,1067.9055077514174,0.0,0.0,-334.9055077514174,334.9055077514174,112161.69912223471
2018-03-04 07:00:00,7,6,1,1149,733.0,4598.0,1117.334577009883,416.0,416.0,31.665422990116895,31.665422990116895,1002.6990131430235
2018-03-04 07:00:00,7,6,1,1149,1149.0,4766.0,1535.6348836664918,0.0,0.0,-386.63488366649176,386.63488366649176,149486.53326780163
2018-03-04 08:00:00,8,6,1,1840,1149.0,5023.0,1780.1512768801656,691.0,691.0,59.8487231198344,59.8487231198344,3581.8696590746013
2018-03-04 08:00:00,8,6,1,1840,1840.0,5240.0,2226.6752133352097,0.0,0.0,-386.6752133352097,386.6752133352097,149517.72060782995
2018-03-04 08:00:00,8,6,1,1840,1840.0,5040.0,2211.8209431667706,0.0,0.0,-371.8209431667706,371.8209431667706,138250.81377742684
2018-03-04 09:00:00,9,6,1,2434,1840.0,4945.0,2427.545652608047,594.0,594.0,6.454347391952979,6.454347391952979,41.65860025601022
2018-03-04 10:00:00,10,6,0,3193,2434.0,4855.0,2858.9591443045715,759.0,759.0,334.0408556954285,334.0408556954285,111583.29327373407
2018-03-04 10:00:00,10,6,0,3193,3193.0,4837.0,3510.6487879497963,0.0,0.0,-317.6487879497963,317.6487879497963,100900.75248597466
2018-03-04 11:00:00,11,6,0,3594,3193.0,4396.0,3509.116533406426,401.0,401.0,84.88346659357421,84.88346659357421,7205.20290094243
2018-03-04 11:00:00,11,6,0,3594,3594.0,3817.0,3780.4904154192586,0.0,0.0,-186.49041541925862,186.49041541925862,34778.675043247655
2018-03-04 12:00:00,12,6,0,4241,3594.0,3169.0,3780.4904154192586,647.0,647.0,460.5095845807414,460.5095845807414,212069.07749072698
2018-03-04 12:00:00,12,6,0,4241,4241.0,3632.0,4356.288401006139,0.0,0.0,-115.28840100613888,115.28840100613888,13291.415406552285
2018-03-04 13:00:00,13,6,0,4328,4241.0,3148.0,4353.8663726881405,87.0,87.0,-25.866372688140473,25.866372688140473,669.0692360417794
2018-03-04 14:00:00,14,6,0,4341,4328.0,1934.0,4404.3421955238855,13.0,13.0,-63.34219552388549,63.34219552388549,4012.2337337861395
2018-03-04 15:00:00,15,6,0,4226,4341.0,1216.0,4405.8347324338365,-115.0,115.0,-179.8347324338365,179.8347324338365,32340.530989549567
2018-03-04 16:00:00,16,6,0,4537,4226.0,756.0,4336.856432000621,311.0,311.0,200.14356799937923,200.14356799937923,40057.447811522135
2018-03-04 17:00:00,17,6,1,4093,4537.0,543.0,4400.173995479116,-444.0,444.0,-307.17399547911555,307.17399547911555,94355.86349860369
2018-03-04 18:00:00,18,6,1,3910,4093.0,351.0,3871.280753507142,-183.0,183.0,38.71924649285802,38.71924649285802,1499.1800489746981
2018-03-04 19:00:00,19,6,1,2945,3910.0,299.0,3436.128954804868,-965.0,965.0,-491.12895480486804,491.12895480486804,241207.6502477221
2018-03-04 20:00:00,20,6,0,3258,2945.0,299.0,2635.8077283722405,313.0,313.0,622.1922716277595,622.1922716277595,387123.22287331166
2018-03-04 21:00:00,21,6,0,3017,3258.0,431.0,2810.2581375572686,-241.0,241.0,206.74186244273142,206.74186244273142,42742.19768628928
2018-03-04 22:00:00,22,6,0,1747,3017.0,733.0,2395.0936391194914,-1270.0,1270.0,-648.0936391194914,648.0936391194914,420025.36506714555
2018-03-04 23:00:00,23,6,0,1138,1747.0,733.0,1243.2727884746337,-609.0,609.0,-105.27278847463367,105.27278847463367,11082.359993224964
2018-03-04 23:00:00,23,6,0,1138,1138.0,733.0,1051.6987722713002,0.0,0.0,86.30122772869981,86.30122772869981,7447.901907480906
2018-03-05 00:00:00,0,0,0,703,1138.0,1149.0,624.0782238466957,-435.0,435.0,78.92177615330434,78.92177615330434,6228.6467511922765
2018-03-05 00:00:00,0,0,0,703,703.0,1149.0,637.0773519922902,0.0,0.0,65.92264800770977,65.92264800770977,4345.795520348401
2018-03-05 01:00:00,1,0,0,471,703.0,1840.0,446.16540362037557,-232.0,232.0,24.83459637962443,24.83459637962443,616.7571773388548
2018-03-05 01:00:00,1,0,0,471,471.0,1840.0,337.9907205815445,0.0,0.0,133.0092794184555,133.0092794184555,17691.46841141677
2018-03-05 02:00:00,2,0,0,391,471.0,1840.0,334.1308231018117,-80.0,80.0,56.8691768981883,56.8691768981883,3234.103281077434
2018-03-05 02:00:00,2,0,0,391,391.0,2434.0,307.5963883599775,0.0,0.0,83.40361164002252,83.40361164002252,6956.1624345997
2018-03-05 03:00:00,3,0,0,486,391.0,3193.0,392.6313847299705,95.0,95.0,93.36861527002952,93.36861527002952,8717.69831744279
2018-03-05 03:00:00,3,0,0,486,486.0,3193.0,412.6912999787895,0.0,0.0,73.30870002121048,73.30870002121048,5374.165498799826
2018-03-05 03:00:00,3,0,0,486,486.0,3594.0,413.53836784520763,0.0,0.0,72.46163215479237,72.46163215479237,5250.688134536439
2018-03-05 04:00:00,4,0,0,976,486.0,3594.0,904.6189580977058,490.0,490.0,71.38104190229421,71.38104190229421,5095.2531430570825
2018-03-05 05:00:00,5,0,0,2704,976.0,4241.0,2750.7441720365528,1728.0,1728.0,-46.744172036552754,46.744172036552754,2185.0176193828406
2018-03-05 06:00:00,6,0,0,4879,2704.0,4241.0,5475.4550785429565,2175.0,2175.0,-596.4550785429565,596.4550785429565,355758.6607196844
2018-03-05 07:00:00,7,0,1,5062,4879.0,4328.0,5493.813357451422,183.0,183.0,-431.81335745142223,431.81335745142223,186462.77567346976
2018-03-05 08:00:00,8,0,1,4211,5062.0,4341.0,4809.655083264419,-851.0,851.0,-598.6550832644189,598.6550832644189,358387.9087183283
2018-03-05 09:00:00,9,0,1,3780,4211.0,4226.0,4135.7209290058245,-431.0,431.0,-355.7209290058245,355.7209290058245,126537.37933276681
2018-03-05 10:00:00,10,0,0,3586,3780.0,4537.0,4024.5007996454924,-194.0,194.0,-438.5007996454924,438.5007996454924,192282.9512897363
2018-03-05 10:00:00,10,0,0,3586,3586.0,4093.0,3794.5398102134936,0.0,0.0,-208.53981021349364,208.53981021349364,43488.85244387994
2018-03-05 10:00:00,10,0,0,3586,3586.0,3910.0,3792.227188909588,0.0,0.0,-206.22718890958822,206.22718890958822,42529.65344555099
2018-03-05 11:00:00,11,0,0,3611,3586.0,2945.0,3792.227188909588,25.0,25.0,-181.22718890958822,181.22718890958822,32843.294000071575
2018-03-05 11:00:00,11,0,0,3611,3611.0,3258.0,3817.680687815924,0.0,0.0,-206.6806878159241,206.6806878159241,42716.90671606348
2018-03-05 11:00:00,11,0,0,3611,3611.0,3017.0,3818.8913862614995,0.0,0.0,-207.89138626149952,207.89138626149952,43218.82848172799
2018-03-05 12:00:00,12,0,0,3719,3611.0,1747.0,3819.0681271253934,108.0,108.0,-100.0681271253934,100.0681271253934,10013.630066383896
2018-03-05 12:00:00,12,0,0,3719,3719.0,1138.0,3964.376235730971,0.0,0.0,-245.37623573097108,245.37623573097108,60209.49706150109
2018-03-05 13:00:00,13,0,0,3682,3719.0,1138.0,3948.8917043413926,-37.0,37.0,-266.8917043413926,266.8917043413926,71231.18184625333
2018-03-05 14:00:00,14,0,0,3928,3682.0,703.0,3833.262550746987,246.0,246.0,94.73744925301298,94.73744925301298,8975.18429096721
2018-03-05 15:00:00,15,0,0,4151,3928.0,703.0,4029.3810166724516,223.0,223.0,121.61898332754845,121.61898332754845,14791.177105626508
2018-03-05 15:00:00,15,0,0,4151,4151.0,471.0,4287.003048639911,0.0,0.0,-136.00304863991096,136.00304863991096,18496.829239349987
2018-03-05 15:00:00,15,0,0,4151,4151.0,471.0,4290.386434481231,0.0,0.0,-139.38643448123094,139.38643448123094,19428.578117390483
2018-03-05 15:00:00,15,0,0,4151,4151.0,391.0,4282.26883947929,0.0,0.0,-131.26883947929036,131.26883947929036,17231.5082182397
2018-03-05 16:00:00,16,0,0,3260,4151.0,391.0,4280.869070749893,-891.0,891.0,-1020.8690707498927,1020.8690707498927,1042173.6596137494
2018-03-05 16:00:00,16,0,0,3260,3260.0,486.0,3203.819395414187,0.0,0.0,56.180604585812944,56.180604585812944,3156.2603316274663
2018-03-05 16:00:00,16,0,0,3260,3260.0,486.0,3203.5610812029745,0.0,0.0,56.43891879702551,56.43891879702551,3185.351554977239
2018-03-05 17:00:00,17,0,1,1953,3260.0,486.0,3172.1248133641675,-1307.0,1307.0,-1219.1248133641675,1219.1248133641675,1486265.3105602162
2018-03-05 17:00:00,17,0,1,1953,1953.0,976.0,2015.283120517323,0.0,0.0,-62.283120517322914,62.283120517322914,3879.1871013753703
2018-03-05 18:00:00,18,0,1,1389,1953.0,2704.0,2008.7127519688809,-564.0,564.0,-619.7127519688809,619.7127519688809,384043.89495284366
2018-03-05 18:00:00,18,0,1,1389,1389.0,4879.0,1774.7530297174433,0.0,0.0,-385.75302971744327,385.75302971744327,148805.39993618667
2018-03-05 18:00:00,18,0,1,1389,1389.0,5062.0,1716.2254227499457,0.0,0.0,-327.22542274994566,327.22542274994566,107076.47729388066
2018-03-05 19:00:00,19,0,1,1117,1389.0,4211.0,1709.4665843661073,-272.0,272.0,-592.4665843661073,592.4665843661073,351016.6535904418
2018-03-05 19:00:00,19,0,1,1117,1117.0,3780.0,1427.3779772479343,0.0,0.0,-310.37797724793427,310.37797724793427,96334.4887605192
2018-03-05 20:00:00,20,0,0,844,1117.0,3586.0,1421.7674549528247,-273.0,273.0,-577.7674549528247,577.7674549528247,333815.2320026643
2018-03-05 20:00:00,20,0,0,844,844.0,3586.0,1558.0997599838759,0.0,0.0,-714.0997599838759,714.0997599838759,509938.4672090291
2018-03-05 21:00:00,21,0,0,753,844.0,3586.0,1443.9572599838764,-91.0,91.0,-690.9572599838764,690.9572599838764,477421.93512442615
2018-03-05 21:00:00,21,0,0,753,753.0,3611.0,1508.1219271455775,0.0,0.0,-755.1219271455775,755.1219271455775,570209.1248560508
2018-03-05 22:00:00,22,0,0,694,753.0,3611.0,1004.3895476497039,-59.0,59.0,-310.3895476497039,310.3895476497039,96341.6712901878
2018-03-05 22:00:00,22,0,0,694,694.0,3611.0,1268.6546198039646,0.0,0.0,-574.6546198039646,574.6546198039646,330227.9320620391
2018-03-05 23:00:00,23,0,0,599,694.0,3719.0,1258.7573532159042,-95.0,95.0,-659.7573532159042,659.7573532159042,435279.7651224554
2018-03-05 23:00:00,23,0,0,599,599.0,3719.0,973.1503027672177,0.0,0.0,-374.1503027672177,374.1503027672177,139988.44906080066
2018-03-06 00:00:00,0,1,0,308,599.0,3682.0,559.6050668958967,-291.0,291.0,-251.6050668958967,251.6050668958967,63305.10968768865
2018-03-06 00:00:00,0,1,0,308,308.0,3928.0,521.0767943865079,0.0,0.0,-213.0767943865079,213.0767943865079,45401.72030603017
2018-03-06 01:00:00,1,1,0,242,308.0,4151.0,305.6565760737582,-66.0,66.0,-63.656576073758174,63.656576073758174,4052.1596774341615
2018-03-06 01:00:00,1,1,0,242,242.0,4151.0,305.12444008474716,0.0,0.0,-63.124440084747164,63.124440084747164,3984.6949360128347
2018-03-06 02:00:00,2,1,0,231,242.0,4151.0,271.0808297773531,-11.0,11.0,-40.080829777353074,40.080829777353074,1606.472915641153
2018-03-06 02:00:00,2,1,0,231,231.0,4151.0,271.0808297773531,0.0,0.0,-40.080829777353074,40.080829777353074,1606.472915641153
2018-03-06 03:00:00,3,1,0,335,231.0,3260.0,337.2485293241703,104.0,104.0,-2.248529324170306,2.248529324170306,5.055884121653774
2018-03-06 03:00:00,3,1,0,335,335.0,3260.0,337.86651801882067,0.0,0.0,-2.8665180188206705,2.8665180188206705,8.216925552223582
2018-03-06 04:00:00,4,1,0,807,335.0,3260.0,822.0811622106922,472.0,472.0,-15.081162210692241,15.081162210692241,227.4414536252117
2018-03-06 04:00:00,4,1,0,807,807.0,1953.0,831.1645218261568,0.0,0.0,-24.16452182615683,24.16452182615683,583.9241150868097
2018-03-06 05:00:00,5,1,0,2537,807.0,1953.0,2679.5138461455244,1730.0,1730.0,-142.51384614552444,142.51384614552444,20310.19634319021
2018-03-06 05:00:00,5,1,0,2537,2537.0,1389.0,2467.00559700149,0.0,0.0,69.99440299850994,69.99440299850994,4899.216451117817
2018-03-06 06:00:00,6,1,0,4601,2537.0,1389.0,5082.91821822903,2064.0,2064.0,-481.91821822902966,481.91821822902966,232245.16906104266
2018-03-06 06:00:00,6,1,0,4601,4601.0,1389.0,4822.715413821586,0.0,0.0,-221.71541382158557,221.71541382158557,49157.724726076936
2018-03-06 07:00:00,7,1,1,4848,4601.0,1117.0,4991.4125317574,247.0,247.0,-143.41253175739985,143.41253175739985,20567.15426506722
2018-03-06 07:00:00,7,1,1,4848,4848.0,1117.0,5441.50236998673,0.0,0.0,-593.5023699867297,593.5023699867297,352245.063179865
2018-03-06 08:00:00,8,1,1,4623,4848.0,844.0,4749.223921696603,-225.0,225.0,-126.2239216966027,126.2239216966027,15932.47840847009
2018-03-06 08:00:00,8,1,1,4623,4623.0,844.0,4430.892214775093,0.0,0.0,192.10778522490727,192.10778522490727,36905.4011440191
2018-03-06 09:00:00,9,1,1,4085,4623.0,753.0,4452.165888129733,-538.0,538.0,-367.1658881297326,367.1658881297326,134810.7894060953
2018-03-06 10:00:00,10,1,0,3602,4085.0,753.0,4227.511448551122,-483.0,483.0,-625.5114485511222,625.5114485511222,391264.57226852316
2018-03-06 11:00:00,11,1,0,3781,3602.0,694.0,3817.2859021261906,179.0,179.0,-36.28590212619065,36.28590212619065,1316.6666931114871
2018-03-06 11:00:00,11,1,0,3781,3781.0,694.0,4019.867276043499,0.0,0.0,-238.8672760434988,238.8672760434988,57057.57556444106
2018-03-06 11:00:00,11,1,0,3781,3781.0,599.0,4019.867276043499,0.0,0.0,-238.8672760434988,238.8672760434988,57057.57556444106
2018-03-06 12:00:00,12,1,0,4037,3781.0,599.0,4019.867276043499,256.0,256.0,17.132723956501195,17.132723956501195,293.53023016966995
2018-03-06 13:00:00,13,1,0,4166,4037.0,308.0,4224.314948734153,129.0,129.0,-58.314948734153404,58.314948734153404,3400.63324586694
2018-03-06 14:00:00,14,1,0,4671,4166.0,308.0,4283.091308492,505.0,505.0,387.9086915079997,387.9086915079997,150473.15294744849
2018-03-06 15:00:00,15,1,0,5260,4671.0,242.0,4887.0179564261725,589.0,589.0,372.98204357382747,372.98204357382747,139115.60482850854
2018-03-06 16:00:00,16,1,0,6420,5260.0,242.0,5911.341116915322,1160.0,1160.0,508.65888308467765,508.65888308467765,258733.85934095178
2018-03-06 17:00:00,17,1,1,5874,6420.0,231.0,6125.537624269766,-546.0,546.0,-251.53762426976573,251.53762426976573,63271.17642327784
2018-03-06 18:00:00,18,1,1,4400,5874.0,231.0,4296.613503681415,-1474.0,1474.0,103.38649631858516,103.38649631858516,10688.767621032823
2018-03-06 19:00:00,19,1,1,3188,4400.0,335.0,3032.5542778415756,-1212.0,1212.0,155.44572215842436,155.44572215842436,24163.372537354062
2018-03-06 20:00:00,20,1,0,2600,3188.0,335.0,2808.970793434727,-588.0,588.0,-208.97079343472706,208.97079343472706,43668.79250873937
2018-03-06 21:00:00,21,1,0,3415,2600.0,807.0,2515.5822976213462,815.0,815.0,899.4177023786538,899.4177023786538,808952.2033520966
2018-03-06 22:00:00,22,1,0,2587,3415.0,807.0,2702.365727456018,-828.0,828.0,-115.3657274560178,115.3657274560178,13309.251071456178
2018-03-06 23:00:00,23,1,0,1144,2587.0,2537.0,1494.647763864921,-1443.0,1443.0,-350.647763864921,350.647763864921,122953.85430346939
2018-03-07 00:00:00,0,2,0,591,1144.0,2537.0,627.1817169175742,-553.0,553.0,-36.18171691757425,36.18171691757425,1309.1166391034785
2018-03-07 01:00:00,1,2,0,376,591.0,4601.0,363.4469976171673,-215.0,215.0,12.553002382832688,12.553002382832688,157.57786882340312
2018-03-07 02:00:00,2,2,0,247,376.0,4601.0,288.4846238143783,-129.0,129.0,-41.484623814378324,41.484623814378324,1720.9740130204852
2018-03-07 03:00:00,3,2,0,378,247.0,4848.0,347.12092192513575,131.0,131.0,30.879078074864253,30.879078074864253,953.5174627535622
2018-03-07 04:00:00,4,2,0,921,378.0,4848.0,852.045447925429,543.0,543.0,68.95455207457098,68.95455207457098,4754.730251804722
2018-03-07 04:00:00,4,2,0,921,921.0,4623.0,901.372551294215,0.0,0.0,19.627448705785014,19.627448705785014,385.2367426982218
2018-03-07 05:00:00,5,2,0,2875,921.0,4623.0,2750.7441720365528,1954.0,1954.0,124.25582796344725,124.25582796344725,15439.510782881798
2018-03-07 06:00:00,6,2,0,5670,2875.0,4085.0,5611.28842177781,2795.0,2795.0,58.71157822218993,58.71157822218993,3447.0494173403267
2018-03-07 07:00:00,7,2,1,6121,5670.0,3602.0,6363.427819682929,451.0,451.0,-242.4278196829291,242.4278196829291,58771.24775621879
2018-03-07 08:00:00,8,2,1,5896,6121.0,3781.0,5579.7063460083145,-225.0,225.0,316.29365399168546,316.29365399168546,100041.67555541205
2018-03-07 09:00:00,9,2,1,5343,5896.0,3781.0,5063.095551870298,-553.0,553.0,279.90444812970236,279.90444812970236,78346.50008279324
2018-03-07 10:00:00,10,2,0,4619,5343.0,3781.0,4487.443842462485,-724.0,724.0,131.556157537515,131.556157537515,17307.022586035462
2018-03-07 11:00:00,11,2,0,4819,4619.0,4037.0,4860.474612853799,200.0,200.0,-41.474612853799044,41.474612853799044,1720.1435113725129
2018-03-07 12:00:00,12,2,0,4879,4819.0,4166.0,5042.5352817130515,60.0,60.0,-163.53528171305152,163.53528171305152,26743.788364967124
2018-03-07 13:00:00,13,2,0,5093,4879.0,4671.0,4945.071067579531,214.0,214.0,147.9289324204692,147.9289324204692,21882.969047059745
2018-03-07 14:00:00,14,2,0,5160,5093.0,5260.0,5328.8201646858415,67.0,67.0,-168.82016468584152,168.82016468584152,28500.24800455465
2018-03-07 15:00:00,15,2,0,5886,5160.0,6420.0,5735.269831178607,726.0,726.0,150.7301688213929,150.7301688213929,22719.58379292561
2018-03-07 16:00:00,16,2,0,6849,5886.0,5874.0,6545.729463419582,963.0,963.0,303.2705365804177,303.2705365804177,91973.01835777446
2018-03-07 17:00:00,17,2,1,5951,6849.0,4400.0,6418.346126239062,-898.0,898.0,-467.34612623906196,467.34612623906196,218412.40171065723
2018-03-07 18:00:00,18,2,1,4637,5951.0,3188.0,4460.557870026286,-1314.0,1314.0,176.44212997371415,176.44212997371415,31131.825229661037
2018-03-07 19:00:00,19,2,1,3367,4637.0,2600.0,3378.8136554422904,-1270.0,1270.0,-11.813655442290383,11.813655442290383,139.56245490915717
2018-03-07 20:00:00,20,2,0,3297,3367.0,3415.0,2955.329757296956,-70.0,70.0,341.6702427030441,341.6702427030441,116738.55474875706
2018-03-07 21:00:00,21,2,0,2451,3297.0,2587.0,2893.625278549355,-846.0,846.0,-442.6252785493548,442.6252785493548,195917.1372108939
2018-03-07 22:00:00,22,2,0,1790,2451.0,1144.0,1793.3612941575377,-661.0,661.0,-3.3612941575377135,3.3612941575377135,11.298298413497168
2018-03-07 23:00:00,23,2,0,1352,1790.0,591.0,1215.9377200732406,-438.0,438.0,136.0622799267594,136.0622799267594,18512.944018867835
2018-03-08 00:00:00,0,3,0,545,1352.0,376.0,689.5839763528971,-807.0,807.0,-144.58397635289714,144.58397635289714,20904.52621801512
2018-03-08 01:00:00,1,3,0,368,545.0,247.0,349.473567114639,-177.0,177.0,18.526432885360975,18.526432885360975,343.2287154557846
2018-03-08 02:00:00,2,3,0,260,368.0,378.0,288.22776650072393,-108.0,108.0,-28.22776650072393,28.22776650072393,796.8068016193921
2018-03-08 03:00:00,3,3,0,344,260.0,921.0,353.1596581347322,84.0,84.0,-9.159658134732183,9.159658134732183,83.89933714516546
2018-03-08 04:00:00,4,3,0,887,344.0,921.0,849.9284003551643,543.0,543.0,37.071599644835715,37.071599644835715,1374.3035002269835
2018-03-08 05:00:00,5,3,0,2788,887.0,2875.0,2750.7441720365528,1901.0,1901.0,37.255827963447246,37.255827963447246,1387.9967172419776
2018-03-08 06:00:00,6,3,0,5661,2788.0,5670.0,5709.804529483751,2873.0,2873.0,-48.80452948375114,48.80452948375114,2381.8820981303343
2018-03-08 07:00:00,7,3,1,6280,5661.0,6121.0,6379.761928454507,619.0,619.0,-99.76192845450714,99.76192845450714,9952.442368962202
2018-03-08 08:00:00,8,3,1,6042,6280.0,5896.0,5848.5293044785385,-238.0,238.0,193.4706955214615,193.4706955214615,37430.91002555806
2018-03-08 09:00:00,9,3,1,5221,6042.0,5343.0,5184.925059158736,-821.0,821.0,36.074940841263924,36.074940841263924,1301.4013567006918
2018-03-08 10:00:00,10,3,0,4669,5221.0,4619.0,4605.4628074174,-552.0,552.0,63.537192582600255,63.537192582600255,4036.974841278433
2018-03-08 11:00:00,11,3,0,4922,4669.0,4819.0,4887.0179564261725,253.0,253.0,34.98204357382747,34.98204357382747,1223.7433726011636
2018-03-08 12:00:00,12,3,0,4946,4922.0,4879.0,5086.601898381423,24.0,24.0,-140.60189838142287,140.60189838142287,19768.893828459964
2018-03-08 13:00:00,13,3,0,5117,4946.0,5093.0,4964.730561802262,171.0,171.0,152.26943819773805,152.26943819773805,23185.98180905477
2018-03-08 14:00:00,14,3,0,5349,5117.0,5160.0,5349.661058919057,232.0,232.0,-0.6610589190568135,0.6610589190568135,0.43699889446456264
2018-03-08 15:00:00,15,3,0,5983,5349.0,5886.0,5764.335909115679,634.0,634.0,218.664090884321,218.664090884321,47813.9846422666
2018-03-08 16:00:00,16,3,0,6738,5983.0,6849.0,6597.889752077233,755.0,755.0,140.11024792276658,140.11024792276658,19630.881572979117
2018-03-08 17:00:00,17,3,1,6200,6738.0,5951.0,6311.401177616964,-538.0,538.0,-111.40117761696365,111.40117761696365,12410.222374446283
2018-03-08 18:00:00,18,3,1,5136,6200.0,4637.0,4769.144317439622,-1064.0,1064.0,366.8556825603782,366.8556825603782,134583.091826841
2018-03-08 19:00:00,19,3,1,3509,5136.0,3367.0,3578.209223622772,-1627.0,1627.0,-69.20922362277179,69.20922362277179,4789.916634466833
2018-03-08 20:00:00,20,3,0,3565,3509.0,3297.0,3145.236348674048,56.0,56.0,419.7636513259522,419.7636513259522,176201.52297449557
2018-03-08 21:00:00,21,3,0,2951,3565.0,2451.0,3218.82484162334,-614.0,614.0,-267.82484162334003,267.82484162334003,71730.14579056717
2018-03-08 22:00:00,22,3,0,2759,2951.0,1790.0,2534.817365323974,-192.0,192.0,224.18263467602583,224.18263467602583,50257.85369028446
2018-03-08 23:00:00,23,3,0,2179,2759.0,1352.0,1575.59356266583,-580.0,580.0,603.40643733417,603.40643733417,364099.3286163157
2018-03-09 00:00:00,0,4,0,665,2179.0,545.0,810.8986175070296,-1514.0,1514.0,-145.8986175070296,145.8986175070296,21286.406590462524
2018-03-09 01:00:00,1,4,0,415,665.0,368.0,412.979787400279,-250.0,250.0,2.020212599720992,2.020212599720992,4.081258948071449
2018-03-09 02:00:00,2,4,0,300,415.0,260.0,320.5225699058949,-115.0,115.0,-20.522569905894898,20.522569905894898,421.1758755423429
2018-03-09 03:00:00,3,4,0,389,300.0,344.0,353.2775105317414,89.0,89.0,35.72248946825857,35.72248946825857,1276.0962538098447
2018-03-09 04:00:00,4,4,0,839,389.0,887.0,819.8989927653877,450.0,450.0,19.101007234612325,19.101007234612325,364.84847737671237
2018-03-09 05:00:00,5,4,0,2711,839.0,2788.0,2717.0091464468264,1872.0,1872.0,-6.009146446826435,6.009146446826435,36.109841019406765
2018-03-09 06:00:00,6,4,0,5349,2711.0,5661.0,5513.051457590927,2638.0,2638.0,-164.05145759092738,164.05145759092738,26912.880737707845
2018-03-09 07:00:00,7,4,1,6520,5349.0,6280.0,6142.343891512815,1171.0,1171.0,377.6561084871846,377.6561084871846,142624.13627768416
2018-03-09 08:00:00,8,4,1,5947,6520.0,6042.0,5875.542208755118,-573.0,573.0,71.45779124488217,71.45779124488217,5106.21592959716
2018-03-09 08:00:00,8,4,1,5947,5947.0,5221.0,5682.626673262678,0.0,0.0,264.3733267373218,264.3733267373218,69893.25589015872
2018-03-09 09:00:00,9,4,1,5174,5947.0,4669.0,5183.724728240862,-773.0,773.0,-9.724728240861623,9.724728240861623,94.57033935861159
2018-03-09 10:00:00,10,4,0,4876,5174.0,4922.0,4690.0161607738355,-298.0,298.0,185.9838392261645,185.9838392261645,34589.9884533038
2018-03-09 10:00:00,10,4,0,4876,4876.0,4946.0,4647.529858592155,0.0,0.0,228.4701414078454,228.4701414078454,52198.60551492088
2018-03-09 11:00:00,11,4,0,5160,4876.0,5117.0,5062.822482841143,284.0,284.0,97.17751715885697,97.17751715885697,9443.469841159942
2018-03-09 12:00:00,12,4,0,5257,5160.0,5349.0,5337.9534299390325,97.0,97.0,-80.9534299390325,80.9534299390325,6553.457818893844
2018-03-09 13:00:00,13,4,0,5602,5257.0,5983.0,5297.036696798242,345.0,345.0,304.9633032017582,304.9633032017582,93002.61629972751
2018-03-09 14:00:00,14,4,0,5763,5602.0,6738.0,5774.325890892144,161.0,161.0,-11.325890892144344,11.325890892144344,128.2758045007582
2018-03-09 15:00:00,15,4,0,6001,5763.0,6200.0,5882.741860484697,238.0,238.0,118.2581395153029,118.2581395153029,13984.987561620845
2018-03-09 16:00:00,16,4,0,6641,6001.0,5136.0,6247.470963802742,640.0,640.0,393.5290361972584,393.5290361972584,154865.1023303431
2018-03-09 17:00:00,17,4,1,6062,6641.0,3509.0,6062.988563172738,-579.0,579.0,-0.9885631727383952,0.9885631727383952,0.9772571464946023
2018-03-09 18:00:00,18,4,1,5207,6062.0,3565.0,4848.95128541175,-855.0,855.0,358.0487145882498,358.0487145882498,128198.88201829798
2018-03-09 19:00:00,19,4,1,3864,5207.0,2951.0,3791.1576916316717,-1343.0,1343.0,72.8423083683283,72.8423083683283,5306.001888426632
2018-03-09 20:00:00,20,4,0,3377,3864.0,2759.0,3312.0420413073775,-487.0,487.0,64.95795869262247,64.95795869262247,4219.536397512447
2018-03-09 21:00:00,21,4,0,3118,3377.0,2179.0,3123.2191928492057,-259.0,259.0,-5.219192849205683,5.219192849205683,27.239973997199737
2018-03-09 22:00:00,22,4,0,2649,3118.0,665.0,2826.3029900213005,-469.0,469.0,-177.3029900213005,177.3029900213005,31436.350270493385
2018-03-09 23:00:00,23,4,0,2989,2649.0,415.0,2262.3019569032876,340.0,340.0,726.6980430967124,726.6980430967124,528090.0458405912
2018-03-10 00:00:00,0,5,0,1175,2989.0,300.0,1614.767825295289,-1814.0,1814.0,-439.76782529528896,439.76782529528896,193395.74016494778
2018-03-10 01:00:00,1,5,0,685,1175.0,389.0,729.7909113854984,-490.0,490.0,-44.79091138549836,44.79091138549836,2006.2257427435668
2018-03-10 03:00:00,3,5,0,358,685.0,839.0,442.795185313722,-327.0,327.0,-84.79518531372202,84.79518531372202,7190.223452388458
2018-03-10 04:00:00,4,5,0,404,358.0,2711.0,388.83058875783223,46.0,46.0,15.169411242167769,15.169411242167769,230.11103743400588
2018-03-10 05:00:00,5,5,0,696,404.0,5349.0,758.3023490887598,292.0,292.0,-62.3023490887598,62.3023490887598,3881.582701977689
2018-03-10 06:00:00,6,5,0,1242,696.0,6520.0,1334.9797195050403,546.0,546.0,-92.9797195050403,92.9797195050403,8645.22823923597
2018-03-10 07:00:00,7,5,1,1911,1242.0,5947.0,1948.1065441432227,669.0,669.0,-37.10654414322266,37.10654414322266,1376.895618252932
2018-03-10 08:00:00,8,5,1,3100,1911.0,5947.0,2771.926200966601,1189.0,1189.0,328.07379903339915,328.07379903339915,107632.41761220718
2018-03-10 09:00:00,9,5,1,4057,3100.0,5174.0,3609.9382788748003,957.0,957.0,447.0617211251997,447.0617211251997,199864.18249542583
2018-03-10 10:00:00,10,5,0,4476,4057.0,4876.0,4250.186150306672,419.0,419.0,225.81384969332794,225.81384969332794,50991.8947133209
2018-03-10 11:00:00,11,5,0,4732,4476.0,4876.0,4639.406900063641,256.0,256.0,92.59309993635907,92.59309993635907,8573.482155824577
2018-03-10 12:00:00,12,5,0,5312,4732.0,5160.0,4736.981603431148,580.0,580.0,575.018396568852,575.018396568852,330646.1563926136
2018-03-10 13:00:00,13,5,0,4990,5312.0,5257.0,5285.5106013662335,-322.0,322.0,-295.51060136623346,295.51060136623346,87326.51551983294
2018-03-10 14:00:00,14,5,0,5404,4990.0,5602.0,4986.467919015879,414.0,414.0,417.5320809841214,417.5320809841214,174333.03865093092
2018-03-10 15:00:00,15,5,0,5548,5404.0,5763.0,5320.344150580083,144.0,144.0,227.6558494199171,227.6558494199171,51827.18577510397
2018-03-10 16:00:00,16,5,0,5194,5548.0,6001.0,5793.150679196101,-354.0,354.0,-599.150679196101,599.150679196101,358981.53638114914
2018-03-10 17:00:00,17,5,1,5142,5194.0,6641.0,5025.902317231859,-52.0,52.0,116.09768276814066,116.09768276814066,13478.671944131824
2018-03-10 18:00:00,18,5,1,4776,5142.0,6062.0,4557.515547819357,-366.0,366.0,218.48445218064262,218.48445218064262,47735.45584467551
2018-03-10 19:00:00,19,5,1,4004,4776.0,5207.0,3750.5101485367773,-772.0,772.0,253.48985146322275,253.48985146322275,64257.10479484673
2018-03-10 20:00:00,20,5,0,3223,4004.0,3864.0,3346.1905251775875,-781.0,781.0,-123.19052517758746,123.19052517758746,15175.90549352981
2018-03-10 21:00:00,21,5,0,3602,3223.0,3377.0,3211.1344399613613,379.0,379.0,390.8655600386387,390.8655600386387,152775.88602431866
2018-03-10 22:00:00,22,5,0,4040,3602.0,3118.0,3283.200557750482,438.0,438.0,756.799442249518,756.799442249518,572745.3957891816
2018-03-10 23:00:00,23,5,0,2433,4040.0,2649.0,2258.3569035433156,-1607.0,1607.0,174.64309645668436,174.64309645668436,30500.211139978757
2018-03-11 00:00:00,0,6,0,1662,2433.0,2989.0,1545.7323571238737,-771.0,771.0,116.26764287612627,116.26764287612627,13518.164779970437
2018-03-11 00:00:00,0,6,0,1662,1662.0,1175.0,1123.8068072531619,0.0,0.0,538.1931927468381,538.1931927468381,289651.91271903523
2018-03-11 01:00:00,1,6,0,975,1662.0,685.0,1021.3514392641277,-687.0,687.0,-46.35143926412775,46.35143926412775,2148.4559218561235
2018-03-11 01:00:00,1,6,0,975,975.0,358.0,721.0972151690315,0.0,0.0,253.90278483096847,253.90278483096847,64466.62414492107
2018-03-11 03:00:00,3,6,0,420,975.0,404.0,472.70355534970696,-555.0,555.0,-52.70355534970696,52.70355534970696,2777.664746499625
2018-03-11 03:00:00,3,6,0,420,420.0,696.0,386.4712492763425,0.0,0.0,33.52875072365748,33.52875072365748,1124.177125089162
2018-03-11 03:00:00,3,6,0,420,420.0,1242.0,386.65633530845776,0.0,0.0,33.343664691542244,33.343664691542244,1111.7999750620008
2018-03-11 04:00:00,4,6,0,419,420.0,1911.0,383.3071421604562,-1.0,1.0,35.69285783954382,35.69285783954382,1273.9801007538847
2018-03-11 04:00:00,4,6,0,419,419.0,3100.0,378.35189056738875,0.0,0.0,40.64810943261125,40.64810943261125,1652.2688004455397
2018-03-11 04:00:00,4,6,0,419,419.0,4057.0,401.03377285810666,0.0,0.0,17.96622714189334,17.96622714189334,322.78531771410496
2018-03-11 05:00:00,5,6,0,490,419.0,4476.0,556.231136816141,71.0,71.0,-66.23113681614097,66.23113681614097,4386.5634839583845
2018-03-11 05:00:00,5,6,0,490,490.0,4732.0,540.1008834978052,0.0,0.0,-50.10088349780517,50.10088349780517,2510.0985272606463
2018-03-11 05:00:00,5,6,0,490,490.0,5312.0,518.91071070974,0.0,0.0,-28.910710709739988,28.910710709739988,835.8291937422745
2018-03-11 06:00:00,6,6,0,740,490.0,4990.0,851.4869458326062,250.0,250.0,-111.48694583260624,111.48694583260624,12429.339091082478
2018-03-11 06:00:00,6,6,0,740,740.0,5404.0,1038.6105738205772,0.0,0.0,-298.6105738205772,298.6105738205772,89168.27479745439
2018-03-11 06:00:00,6,6,0,740,740.0,5548.0,1036.6826223642665,0.0,0.0,-296.68262236426654,296.68262236426654,88020.57841293799
2018-03-11 07:00:00,7,6,1,1039,740.0,5194.0,1102.412948390005,299.0,299.0,-63.41294839000511,63.41294839000511,4021.202023513452
2018-03-11 07:00:00,7,6,1,1039,1039.0,5142.0,1210.9668035223183,0.0,0.0,-171.9668035223183,171.9668035223183,29572.58151368362
2018-03-11 07:00:00,7,6,1,1039,1039.0,4776.0,1209.9428070873807,0.0,0.0,-170.94280708738074,170.94280708738074,29221.443294913468
2018-03-11 08:00:00,8,6,1,1607,1039.0,4004.0,1625.2411867795863,568.0,568.0,-18.241186779586315,18.241186779586315,332.7408951277545
2018-03-11 08:00:00,8,6,1,1607,1607.0,3223.0,2050.9363315484825,0.0,0.0,-443.9363315484825,443.9363315484825,197079.46646872416
2018-03-11 09:00:00,9,6,1,2559,1607.0,3602.0,2346.4879807643097,952.0,952.0,212.51201923569033,212.51201923569033,45161.35831963042
2018-03-11 10:00:00,10,6,0,3400,2559.0,4040.0,3144.424828117757,841.0,841.0,255.575171882243,255.575171882243,65318.66848263806
2018-03-11 11:00:00,11,6,0,3810,3400.0,2433.0,3715.544358751902,410.0,410.0,94.45564124809789,94.45564124809789,8921.868163589372
2018-03-11 12:00:00,12,6,0,4339,3810.0,1662.0,4008.34891843301,529.0,529.0,330.6510815669899,330.6510815669899,109330.1377414202
2018-03-11 12:00:00,12,6,0,4339,4339.0,1662.0,4406.513246368393,0.0,0.0,-67.51324636839308,67.51324636839308,4558.038435199342
2018-03-11 13:00:00,13,6,0,4840,4339.0,975.0,4406.513246368393,501.0,501.0,433.4867536316069,433.4867536316069,187910.76557406946
2018-03-11 14:00:00,14,6,0,4749,4840.0,975.0,4869.027068436075,-91.0,91.0,-120.02706843607484,120.02706843607484,14406.497157358193
2018-03-11 15:00:00,15,6,0,4396,4749.0,420.0,4715.392794930907,-353.0,353.0,-319.39279493090726,319.39279493090726,102011.75745377658
2018-03-11 16:00:00,16,6,0,4242,4396.0,420.0,4435.449877481647,-154.0,154.0,-193.44987748164658,193.44987748164658,37422.855097664076
2018-03-11 16:00:00,16,6,0,4242,4242.0,420.0,4375.6675826711025,0.0,0.0,-133.66758267110254,133.66758267110254,17867.022657136033
2018-03-11 17:00:00,17,6,1,4068,4242.0,419.0,3989.480967730396,-174.0,174.0,78.51903226960394,78.51903226960394,6165.238428555105
2018-03-11 18:00:00,18,6,1,3571,4068.0,419.0,3871.84894106292,-497.0,497.0,-300.84894106291995,300.84894106291995,90510.08533868028
2018-03-11 19:00:00,19,6,1,2939,3571.0,419.0,3043.4113825198565,-632.0,632.0,-104.41138251985649,104.41138251985649,10901.736799707793
2018-03-11 19:00:00,19,6,1,2939,2939.0,490.0,2645.183161840157,0.0,0.0,293.816838159843,293.816838159843,86328.33438624736
2018-03-11 20:00:00,20,6,0,2546,2939.0,490.0,2621.130722839334,-393.0,393.0,-75.13072283933388,75.13072283933388,5644.625514360806
2018-03-11 20:00:00,20,6,0,2546,2546.0,490.0,2397.542723246647,0.0,0.0,148.4572767533532,148.4572767533532,22039.563021021702
2018-03-11 21:00:00,21,6,0,2118,2546.0,740.0,2379.4746684032752,-428.0,428.0,-261.47466840327525,261.47466840327525,68369.00221660275
2018-03-11 22:00:00,22,6,0,1523,2118.0,740.0,1757.1896072399402,-595.0,595.0,-234.1896072399402,234.1896072399402,54844.77213919745
2018-03-11 23:00:00,23,6,0,1000,1523.0,740.0,1056.3222931566536,-523.0,523.0,-56.322293156653586,56.322293156653586,3172.2007064240274
2018-03-12 00:00:00,0,0,0,528,1000.0,1039.0,553.9534684488476,-472.0,472.0,-25.953468448847616,25.953468448847616,673.5825245253287
2018-03-12 01:00:00,1,0,0,360,528.0,1039.0,345.13740276439444,-168.0,168.0,14.862597235605563,14.862597235605563,220.89679658783012
2018-03-12 02:00:00,2,0,0,228,360.0,1039.0,282.6042085372512,-132.0,132.0,-54.604208537251225,54.604208537251225,2981.6195899796194
2018-03-12 03:00:00,3,0,0,356,228.0,1607.0,339.33579862135696,128.0,128.0,16.664201378643043,16.664201378643043,277.69560758796865
2018-03-12 04:00:00,4,0,0,851,356.0,1607.0,841.6484961395721,495.0,495.0,9.351503860427897,9.351503860427897,87.45062445159786
2018-03-12 05:00:00,5,0,0,2742,851.0,2559.0,2717.156383786207,1891.0,1891.0,24.84361621379321,24.84361621379321,617.2052665782489
2018-03-12 06:00:00,6,0,0,5331,2742.0,3400.0,5548.108700046657,2589.0,2589.0,-217.10870004665685,217.10870004665685,47136.187635949216
2018-03-12 07:00:00,7,0,1,6336,5331.0,3810.0,5937.8509011984,1005.0,1005.0,398.1490988016003,398.1490988016003,158522.7048765265
2018-03-12 08:00:00,8,0,1,5668,6336.0,4339.0,5884.203036699975,-668.0,668.0,-216.2030366999752,216.2030366999752,46743.75307829082
2018-03-12 09:00:00,9,0,1,4693,5668.0,4339.0,5031.236723281939,-975.0,975.0,-338.2367232819388,338.2367232819388,114404.08097650284
2018-03-12 10:00:00,10,0,0,4213,4693.0,4840.0,4347.649279981212,-480.0,480.0,-134.6492799812122,134.6492799812122,18130.42859945887
2018-03-12 11:00:00,11,0,0,4265,4213.0,4749.0,4370.32110952798,52.0,52.0,-105.3211095279803,105.3211095279803,11092.536112204822
2018-03-12 12:00:00,12,0,0,4666,4265.0,4396.0,4449.742002831009,401.0,401.0,216.2579971689911,216.2579971689911,46767.52133954336
2018-03-12 13:00:00,13,0,0,4748,4666.0,4242.0,4882.03104443644,82.0,82.0,-134.03104443644042,134.03104443644042,17964.320872723067
2018-03-12 14:00:00,14,0,0,4554,4748.0,4242.0,4895.518686377257,-194.0,194.0,-341.5186863772569,341.5186863772569,116635.01314484718
2018-03-12 15:00:00,15,0,0,5784,4554.0,4068.0,4784.863480612517,1230.0,1230.0,999.1365193874826,999.1365193874826,998273.7843737334
2018-03-12 16:00:00,16,0,0,6655,5784.0,3571.0,6444.295386060149,871.0,871.0,210.7046139398508,210.7046139398508,44396.43433554156
2018-03-12 17:00:00,17,0,1,6001,6655.0,2939.0,6194.8646979673285,-654.0,654.0,-193.86469796732854,193.86469796732854,37583.521117963515
2018-03-12 18:00:00,18,0,1,4388,6001.0,2939.0,4356.685144420619,-1613.0,1613.0,31.3148555793814,31.3148555793814,980.6201799575144
2018-03-12 19:00:00,19,0,1,3346,4388.0,2546.0,3153.4802564861293,-1042.0,1042.0,192.5197435138707,192.5197435138707,37063.851642646565
2018-03-12 20:00:00,20,0,0,2806,3346.0,2546.0,2841.5982324020815,-540.0,540.0,-35.59823240208152,35.59823240208152,1267.2341501526066
2018-03-12 21:00:00,21,0,0,2301,2806.0,2118.0,2451.7796513573167,-505.0,505.0,-150.77965135731665,150.77965135731665,22734.503263433962
2018-03-12 22:00:00,22,0,0,2592,2301.0,1523.0,1675.4572577690606,291.0,291.0,916.5427422309394,916.5427422309394,840050.5983362102
2018-03-12 23:00:00,23,0,0,2003,2592.0,1000.0,1353.824554044553,-589.0,589.0,649.175445955447,649.175445955447,421428.7596314535
2018-03-13 00:00:00,0,1,0,666,2003.0,528.0,721.7811181387028,-1337.0,1337.0,-55.78111813870282,55.78111813870282,3111.533140803921
2018-03-13 01:00:00,1,1,0,414,666.0,360.0,411.83909368205286,-252.0,252.0,2.1609063179471377,2.1609063179471377,4.669516114943856
2018-03-13 02:00:00,2,1,0,301,414.0,228.0,318.0412404227272,-113.0,113.0,-17.041240422727185,17.041240422727185,290.403875145191
2018-03-13 03:00:00,3,1,0,380,301.0,356.0,352.83358656138694,79.0,79.0,27.166413438613063,27.166413438613063,738.0140191176564
2018-03-13 04:00:00,4,1,0,865,380.0,851.0,861.7452731494134,485.0,485.0,3.2547268505866214,3.2547268505866214,10.593246871929507
2018-03-13 05:00:00,5,1,0,2872,865.0,2742.0,2724.197133648419,2007.0,2007.0,147.8028663515811,147.8028663515811,21845.687301743343
2018-03-13 06:00:00,6,1,0,5420,2872.0,5331.0,5700.721775533398,2548.0,2548.0,-280.7217755333977,280.7217755333977,78804.71525862333
2018-03-13 07:00:00,7,1,1,6404,5420.0,6336.0,6249.461878833294,984.0,984.0,154.53812116670633,154.53812116670633,23882.03089373561
2018-03-13 08:00:00,8,1,1,5880,6404.0,5668.0,5889.971597926713,-524.0,524.0,-9.971597926713002,9.971597926713002,99.43276521202705
2018-03-13 09:00:00,9,1,1,5093,5880.0,4693.0,5067.949016447654,-787.0,787.0,25.050983552346224,25.050983552346224,627.5517769399211
2018-03-13 10:00:00,10,1,0,4410,5093.0,4213.0,4535.196033644086,-683.0,683.0,-125.19603364408613,125.19603364408613,15674.046840211146
2018-03-13 11:00:00,11,1,0,4591,4410.0,4265.0,4617.292010040339,181.0,181.0,-26.292010040338937,26.292010040338937,691.2697919612834
2018-03-13 12:00:00,12,1,0,4749,4591.0,4666.0,4819.456554728204,158.0,158.0,-70.45655472820363,70.45655472820363,4964.126104168353
2018-03-13 13:00:00,13,1,0,5062,4749.0,4748.0,4894.609774391263,313.0,313.0,167.39022560873673,167.39022560873673,28019.48762934378
2018-03-13 14:00:00,14,1,0,5187,5062.0,4554.0,5319.365805384449,125.0,125.0,-132.36580538444923,132.36580538444923,17520.706435073887
2018-03-13 15:00:00,15,1,0,5895,5187.0,5784.0,5741.046066979624,708.0,708.0,153.9539330203761,153.9539330203761,23701.81349244245
2018-03-13 16:00:00,16,1,0,6366,5895.0,6655.0,6512.522600188655,471.0,471.0,-146.5226001886549,146.5226001886549,21468.872366044416
2018-03-13 17:00:00,17,1,1,5413,6366.0,6001.0,6107.826165370065,-953.0,953.0,-694.8261653700647,694.8261653700647,482783.4000828685
2018-03-13 18:00:00,18,1,1,4470,5413.0,4388.0,4182.738308159652,-943.0,943.0,287.26169184034825,287.26169184034825,82519.2795989792
2018-03-13 19:00:00,19,1,1,3436,4470.0,3346.0,3283.896484531787,-1034.0,1034.0,152.10351546821312,152.10351546821312,23135.47941778895
2018-03-13 20:00:00,20,1,0,2933,3436.0,2806.0,2978.5742539669554,-503.0,503.0,-45.57425396695544,45.57425396695544,2077.0126246445534
2018-03-13 21:00:00,21,1,0,2736,2933.0,2301.0,2686.5816644842994,-197.0,197.0,49.41833551570062,49.41833551570062,2442.171885142357
2018-03-13 22:00:00,22,1,0,3761,2736.0,2592.0,2386.446161115736,1025.0,1025.0,1374.5538388842642,1374.5538388842642,1889398.2559914677
2018-03-13 23:00:00,23,1,0,1287,3761.0,2003.0,1229.81897561505,-2474.0,2474.0,57.18102438494998,57.18102438494998,3269.669549712244
2018-03-14 00:00:00,0,2,0,665,1287.0,666.0,674.9558553243588,-622.0,622.0,-9.955855324358822,9.955855324358822,99.1190552395639
2018-03-14 01:00:00,1,2,0,340,665.0,414.0,411.55371721574124,-325.0,325.0,-71.55371721574124,71.55371721574124,5119.934447390265
2018-03-14 02:00:00,2,2,0,285,340.0,301.0,272.25422342459535,-55.0,55.0,12.745776575404648,12.745776575404648,162.45482051013383
2018-03-14 03:00:00,3,2,0,378,285.0,380.0,353.1596581347322,93.0,93.0,24.840341865267817,24.840341865267817,617.042583983377
2018-03-14 04:00:00,4,2,0,903,378.0,865.0,853.2100314676313,525.0,525.0,49.789968532368675,49.789968532368675,2479.040966454263
2018-03-14 05:00:00,5,2,0,2785,903.0,2872.0,2750.7441720365528,1882.0,1882.0,34.255827963447246,34.255827963447246,1173.4617494612942
2018-03-14 06:00:00,6,2,0,5526,2785.0,5420.0,5651.480406744776,2741.0,2741.0,-125.48040674477579,125.48040674477579,15745.332476834374
2018-03-14 07:00:00,7,2,1,6542,5526.0,6404.0,6368.927799726544,1016.0,1016.0,173.07220027345556,173.07220027345556,29953.986507495112
2018-03-14 08:00:00,8,2,1,5854,6542.0,5880.0,5936.681359513571,-688.0,688.0,-82.6813595135709,82.6813595135709,6836.207211012361
2018-03-14 09:00:00,9,2,1,5312,5854.0,5093.0,5146.628402943293,-542.0,542.0,165.3715970567073,165.3715970567073,27347.76511308596
2018-03-14 10:00:00,10,2,0,4511,5312.0,4410.0,4569.057913541007,-801.0,801.0,-58.05791354100711,58.05791354100711,3370.721324735057
2018-03-14 11:00:00,11,2,0,4825,4511.0,4591.0,4766.3666620599615,314.0,314.0,58.63333794003847,58.63333794003847,3437.868317990755
2018-03-14 12:00:00,12,2,0,4908,4825.0,4749.0,5046.6342044976,83.0,83.0,-138.63420449759997,138.63420449759997,19219.442656682368
2018-03-14 13:00:00,13,2,0,5044,4908.0,5062.0,4956.423456317817,136.0,136.0,87.576543682183,87.576543682183,7669.651003317307
2018-03-14 14:00:00,14,2,0,5251,5044.0,5187.0,5318.416120844744,207.0,207.0,-67.416120844744,67.416120844744,4544.933349753126
2018-03-14 15:00:00,15,2,0,5906,5251.0,5895.0,5743.760510894927,655.0,655.0,162.2394891050726,162.2394891050726,26321.651825074972
2018-03-14 16:00:00,16,2,0,6789,5906.0,6366.0,6503.511523590623,883.0,883.0,285.48847640937674,285.48847640937674,81503.67016254726
2018-03-14 17:00:00,17,2,1,6137,6789.0,5413.0,6416.697216887147,-652.0,652.0,-279.6972168871471,279.6972168871471,78230.53313441579
2018-03-14 18:00:00,18,2,1,4718,6137.0,4470.0,4628.985368024719,-1419.0,1419.0,89.01463197528119,89.01463197528119,7923.604705694753
2018-03-14 19:00:00,19,2,1,3426,4718.0,3436.0,3431.0186211216624,-1292.0,1292.0,-5.018621121662363,5.018621121662363,25.186557962795597
2018-03-14 20:00:00,20,2,0,3115,3426.0,2933.0,2984.2445728696575,-311.0,311.0,130.75542713034247,130.75542713034247,17096.981724038298
2018-03-14 21:00:00,21,2,0,2507,3115.0,2736.0,2805.144954300425,-608.0,608.0,-298.14495430042507,298.14495430042507,88890.41377480255
2018-03-14 22:00:00,22,2,0,1810,2507.0,3761.0,1825.55607859752,-697.0,697.0,-15.5560785975199,15.5560785975199,241.9915813322167
2018-03-14 23:00:00,23,2,0,1094,1810.0,1287.0,1242.2785677927036,-716.0,716.0,-148.2785677927036,148.2785677927036,21986.533666655396
2018-03-15 00:00:00,0,3,0,577,1094.0,665.0,623.1955519175884,-517.0,517.0,-46.19555191758843,46.19555191758843,2134.029016970608
2018-03-15 01:00:00,1,3,0,354,577.0,340.0,356.4194052394674,-223.0,223.0,-2.4194052394673804,2.4194052394673804,5.853521712762213
2018-03-15 02:00:00,2,3,0,259,354.0,285.0,281.27136222100916,-95.0,95.0,-22.271362221009156,22.271362221009156,496.01357517939385
2018-03-15 04:00:00,4,3,0,910,259.0,378.0,771.8092487157695,651.0,651.0,138.1907512842305,138.1907512842305,19096.68374050005
2018-03-15 05:00:00,5,3,0,2797,910.0,903.0,2750.7441720365528,1887.0,1887.0,46.255827963447246,46.255827963447246,2139.6016205840283
2018-03-15 06:00:00,6,3,0,4965,2797.0,2785.0,5648.687105556903,2168.0,2168.0,-683.6871055569027,683.6871055569027,467428.0583047754
2018-03-15 07:00:00,7,3,1,6537,4965.0,5526.0,5807.102223553566,1572.0,1572.0,729.8977764464344,729.8977764464344,532750.7640614491
2018-03-15 08:00:00,8,3,1,5907,6537.0,6542.0,5935.6494514826245,-630.0,630.0,-28.6494514826245,28.6494514826245,820.7910702552551
2018-03-15 09:00:00,9,3,1,5177,5907.0,5854.0,5175.289633136335,-730.0,730.0,1.7103668636646034,1.7103668636646034,2.925354808321892
2018-03-15 10:00:00,10,3,0,4675,5177.0,5312.0,4620.464444017828,-502.0,502.0,54.5355559821719,54.5355559821719,2974.1268662846055
2018-03-15 11:00:00,11,3,0,4905,4675.0,4511.0,4887.0179564261725,230.0,230.0,17.982043573827468,17.982043573827468,323.35389109102977
2018-03-15 12:00:00,12,3,0,5113,4905.0,4825.0,5073.178344076621,208.0,208.0,39.821655923378785,39.821655923378785,1585.7642804799686
2018-03-15 13:00:00,13,3,0,5165,5113.0,4908.0,5137.128034981986,52.0,52.0,27.871965018013725,27.871965018013725,776.8464339653808
2018-03-15 14:00:00,14,3,0,5448,5165.0,5044.0,5380.042206772789,283.0,283.0,67.95779322721137,67.95779322721137,4618.261660312415
2018-03-15 15:00:00,15,3,0,5960,5448.0,5251.0,5889.1874228036695,512.0,512.0,70.8125771963305,70.8125771963305,5014.421089186266
2018-03-15 16:00:00,16,3,0,6586,5960.0,5906.0,6576.376658948033,626.0,626.0,9.623341051967145,9.623341051967145,92.60869300247612
2018-03-15 17:00:00,17,3,1,6279,6586.0,6789.0,6167.131407365246,-307.0,307.0,111.86859263475435,111.86859263475435,12514.582018080615
2018-03-15 18:00:00,18,3,1,4771,6279.0,6137.0,4833.2796994631735,-1508.0,1508.0,-62.27969946317353,62.27969946317353,3878.760965223217
2018-03-15 19:00:00,19,3,1,3503,4771.0,4718.0,3553.244348632781,-1268.0,1268.0,-50.24434863278111,50.24434863278111,2524.494569532453
2018-03-15 20:00:00,20,3,0,3093,3503.0,3426.0,3144.820180977817,-410.0,410.0,-51.82018097781702,51.82018097781702,2685.3311565737085
2018-03-15 21:00:00,21,3,0,2685,3093.0,3115.0,3016.230662419908,-408.0,408.0,-331.2306624199082,331.2306624199082,109713.75172713118
2018-03-15 22:00:00,22,3,0,2157,2685.0,2507.0,2028.4153592942268,-528.0,528.0,128.58464070577315,128.58464070577315,16534.009825432775
2018-03-15 23:00:00,23,3,0,1205,2157.0,1810.0,1339.9461516295241,-952.0,952.0,-134.94615162952414,134.94615162952414,18210.463839618522
2018-03-16 00:00:00,0,4,0,661,1205.0,1094.0,672.0368749060518,-544.0,544.0,-11.036874906051821,11.036874906051821,121.81260769183639
2018-03-16 01:00:00,1,4,0,386,661.0,577.0,409.40464841813133,-275.0,275.0,-23.40464841813133,23.40464841813133,547.7775675763373
2018-03-16 02:00:00,2,4,0,287,386.0,354.0,308.04693729803796,-99.0,99.0,-21.04693729803796,21.04693729803796,442.97356962754145
2018-03-16 04:00:00,4,4,0,793,287.0,259.0,775.3495481911655,506.0,506.0,17.650451808834532,17.650451808834532,311.5384490559902
2018-03-16 05:00:00,5,4,0,2731,793.0,910.0,2633.5684523678224,1938.0,1938.0,97.43154763217763,97.43154763217763,9492.906474001298
2018-03-16 06:00:00,6,4,0,4997,2731.0,2797.0,5522.854083791426,2266.0,2266.0,-525.8540837914261,525.8540837914261,276522.51744012017
2018-03-16 07:00:00,7,4,1,6242,4997.0,4965.0,5813.555100508412,1245.0,1245.0,428.44489949158833,428.44489949158833,183565.03190035722
2018-03-16 08:00:00,8,4,1,5574,6242.0,6537.0,5803.050885602862,-668.0,668.0,-229.05088560286185,229.05088560286185,52464.308195455305
2018-03-16 09:00:00,9,4,1,4900,5574.0,5907.0,5154.897503791713,-674.0,674.0,-254.89750379171255,254.89750379171255,64972.73743924611
2018-03-16 10:00:00,10,4,0,4578,4900.0,5177.0,4654.067914145586,-322.0,322.0,-76.06791414558575,76.06791414558575,5786.327562460204
2018-03-16 11:00:00,11,4,0,5056,4578.0,4675.0,4797.577012457058,478.0,478.0,258.4229875429419,258.4229875429419,66782.4404906195
2018-03-16 12:00:00,12,4,0,5381,5056.0,4905.0,5207.896262489739,325.0,325.0,173.10373751026145,173.10373751026145,29964.903940021497
2018-03-16 13:00:00,13,4,0,5398,5381.0,5113.0,5360.739745443584,17.0,17.0,37.26025455641593,37.26025455641593,1388.326569608914
2018-03-16 14:00:00,14,4,0,5594,5398.0,5165.0,5616.336935511104,196.0,196.0,-22.336935511103547,22.336935511103547,498.9386880271987
2018-03-16 15:00:00,15,4,0,5999,5594.0,5448.0,5851.988490328365,405.0,405.0,147.0115096716354,147.0115096716354,21612.383975933346
2018-03-16 16:00:00,16,4,0,6607,5999.0,5960.0,6252.363607544031,608.0,608.0,354.63639245596914,354.63639245596914,125766.97085418417
2018-03-16 17:00:00,17,4,1,6023,6607.0,6586.0,6044.581771738288,-584.0,584.0,-21.581771738287898,21.581771738287898,465.7728713635623
2018-03-16 18:00:00,18,4,1,4952,6023.0,6279.0,4917.886228616017,-1071.0,1071.0,34.11377138398257,34.11377138398257,1163.7493980386278
2018-03-16 19:00:00,19,4,1,4004,4952.0,4771.0,3827.975962945608,-948.0,948.0,176.024037054392,176.024037054392,30984.461620925973
2018-03-16 20:00:00,20,4,0,3503,4004.0,3503.0,3328.666540516129,-501.0,501.0,174.33345948387114,174.33345948387114,30392.15509561454
2018-03-16 21:00:00,21,4,0,3111,3503.0,3093.0,3224.9861835742167,-392.0,392.0,-113.98618357421674,113.98618357421674,12992.850045815037
2018-03-16 22:00:00,22,4,0,3079,3111.0,2685.0,2846.0915922282006,-32.0,32.0,232.90840777179938,232.90840777179938,54246.326410794776
2018-03-16 23:00:00,23,4,0,1903,3079.0,2157.0,2185.239311774906,-1176.0,1176.0,-282.2393117749061,282.2393117749061,79659.02911117267
2018-03-17 00:00:00,0,5,0,1125,1903.0,1205.0,1243.10280303854,-778.0,778.0,-118.10280303854006,118.10280303854006,13948.272085560187
2018-03-17 01:00:00,1,5,0,621,1125.0,661.0,718.7741169774141,-504.0,504.0,-97.77411697741411,97.77411697741411,9559.777950713058
2018-03-17 02:00:00,2,5,0,498,621.0,386.0,526.686540398828,-123.0,123.0,-28.686540398828015,28.686540398828015,822.9176000535917
2018-03-17 03:00:00,3,5,0,386,498.0,287.0,379.98521236283113,-112.0,112.0,6.014787637168865,6.014787637168865,36.17767032023942
2018-03-17 04:00:00,4,5,0,391,386.0,793.0,403.9016427376708,5.0,5.0,-12.901642737670784,12.901642737670784,166.45238533049329
2018-03-17 05:00:00,5,5,0,681,391.0,2731.0,719.4259959877631,290.0,290.0,-38.425995987763145,38.425995987763145,1476.5571676515892
2018-03-17 06:00:00,6,5,0,1167,681.0,4997.0,1238.0256234153721,486.0,486.0,-71.02562341537214,71.02562341537214,5044.6391815422585
2018-03-17 07:00:00,7,5,1,1895,1167.0,6242.0,1817.3204819952557,728.0,728.0,77.6795180047443,77.6795180047443,6034.1075174493935
2018-03-17 08:00:00,8,5,1,3095,1895.0,5574.0,2729.235223695583,1200.0,1200.0,365.76477630441696,365.76477630441696,133783.87158502018
2018-03-17 09:00:00,9,5,1,3956,3095.0,4900.0,3602.7341367091326,861.0,861.0,353.2658632908674,353.2658632908674,124796.77016664181
2018-03-17 10:00:00,10,5,0,4651,3956.0,4578.0,4122.653719379691,695.0,695.0,528.3462806203088,528.3462806203088,279149.7922453141
2018-03-17 11:00:00,11,5,0,5278,4651.0,5056.0,4723.914179975056,627.0,627.0,554.085820024944,554.085820024944,307011.0959527147
2018-03-17 12:00:00,12,5,0,5798,5278.0,5381.0,5327.763692390861,520.0,520.0,470.23630760913875,470.23630760913875,221122.18499387655
2018-03-17 13:00:00,13,5,0,5686,5798.0,5398.0,5543.202799434042,-112.0,112.0,142.7972005659576,142.7972005659576,20391.040489474326
2018-03-17 14:00:00,14,5,0,5616,5686.0,5594.0,5644.873714424614,-70.0,70.0,-28.873714424614263,28.873714424614263,833.6913846741778
2018-03-17 15:00:00,15,5,0,5217,5616.0,5999.0,5618.760640481147,-399.0,399.0,-401.76064048114677,401.76064048114677,161411.61223982126
2018-03-17 16:00:00,16,5,0,4708,5217.0,6607.0,5061.003368368899,-509.0,509.0,-353.0033683688989,353.0033683688989,124611.37807978854
2018-03-17 17:00:00,17,5,1,4954,4708.0,6023.0,4577.712840862427,246.0,246.0,376.2871591375733,376.2871591375733,141592.02613182543
2018-03-17 18:00:00,18,5,1,4595,4954.0,4952.0,4552.246288870483,-359.0,359.0,42.75371112951689,42.75371112951689,1827.8798153461762
2018-03-17 19:00:00,19,5,1,3918,4595.0,4004.0,3715.6845062790344,-677.0,677.0,202.3154937209656,202.3154937209656,40931.558999558074
2018-03-17 20:00:00,20,5,0,3534,3918.0,3503.0,3333.3822286431478,-384.0,384.0,200.61777135685224,200.61777135685224,40247.49018419025
2018-03-17 21:00:00,21,5,0,3351,3534.0,3111.0,3294.31589576501,-183.0,183.0,56.68410423499017,56.68410423499017,3213.087672923231
2018-03-17 22:00:00,22,5,0,3739,3351.0,3079.0,3276.956483530934,388.0,388.0,462.04351646906616,462.04351646906616,213484.21111110022
2018-03-17 23:00:00,23,5,0,2596,3739.0,1903.0,2259.4758855204213,-1143.0,1143.0,336.52411447957866,336.52411447957866,113248.47962626455
2018-03-18 00:00:00,0,6,0,1642,2596.0,1125.0,1661.3586269899333,-954.0,954.0,-19.358626989933327,19.358626989933327,374.75643893537506
2018-03-18 01:00:00,1,6,0,1075,1642.0,621.0,981.4332015239005,-567.0,567.0,93.5667984760995,93.5667984760995,8754.745777067017
2018-03-18 02:00:00,2,6,0,719,1075.0,498.0,709.244581847383,-356.0,356.0,9.75541815261704,9.75541815261704,95.16818333241005
2018-03-18 03:00:00,3,6,0,417,719.0,386.0,433.141313748019,-302.0,302.0,-16.141313748019,16.141313748019,260.5420095119872
2018-03-18 04:00:00,4,6,0,321,417.0,391.0,371.0383754631632,-96.0,96.0,-50.03837546316322,50.03837546316322,2503.839018992495
2018-03-18 05:00:00,5,6,0,439,321.0,681.0,517.2396113347793,118.0,118.0,-78.23961133477928,78.23961133477928,6121.436781817323
2018-03-18 06:00:00,6,6,0,761,439.0,1167.0,902.872724941965,322.0,322.0,-141.87272494196498,141.87272494196498,20127.870082458452
2018-03-18 07:00:00,7,6,1,1020,761.0,1895.0,1402.8335980299962,259.0,259.0,-382.8335980299962,382.8335980299962,146561.56378059273
2018-03-18 08:00:00,8,6,1,1840,1020.0,3095.0,1743.1094330692663,820.0,820.0,96.89056693073371,96.89056693073371,9387.781960158989
2018-03-18 09:00:00,9,6,1,2776,1840.0,3956.0,2591.088390906745,936.0,936.0,184.9116090932548,184.9116090932548,34192.30317745668
2018-03-18 10:00:00,10,6,0,3658,2776.0,4651.0,3515.818504511498,882.0,882.0,142.18149548850215,142.18149548850215,20215.577659346956
2018-03-18 11:00:00,11,6,0,4175,3658.0,5278.0,3924.8625203677175,517.0,517.0,250.13747963228252,250.13747963228252,62568.75871679055
2018-03-18 12:00:00,12,6,0,4575,4175.0,5798.0,4317.965815625819,400.0,400.0,257.03418437418077,257.03418437418077,66066.57193690035
2018-03-18 13:00:00,13,6,0,4713,4575.0,5686.0,4648.820434813697,138.0,138.0,64.17956518630308,64.17956518630308,4119.016587502926
2018-03-18 14:00:00,14,6,0,4783,4713.0,5616.0,4718.086203202355,70.0,70.0,64.91379679764486,64.91379679764486,4213.801014685929
2018-03-18 15:00:00,15,6,0,4797,4783.0,5217.0,4739.537249245817,14.0,14.0,57.46275075418271,57.46275075418271,3301.9677242373255
2018-03-18 16:00:00,16,6,0,4727,4797.0,4708.0,4756.604861098818,-70.0,70.0,-29.60486109881822,29.60486109881822,876.4478006803203
2018-03-18 17:00:00,17,6,1,4649,4727.0,4954.0,4472.929271802023,-78.0,78.0,176.07072819797668,176.07072819797668,31000.90132816578
2018-03-18 18:00:00,18,6,1,3868,4649.0,4595.0,4230.123428623235,-781.0,781.0,-362.12342862323476,362.12342862323476,131133.377557847
2018-03-18 19:00:00,19,6,1,3174,3868.0,3918.0,3446.7200716157463,-694.0,694.0,-272.7200716157463,272.7200716157463,74376.2374620978
2018-03-18 20:00:00,20,6,0,2692,3174.0,3534.0,2725.864716470342,-482.0,482.0,-33.864716470342046,33.864716470342046,1146.8190216166558
2018-03-18 21:00:00,21,6,0,2068,2692.0,3351.0,2396.2917155142295,-624.0,624.0,-328.2917155142295,328.2917155142295,107775.4504752758
2018-03-18 22:00:00,22,6,0,1560,2068.0,3739.0,1658.9987384597,-508.0,508.0,-98.99873845970001,98.99873845970001,9800.750216612085
2018-03-18 23:00:00,23,6,0,966,1560.0,2596.0,1058.735138059651,-594.0,594.0,-92.73513805965104,92.73513805965104,8599.805830942538
2018-03-19 00:00:00,0,0,0,540,966.0,1642.0,539.2954021542406,-426.0,426.0,0.7045978457593947,0.7045978457593947,0.4964581242487797
2018-03-19 01:00:00,1,0,0,293,540.0,1075.0,348.6521263420814,-247.0,247.0,-55.652126342081374,55.652126342081374,3097.1591663949876
2018-03-19 02:00:00,2,0,0,254,293.0,719.0,271.0808297773531,-39.0,39.0,-17.080829777353074,17.080829777353074,291.75474588291144
2018-03-19 03:00:00,3,0,0,348,254.0,417.0,343.77337546286986,94.0,94.0,4.226624537130135,4.226624537130135,17.86435497787053
2018-03-19 04:00:00,4,0,0,819,348.0,321.0,827.8489145916105,471.0,471.0,-8.848914591610537,8.848914591610537,78.30328944961788
2018-03-19 05:00:00,5,0,0,2788,819.0,439.0,2717.0091464468264,1969.0,1969.0,70.99085355317357,70.99085355317357,5039.701288208136
2018-03-19 06:00:00,6,0,0,5370,2788.0,761.0,5592.414653394894,2582.0,2582.0,-222.41465339489423,222.41465339489423,49468.27804477094
2018-03-19 07:00:00,7,0,1,6710,5370.0,1020.0,5995.572750823564,1340.0,1340.0,714.4272491764359,714.4272491764359,510406.29436580924
2018-03-19 08:00:00,8,0,1,5983,6710.0,1840.0,5981.045249371538,-727.0,727.0,1.9547506284616247,1.9547506284616247,3.8210500194711168
2018-03-19 09:00:00,9,0,1,4958,5983.0,2776.0,5031.236723281939,-1025.0,1025.0,-73.2367232819388,73.2367232819388,5363.6176370752755
2018-03-19 10:00:00,10,0,0,4320,4958.0,3658.0,4448.663413319419,-638.0,638.0,-128.6634133194193,128.6634133194193,16554.273927003724
2018-03-19 11:00:00,11,0,0,4551,4320.0,4175.0,4518.465590992891,231.0,231.0,32.53440900710939,32.53440900710939,1058.4877694418806
2018-03-19 12:00:00,12,0,0,4636,4551.0,4575.0,4785.68804573709,85.0,85.0,-149.68804573708985,149.68804573708985,22406.5110365891
2018-03-19 13:00:00,13,0,0,4712,4636.0,4713.0,4871.001852197773,76.0,76.0,-159.00185219777268,159.00185219777268,25281.589002322347
2018-03-19 14:00:00,14,0,0,4974,4712.0,4783.0,4894.334509394948,262.0,262.0,79.66549060505167,79.66549060505167,6346.590393343577
2018-03-19 15:00:00,15,0,0,5694,4974.0,4797.0,5590.446894398043,720.0,720.0,103.55310560195721,103.55310560195721,10723.245679810103
2018-03-19 16:00:00,16,0,0,6470,5694.0,4727.0,6378.941766482113,776.0,776.0,91.05823351788695,91.05823351788695,8291.60189139803
2018-03-19 17:00:00,17,0,1,5955,6470.0,4649.0,6152.623369687765,-515.0,515.0,-197.62336968776526,197.62336968776526,39054.996246747134
2018-03-19 18:00:00,18,0,1,4314,5955.0,3868.0,4383.932144829169,-1641.0,1641.0,-69.93214482916937,69.93214482916937,4890.504880407921
2018-03-19 19:00:00,19,0,1,3201,4314.0,3174.0,3085.6939418494103,-1113.0,1113.0,115.3060581505897,115.3060581505897,13295.487046227176
2018-03-19 20:00:00,20,0,0,2582,3201.0,2692.0,2745.604774529151,-619.0,619.0,-163.6047745291512,163.6047745291512,26766.5222487344
2018-03-19 21:00:00,21,0,0,2628,2582.0,2068.0,2334.61571256628,46.0,46.0,293.38428743372015,293.38428743372015,86074.34011299172
2018-03-19 22:00:00,22,0,0,3231,2628.0,1560.0,1958.9696924736177,603.0,603.0,1272.0303075263823,1272.0303075263823,1618061.103265663
2018-03-19 23:00:00,23,0,0,1086,3231.0,966.0,1267.6879637168352,-2145.0,2145.0,-181.68796371683516,181.68796371683516,33010.516159570005
2018-03-20 00:00:00,0,1,0,556,1086.0,540.0,631.2026479962154,-530.0,530.0,-75.20264799621543,75.20264799621543,5655.438265642685
2018-03-20 01:00:00,1,1,0,337,556.0,293.0,348.9632257382924,-219.0,219.0,-11.963225738292408,11.963225738292408,143.11877006534192
2018-03-20 02:00:00,2,1,0,247,337.0,254.0,271.94150620311103,-90.0,90.0,-24.941506203111032,24.941506203111032,622.0787316798261
2018-03-20 03:00:00,3,1,0,353,247.0,348.0,352.7157341643777,106.0,106.0,0.2842658356223069,0.2842658356223069,0.0808070653020484
2018-03-20 04:00:00,4,1,0,885,353.0,819.0,835.4057378752375,532.0,532.0,49.59426212476251,49.59426212476251,2459.590835699653
2018-03-20 05:00:00,5,1,0,2867,885.0,2788.0,2750.7441720365528,1982.0,1982.0,116.25582796344725,116.25582796344725,13515.417535466642
2018-03-20 06:00:00,6,1,0,5619,2867.0,5370.0,5724.469944791617,2752.0,2752.0,-105.46994479161731,105.46994479161731,11123.909254346803
2018-03-20 07:00:00,7,1,1,6426,5619.0,6710.0,6396.178641133011,807.0,807.0,29.821358866988703,29.821358866988703,889.3134446737257
2018-03-20 08:00:00,8,1,1,5876,6426.0,5983.0,5894.578621570864,-550.0,550.0,-18.578621570864016,18.578621570864016,345.1651794733737
2018-03-20 09:00:00,9,1,1,5130,5876.0,4958.0,5156.001855842024,-746.0,746.0,-26.00185584202427,26.00185584202427,676.0965072294116
2018-03-20 09:00:00,9,1,1,5130,5130.0,4320.0,5044.180159226341,0.0,0.0,85.81984077365905,85.81984077365905,7365.045070416193
2018-03-20 10:00:00,10,1,0,4406,5130.0,4551.0,4550.133093997578,-724.0,724.0,-144.13309399757782,144.13309399757782,20774.348785314603
2018-03-20 10:00:00,10,1,0,4406,4406.0,4636.0,4507.006822265798,0.0,0.0,-101.00682226579829,101.00682226579829,10202.378144234566
2018-03-20 10:00:00,10,1,0,4406,4406.0,4712.0,4507.006822265798,0.0,0.0,-101.00682226579829,101.00682226579829,10202.378144234566
2018-03-20 11:00:00,11,1,0,4427,4406.0,4974.0,4604.556144047879,21.0,21.0,-177.55614404787866,177.55614404787866,31526.184289151035
2018-03-20 11:00:00,11,1,0,4427,4427.0,5694.0,4667.142437686283,0.0,0.0,-240.1424376862833,240.1424376862833,57668.39037791046
2018-03-20 12:00:00,12,1,0,4600,4427.0,6470.0,4667.142437686283,173.0,173.0,-67.1424376862833,67.1424376862833,4508.106938456436
2018-03-20 12:00:00,12,1,0,4600,4600.0,5955.0,4846.1150054645395,0.0,0.0,-246.11500546453954,246.11500546453954,60572.59591481033
2018-03-20 13:00:00,13,1,0,4696,4600.0,4314.0,4846.1150054645395,96.0,96.0,-150.11500546453954,150.11500546453954,22534.514865618734
2018-03-20 13:00:00,13,1,0,4696,4696.0,3201.0,4892.376020448836,0.0,0.0,-196.37602044883624,196.37602044883624,38563.54140732175
2018-03-20 14:00:00,14,1,0,4958,4696.0,2582.0,4893.28493243483,262.0,262.0,64.7150675651701,64.7150675651701,4188.039969964531
2018-03-20 14:00:00,14,1,0,4958,4958.0,2628.0,5237.973522165594,0.0,0.0,-279.97352216559375,279.97352216559375,78385.17311380821
2018-03-20 14:00:00,14,1,0,4958,4958.0,3231.0,5239.42771884854,0.0,0.0,-281.4277188485403,281.4277188485403,79201.56093629304
2018-03-20 14:00:00,14,1,0,4958,4958.0,1086.0,5239.42771884854,0.0,0.0,-281.4277188485403,281.4277188485403,79201.56093629304
2018-03-20 14:00:00,14,1,0,4958,4958.0,556.0,5235.138071242994,0.0,0.0,-277.13807124299365,277.13807124299365,76805.51053228661
2018-03-20 15:00:00,15,1,0,5690,4958.0,337.0,5559.210616492061,732.0,732.0,130.78938350793942,130.78938350793942,17105.862838386856
2018-03-20 15:00:00,15,1,0,5690,5690.0,247.0,5851.4949782874155,0.0,0.0,-161.4949782874155,161.4949782874155,26080.628012052806
2018-03-20 15:00:00,15,1,0,5690,5690.0,353.0,5851.4949782874155,0.0,0.0,-161.4949782874155,161.4949782874155,26080.628012052806
2018-03-20 15:00:00,15,1,0,5690,5690.0,885.0,5851.4949782874155,0.0,0.0,-161.4949782874155,161.4949782874155,26080.628012052806
2018-03-20 16:00:00,16,1,0,6609,5690.0,2867.0,6342.864625792657,919.0,919.0,266.1353742073434,266.1353742073434,70828.03740448269
2018-03-20 16:00:00,16,1,0,6609,6609.0,5619.0,6422.895353385604,0.0,0.0,186.1046466143962,186.1046466143962,34634.93949146929
2018-03-20 17:00:00,17,1,1,6097,6609.0,6426.0,6171.066729527255,-512.0,512.0,-74.06672952725512,74.06672952725512,5485.880422863565
2018-03-20 17:00:00,17,1,1,6097,6097.0,5876.0,5916.836353688367,0.0,0.0,180.16364631163287,180.16364631163287,32458.939452303144
2018-03-20 18:00:00,18,1,1,4569,6097.0,5130.0,4648.349201804572,-1528.0,1528.0,-79.34920180457175,79.34920180457175,6296.295827022653
2018-03-20 19:00:00,19,1,1,3098,4569.0,5130.0,3342.8727006959934,-1471.0,1471.0,-244.87270069599344,244.87270069599344,59962.639546149585
2018-03-20 19:00:00,19,1,1,3098,3098.0,4406.0,3042.5990444534414,0.0,0.0,55.400955546558635,55.400955546558635,3069.265875471766
2018-03-20 20:00:00,20,1,0,2741,3098.0,4406.0,2800.9433296725633,-357.0,357.0,-59.94332967256332,59.94332967256332,3593.2027722336106
2018-03-20 20:00:00,20,1,0,2741,2741.0,4406.0,2689.639371933555,0.0,0.0,51.36062806644486,51.36062806644486,2637.9141153796836
2018-03-20 20:00:00,20,1,0,2741,2741.0,4427.0,2677.9550404601164,0.0,0.0,63.04495953988362,63.04495953988362,3974.6669233855628
2018-03-20 21:00:00,21,1,0,2517,2741.0,4427.0,2675.91986490785,-224.0,224.0,-158.91986490784984,158.91986490784984,25255.523462329245
2018-03-20 21:00:00,21,1,0,2517,2517.0,4600.0,2370.3727404220845,0.0,0.0,146.62725957791554,146.62725957791554,21499.553251329424
2018-03-20 21:00:00,21,1,0,2517,2517.0,4600.0,2369.109362413376,0.0,0.0,147.89063758662405,147.89063758662405,21871.64068577818
2018-03-20 22:00:00,22,1,0,1621,2517.0,4696.0,1842.8804218207024,-896.0,896.0,-221.8804218207024,221.8804218207024,49230.92158733283
2018-03-20 22:00:00,22,1,0,1621,1621.0,4696.0,1613.1065971482064,0.0,0.0,7.893402851793553,7.893402851793553,62.305808580702596
2018-03-20 23:00:00,23,1,0,1062,1621.0,4958.0,1169.5789358937668,-559.0,559.0,-107.57893589376681,107.57893589376681,11573.22744803519
2018-03-21 00:00:00,0,2,0,578,1062.0,4958.0,597.232772873498,-484.0,484.0,-19.232772873497993,19.232772873497993,369.8995524035602
2018-03-21 01:00:00,1,2,0,335,578.0,4958.0,355.9723964371331,-243.0,243.0,-20.972396437133114,20.972396437133114,439.8414123162737
2018-03-21 02:00:00,2,2,0,261,335.0,4958.0,271.94150620311103,-74.0,74.0,-10.941506203111032,10.941506203111032,119.7165579927172
2018-03-21 03:00:00,3,2,0,353,261.0,4958.0,352.438121417559,92.0,92.0,0.5618785824410111,0.5618785824410111,0.31570754140592006
2018-03-21 04:00:00,4,2,0,893,353.0,5690.0,849.2575866608536,540.0,540.0,43.742413339146424,43.742413339146424,1913.398724732735
2018-03-21 05:00:00,5,2,0,2950,893.0,5690.0,2750.7441720365528,2057.0,2057.0,199.25582796344725,199.25582796344725,39702.884977398884
2018-03-21 06:00:00,6,2,0,5538,2950.0,5690.0,5793.89669726364,2588.0,2588.0,-255.8966972636399,255.8966972636399,65483.11967043897
2018-03-21 07:00:00,7,2,1,6840,5538.0,5690.0,6359.077380267537,1302.0,1302.0,480.9226197324633,480.9226197324633,231286.5661703355
2018-03-21 08:00:00,8,2,1,6218,6840.0,6609.0,6011.116029919608,-622.0,622.0,206.88397008039192,206.88397008039192,42800.977076224495
2018-03-21 08:00:00,8,2,1,6218,6218.0,6609.0,5821.943841659469,0.0,0.0,396.0561583405306,396.0561583405306,156860.48055945945
2018-03-21 09:00:00,9,2,1,5356,6218.0,6097.0,5177.878825956828,-862.0,862.0,178.12117404317178,178.12117404317178,31727.152642517893
2018-03-21 09:00:00,9,2,1,5356,5356.0,6097.0,5055.07173849574,0.0,0.0,300.92826150426026,300.92826150426026,90557.81857197644
2018-03-21 10:00:00,10,2,0,4551,5356.0,4569.0,4575.268094802359,-805.0,805.0,-24.268094802358974,24.268094802358974,588.9404253362826
2018-03-21 11:00:00,11,2,0,4807,4551.0,3098.0,4785.68804573709,256.0,256.0,21.31195426291015,21.31195426291015,454.1993945043741
2018-03-21 12:00:00,12,2,0,4993,4807.0,3098.0,5034.371985812153,186.0,186.0,-41.37198581215307,41.37198581215307,1711.641210040995
2018-03-21 13:00:00,13,2,0,4879,4993.0,2741.0,4964.315936839901,-114.0,114.0,-85.31593683990104,85.31593683990104,7278.809078869984
2018-03-21 14:00:00,14,2,0,5173,4879.0,2741.0,5154.044868997851,294.0,294.0,18.955131002148846,18.955131002148846,359.29699130862434
2018-03-21 15:00:00,15,2,0,5863,5173.0,2741.0,5744.737974043943,690.0,690.0,118.26202595605719,118.26202595605719,13985.906783231143
2018-03-21 16:00:00,16,2,0,6790,5863.0,2517.0,6577.4546302285,927.0,927.0,212.5453697715002,212.5453697715002,45175.53421130375
2018-03-21 17:00:00,17,2,1,6310,6790.0,2517.0,6419.751101918835,-480.0,480.0,-109.75110191883505,109.75110191883505,12045.304372398517
2018-03-21 18:00:00,18,2,1,4591,6310.0,2517.0,4677.207931343588,-1719.0,1719.0,-86.20793134358792,86.20793134358792,7431.807426540768
2018-03-21 19:00:00,19,2,1,3493,4591.0,1621.0,3397.2820037107754,-1098.0,1098.0,95.71799628922463,95.71799628922463,9161.93481362402
2018-03-21 20:00:00,20,2,0,2991,3493.0,1621.0,3035.203724921,-502.0,502.0,-44.203724920999775,44.203724920999775,1953.9692968914167
2018-03-21 21:00:00,21,2,0,2592,2991.0,1062.0,2773.840394893711,-399.0,399.0,-181.84039489371116,181.84039489371116,33065.92921510082
2018-03-21 22:00:00,22,2,0,1664,2592.0,578.0,1948.2848108882597,-928.0,928.0,-284.2848108882597,284.2848108882597,80817.85370177358
2018-03-21 23:00:00,23,2,0,1093,1664.0,335.0,1166.3592950731347,-571.0,571.0,-73.35929507313472,73.35929507313472,5381.586173627247
2018-03-22 00:00:00,0,3,0,609,1093.0,261.0,626.0025246790459,-484.0,484.0,-17.002524679045905,17.002524679045905,289.08584546156504
2018-03-22 01:00:00,1,3,0,346,609.0,353.0,384.6172959196813,-263.0,263.0,-38.61729591968128,38.61729591968128,1491.2955441482327
2018-03-22 02:00:00,2,3,0,228,346.0,893.0,272.811055243227,-118.0,118.0,-44.811055243226974,44.811055243226974,2008.0306720115398
2018-03-22 03:00:00,3,3,0,330,228.0,2950.0,353.1596581347322,102.0,102.0,-23.159658134732183,23.159658134732183,536.3697649176665
2018-03-22 04:00:00,4,3,0,868,330.0,5538.0,838.1053047339003,538.0,538.0,29.89469526609969,29.89469526609969,893.6928050529631
2018-03-22 05:00:00,5,3,0,2903,868.0,6840.0,2733.0869023115856,2035.0,2035.0,169.91309768841438,169.91309768841438,28870.46076607265
2018-03-22 06:00:00,6,3,0,5530,2903.0,6218.0,5805.684180678072,2627.0,2627.0,-275.68418067807215,275.68418067807215,76001.76747613992
2018-03-22 07:00:00,7,3,1,6833,5530.0,6218.0,6378.362238451963,1303.0,1303.0,454.6377615480369,454.6377615480369,206695.49422540967
2018-03-22 08:00:00,8,3,1,6206,6833.0,5356.0,6027.966779566007,-627.0,627.0,178.03322043399294,178.03322043399294,31695.82757809872
2018-03-22 09:00:00,9,3,1,5222,6206.0,5356.0,5186.083727337555,-984.0,984.0,35.91627266244541,35.91627266244541,1289.9786419631234
2018-03-22 10:00:00,10,3,0,4573,5222.0,4551.0,4612.960009332159,-649.0,649.0,-39.960009332158734,39.960009332158734,1596.802345826213
2018-03-22 11:00:00,11,3,0,5059,4573.0,4807.0,4789.121323531702,486.0,486.0,269.8786764682982,269.8786764682982,72834.50001228036
2018-03-22 12:00:00,12,3,0,5162,5059.0,4993.0,5162.294091330586,103.0,103.0,-0.29409133058561565,0.29409133058561565,0.08648971072561787
2018-03-22 13:00:00,13,3,0,5165,5162.0,4879.0,5204.988939538564,3.0,3.0,-39.98893953856441,39.98893953856441,1599.11528541896
2018-03-22 14:00:00,14,3,0,5386,5165.0,5173.0,5380.690278806686,221.0,221.0,5.309721193313635,5.309721193313635,28.193139150723972
2018-03-22 15:00:00,15,3,0,5963,5386.0,5863.0,5786.228744079603,577.0,577.0,176.77125592039738,176.77125592039738,31248.076919674626
2018-03-22 16:00:00,16,3,0,6918,5963.0,6790.0,6597.889752077233,955.0,955.0,320.1102479227666,320.1102479227666,102470.57082517508
2018-03-22 17:00:00,17,3,1,6374,6918.0,6310.0,6419.595456991299,-544.0,544.0,-45.595456991299216,45.595456991299216,2078.9456982454167
2018-03-22 18:00:00,18,3,1,4694,6374.0,4591.0,4782.7295115955585,-1680.0,1680.0,-88.7295115955585,88.7295115955585,7872.9262279863515
2018-03-22 19:00:00,19,3,1,3737,4694.0,3493.0,3537.2900013494827,-957.0,957.0,199.70999865051726,199.70999865051726,39884.08356098961
2018-03-22 20:00:00,20,3,0,3510,3737.0,2991.0,3245.2529340884894,-227.0,227.0,264.7470659115106,264.7470659115106,70091.00890875375
2018-03-22 21:00:00,21,3,0,2896,3510.0,2592.0,3220.1861654287018,-614.0,614.0,-324.18616542870177,324.18616542870177,105096.66985536559
2018-03-22 22:00:00,22,3,0,2298,2896.0,1664.0,2395.9895181561274,-598.0,598.0,-97.98951815612736,97.98951815612736,9601.945668470014
2018-03-22 23:00:00,23,3,0,1235,2298.0,1093.0,1356.6971945820571,-1063.0,1063.0,-121.69719458205714,121.69719458205714,14810.207169143077
2018-03-23 00:00:00,0,4,0,645,1235.0,609.0,708.107819308072,-590.0,590.0,-63.10781930807195,63.10781930807195,3982.596857820259
2018-03-23 01:00:00,1,4,0,379,645.0,346.0,403.94664248866974,-266.0,266.0,-24.946642488669738,24.946642488669738,622.3349714575023
2018-03-23 02:00:00,2,4,0,285,379.0,228.0,292.2162304059431,-94.0,94.0,-7.216230405943122,7.216230405943122,52.073981271658035
2018-03-23 03:00:00,3,4,0,382,285.0,330.0,353.1596581347322,97.0,97.0,28.840341865267817,28.840341865267817,831.7653189055195
2018-03-23 04:00:00,4,4,0,800,382.0,868.0,816.7109222003448,418.0,418.0,-16.71092220034484,16.71092220034484,279.254920785978
2018-03-23 05:00:00,5,4,0,2744,800.0,2903.0,2659.0594002237103,1944.0,1944.0,84.94059977628967,84.94059977628967,7214.905490355822
2018-03-23 06:00:00,6,4,0,5245,2744.0,5530.0,5619.279235674313,2501.0,2501.0,-374.279235674313,374.279235674313,140084.94625694794
2018-03-23 07:00:00,7,4,1,6407,5245.0,6833.0,6104.000227090654,1162.0,1162.0,302.99977290934567,302.99977290934567,91808.86238311505
2018-03-23 08:00:00,8,4,1,5885,6407.0,6206.0,5872.579883345661,-522.0,522.0,12.420116654338926,12.420116654338926,154.25929770738716
2018-03-23 09:00:00,9,4,1,5294,5885.0,5222.0,5184.925059158736,-591.0,591.0,109.07494084126392,109.07494084126392,11897.342719525224
2018-03-23 10:00:00,10,4,0,4876,5294.0,4573.0,4688.089379440088,-418.0,418.0,187.91062055991188,187.91062055991188,35310.401319211174
2018-03-23 11:00:00,11,4,0,5230,4876.0,5059.0,5062.822482841143,354.0,354.0,167.17751715885697,167.17751715885697,27948.322243399918
2018-03-23 12:00:00,12,4,0,5405,5230.0,5162.0,5343.39162871193,175.0,175.0,61.608371288069975,61.608371288069975,3795.5914127686847
2018-03-23 13:00:00,13,4,0,5369,5405.0,5165.0,5440.109419220941,-36.0,36.0,-71.10941922094116,71.10941922094116,5056.549501939557
2018-03-23 14:00:00,14,4,0,5525,5369.0,5386.0,5570.182633632743,156.0,156.0,-45.18263363274309,45.18263363274309,2041.4703819906872
2018-03-23 15:00:00,15,4,0,6042,5525.0,5963.0,5901.572937602617,517.0,517.0,140.42706239738345,140.42706239738345,19719.759853558626
2018-03-23 16:00:00,16,4,0,6712,6042.0,6918.0,6354.411294362746,670.0,670.0,357.58870563725395,357.58870563725395,127869.68239932666
2018-03-23 17:00:00,17,4,1,6248,6712.0,6374.0,6127.613749322029,-464.0,464.0,120.38625067797057,120.38625067797057,14492.849352299168
2018-03-23 18:00:00,18,4,1,5041,6248.0,4694.0,5051.163225193637,-1207.0,1207.0,-10.163225193637118,10.163225193637118,103.29114633658023
2018-03-23 19:00:00,19,4,1,4067,5041.0,3737.0,3845.988735376841,-974.0,974.0,221.01126462315915,221.01126462315915,48845.97909032808
2018-03-23 20:00:00,20,4,0,3229,4067.0,3510.0,3327.553883933732,-838.0,838.0,-98.55388393373187,98.55388393373187,9712.868038423492
2018-03-23 21:00:00,21,4,0,2915,3229.0,2896.0,3046.998318125014,-314.0,314.0,-131.99831812501407,131.99831812501407,17423.555987832417
2018-03-23 22:00:00,22,4,0,2928,2915.0,2298.0,2728.626916972396,13.0,13.0,199.37308302760403,199.37308302760403,39749.626235931886
2018-03-23 23:00:00,23,4,0,2932,2928.0,1235.0,2120.957473803245,4.0,4.0,811.0425261967548,811.0425261967548,657789.9792996137
2018-03-24 00:00:00,0,5,0,1453,2932.0,645.0,1554.631801983784,-1479.0,1479.0,-101.63180198378404,101.63180198378404,10329.02317447109
2018-03-24 01:00:00,1,5,0,950,1453.0,379.0,889.319617430455,-503.0,503.0,60.68038256954503,60.68038256954503,3682.1088287863445
2018-03-24 08:00:00,8,5,1,3049,950.0,285.0,2846.628461980824,2099.0,2099.0,202.3715380191761,202.3715380191761,40954.23940024684
2018-03-24 09:00:00,9,5,1,3912,3049.0,382.0,3749.5964812423736,863.0,863.0,162.40351875762644,162.40351875762644,26374.902904858725
2018-03-24 10:00:00,10,5,0,4466,3912.0,800.0,4096.6361152510335,554.0,554.0,369.3638847489665,369.3638847489665,136429.6793568478
2018-03-24 11:00:00,11,5,0,6006,4466.0,2744.0,4601.31096767791,1540.0,1540.0,1404.6890323220896,1404.6890323220896,1973151.2775259684
2018-03-24 12:00:00,12,5,0,6470,6006.0,5245.0,5603.254621598055,464.0,464.0,866.7453784019453,866.7453784019453,751247.5509811314
2018-03-24 13:00:00,13,5,0,5148,6470.0,6407.0,5598.425201955198,-1322.0,1322.0,-450.42520195519774,450.42520195519774,202882.86255638066
2018-03-24 14:00:00,14,5,0,4994,5148.0,5885.0,4953.360455738616,-154.0,154.0,40.63954426138389,40.63954426138389,1651.5725577729802
2018-03-24 15:00:00,15,5,0,5019,4994.0,5294.0,4906.366410506261,25.0,25.0,112.63358949373924,112.63358949373924,12686.325482244165
2018-03-24 16:00:00,16,5,0,4874,5019.0,4876.0,4907.052557616679,-145.0,145.0,-33.05255761667922,33.05255761667922,1092.4715650038997
2018-03-24 17:00:00,17,5,1,4787,4874.0,5230.0,4725.417359761206,-87.0,87.0,61.58264023879383,61.58264023879383,3792.421578780709
2018-03-24 18:00:00,18,5,1,4511,4787.0,5405.0,4506.825934625684,-276.0,276.0,4.174065374316342,4.174065374316342,17.422821749066625
2018-03-24 19:00:00,19,5,1,3788,4511.0,5369.0,3677.399121259913,-723.0,723.0,110.60087874008696,110.60087874008696,12232.554378079418
2018-03-24 20:00:00,20,5,0,3044,3788.0,5525.0,3285.8341298835817,-744.0,744.0,-241.83412988358168,241.83412988358168,58483.746376549054
2018-03-24 21:00:00,21,5,0,3602,3044.0,6042.0,3064.246541124771,558.0,558.0,537.7534588752292,537.7534588752292,289178.7825322728
2018-03-24 22:00:00,22,5,0,4409,3602.0,6712.0,3266.995924099363,807.0,807.0,1142.004075900637,1142.004075900637,1304173.3093736677
2018-03-24 23:00:00,23,5,0,2104,4409.0,6248.0,2220.147247795073,-2305.0,2305.0,-116.14724779507287,116.14724779507287,13490.18317037006
2018-03-25 00:00:00,0,6,0,1324,2104.0,5041.0,1404.891527130677,-780.0,780.0,-80.8915271306771,80.8915271306771,6543.439161533071
2018-03-25 01:00:00,1,6,0,795,1324.0,4067.0,854.7231874099633,-529.0,529.0,-59.723187409963316,59.723187409963316,3566.859114405601
2018-03-25 02:00:00,2,6,0,658,795.0,3229.0,597.593625848809,-137.0,137.0,60.40637415119102,60.40637415119102,3648.9300380936784
2018-03-25 03:00:00,3,6,0,340,658.0,2915.0,421.91021204701536,-318.0,318.0,-81.91021204701536,81.91021204701536,6709.28283758702
2018-03-25 04:00:00,4,6,0,274,340.0,2928.0,299.9364577515482,-66.0,66.0,-25.936457751548176,25.936457751548176,672.6998406978435
2018-03-25 05:00:00,5,6,0,440,274.0,2932.0,464.70661691838313,166.0,166.0,-24.706616918383133,24.706616918383133,610.4169195517356
2018-03-25 06:00:00,6,6,0,771,440.0,1453.0,956.5154507358196,331.0,331.0,-185.51545073581963,185.51545073581963,34415.98246171432
2018-03-25 07:00:00,7,6,1,1158,771.0,950.0,1333.1630611109917,387.0,387.0,-175.16306111099175,175.16306111099175,30682.097977773028
2018-03-25 08:00:00,8,6,1,1847,1158.0,3049.0,1853.2456871475651,689.0,689.0,-6.24568714756515,6.24568714756515,39.00860794526049
2018-03-25 09:00:00,9,6,1,2788,1847.0,3912.0,2692.8539164158306,941.0,941.0,95.14608358416945,95.14608358416945,9052.777221405759
2018-03-25 10:00:00,10,6,0,3617,2788.0,4466.0,3521.720950567312,829.0,829.0,95.27904943268823,95.27904943268823,9078.097260796647
2018-03-25 11:00:00,11,6,0,3939,3617.0,6006.0,3914.5859450241605,322.0,322.0,24.414054975839463,24.414054975839463,596.0460803633116
2018-03-25 12:00:00,12,6,0,4628,3939.0,6470.0,4136.944051794968,689.0,689.0,491.0559482050321,491.0559482050321,241135.94426754318
2018-03-25 13:00:00,13,6,0,4615,4628.0,5148.0,4708.398401290477,-13.0,13.0,-93.39840129047661,93.39840129047661,8723.261363616903
2018-03-25 14:00:00,14,6,0,4447,4615.0,4994.0,4696.164054569051,-168.0,168.0,-249.16405456905068,249.16405456905068,62082.726089288866
2018-03-25 15:00:00,15,6,0,4447,4447.0,5019.0,4604.030118083952,0.0,0.0,-157.0301180839524,157.0301180839524,24658.457985460034
2018-03-25 16:00:00,16,6,0,4540,4447.0,4874.0,4597.303506513285,93.0,93.0,-57.303506513285356,57.303506513285356,3283.691858718137
2018-03-25 17:00:00,17,6,1,4345,4540.0,4787.0,4400.433443166635,-195.0,195.0,-55.43344316663479,55.43344316663479,3072.866621308529
2018-03-25 18:00:00,18,6,1,3799,4345.0,4511.0,4036.848920469462,-546.0,546.0,-237.84892046946197,237.84892046946197,56572.10896848845
2018-03-25 19:00:00,19,6,1,2980,3799.0,3788.0,3405.7284468868015,-819.0,819.0,-425.7284468868015,425.7284468868015,181244.71048864818
2018-03-25 20:00:00,20,6,0,2784,2980.0,3044.0,2636.653509384036,-196.0,196.0,147.34649061596383,147.34649061596383,21710.988296840318
2018-03-25 21:00:00,21,6,0,3967,2784.0,3602.0,2438.43054370534,1183.0,1183.0,1528.56945629466,1528.56945629466,2336524.5827169525
2018-03-25 22:00:00,22,6,0,1794,3967.0,4409.0,3182.9127652153857,-2173.0,2173.0,-1388.9127652153857,1388.9127652153857,1929078.669378249
2018-03-25 23:00:00,23,6,0,984,1794.0,2104.0,1300.7668065597372,-810.0,810.0,-316.76680655973723,316.76680655973723,100341.20973805399
2018-03-26 00:00:00,0,0,0,518,984.0,1324.0,544.3999462126244,-466.0,466.0,-26.3999462126244,26.3999462126244,696.9571600294614
2018-03-26 01:00:00,1,0,0,325,518.0,795.0,338.6933853140943,-193.0,193.0,-13.693385314094314,13.693385314094314,187.50880136025384
2018-03-26 02:00:00,2,0,0,248,325.0,658.0,271.6448936112392,-77.0,77.0,-23.644893611239183,23.644893611239183,559.0809938868196
2018-03-26 03:00:00,3,0,0,336,248.0,340.0,343.6072173148129,88.0,88.0,-7.607217314812885,7.607217314812885,57.869755274788965
2018-03-26 03:00:00,3,0,0,336,336.0,274.0,344.45956415578706,0.0,0.0,-8.459564155787064,8.459564155787064,71.56422570587729
2018-03-26 04:00:00,4,0,0,851,336.0,440.0,827.5090962986299,515.0,515.0,23.490903701370144,23.490903701370144,551.8225567070455
2018-03-26 05:00:00,5,0,0,2625,851.0,771.0,2717.156383786207,1774.0,1774.0,-92.15638378620679,92.15638378620679,8492.799072550637
2018-03-26 05:00:00,5,0,0,2625,2625.0,1158.0,2618.117393442701,0.0,0.0,6.882606557298914,6.882606557298914,47.370273022574004
2018-03-26 06:00:00,6,0,0,5213,2625.0,1847.0,5476.619526978816,2588.0,2588.0,-263.6195269788159,263.6195269788159,69495.25500453463
2018-03-26 06:00:00,6,0,0,5213,5213.0,2788.0,5269.109949035857,0.0,0.0,-56.109949035857426,56.109949035857426,3148.3263808065176
2018-03-26 07:00:00,7,0,1,6382,5213.0,3617.0,5920.101384577426,1169.0,1169.0,461.89861542257404,461.89861542257404,213350.33092929094
2018-03-26 08:00:00,8,0,1,5654,6382.0,3939.0,5889.971597926713,-728.0,728.0,-235.971597926713,235.971597926713,55682.5950280863
2018-03-26 09:00:00,9,0,1,4843,5654.0,4628.0,5031.236723281939,-811.0,811.0,-188.2367232819388,188.2367232819388,35433.0639919212
2018-03-26 10:00:00,10,0,0,4129,4843.0,4615.0,4426.379544224892,-714.0,714.0,-297.379544224892,297.379544224892,88434.59332340451
2018-03-26 11:00:00,11,0,0,4370,4129.0,4447.0,4309.110719523541,241.0,241.0,60.889280476459135,60.889280476459135,3707.5044769409074
2018-03-26 12:00:00,12,0,0,4562,4370.0,4447.0,4539.502514016803,192.0,192.0,22.497485983197294,22.497485983197294,506.1368755641587
2018-03-26 13:00:00,13,0,0,4661,4562.0,4540.0,4786.668182276316,99.0,99.0,-125.66818227631575,125.66818227631575,15792.492036633319
2018-03-26 14:00:00,14,0,0,4992,4661.0,4345.0,4877.559078019867,331.0,331.0,114.44092198013277,114.44092198013277,13096.724623662836
2018-03-26 14:00:00,14,0,0,4992,4992.0,3799.0,5262.60444012535,0.0,0.0,-270.60444012535027,270.60444012535027,73226.76301555427
2018-03-26 15:00:00,15,0,0,5494,4992.0,2980.0,5595.624965475282,502.0,502.0,-101.6249654752819,101.6249654752819,10327.633607852238
2018-03-26 16:00:00,16,0,0,6402,5494.0,2784.0,6317.433095205184,908.0,908.0,84.56690479481585,84.56690479481585,7151.5613865754485
2018-03-26 16:00:00,16,0,0,6402,6402.0,3967.0,6559.4337930770635,0.0,0.0,-157.43379307706346,157.43379307706346,24785.399202631634
2018-03-26 17:00:00,17,0,1,5956,6402.0,1794.0,6120.063893275769,-446.0,446.0,-164.06389327576926,164.06389327576926,26916.961076803007
2018-03-26 17:00:00,17,0,1,5956,5956.0,984.0,5909.535238244654,0.0,0.0,46.464761755346444,46.464761755346444,2158.9740849811055
2018-03-26 17:00:00,17,0,1,5956,5956.0,518.0,5925.377258199183,0.0,0.0,30.622741800816584,30.622741800816584,937.7523153994794
2018-03-26 18:00:00,18,0,1,4041,5956.0,325.0,4306.81919735233,-1915.0,1915.0,-265.81919735232987,265.81919735232987,70659.8456810369
2018-03-26 18:00:00,18,0,1,4041,4041.0,248.0,4014.282940171939,0.0,0.0,26.717059828060883,26.717059828060883,713.8012858561846
2018-03-26 18:00:00,18,0,1,4041,4041.0,336.0,4009.066352736333,0.0,0.0,31.9336472636669,31.9336472636669,1019.7578275603004
2018-03-26 19:00:00,19,0,1,3000,4041.0,336.0,2951.328246370555,-1041.0,1041.0,48.67175362944499,48.67175362944499,2368.939601365392
2018-03-26 19:00:00,19,0,1,3000,3000.0,851.0,2942.2743733903167,0.0,0.0,57.72562660968333,57.72562660968333,3332.2479674805804
2018-03-26 19:00:00,19,0,1,3000,3000.0,2625.0,2938.5049543205973,0.0,0.0,61.495045679402665,61.495045679402665,3781.6406431118203
2018-03-26 20:00:00,20,0,0,2500,3000.0,2625.0,2695.7009904168012,-500.0,500.0,-195.70099041680123,195.70099041680123,38298.87765011693
2018-03-26 20:00:00,20,0,0,2500,2500.0,5213.0,2319.9938615988854,0.0,0.0,180.00613840111464,180.00613840111464,32402.20986208124
2018-03-26 20:00:00,20,0,0,2500,2500.0,5213.0,2316.8437225590305,0.0,0.0,183.15627744096946,183.15627744096946,33546.22196603338
2018-03-26 21:00:00,21,0,0,2012,2500.0,6382.0,2309.831620145702,-488.0,488.0,-297.8316201457019,297.8316201457019,88703.67395861365
2018-03-26 21:00:00,21,0,0,2012,2012.0,5654.0,2018.3579245919204,0.0,0.0,-6.357924591920437,6.357924591920437,40.423205116546654
2018-03-26 21:00:00,21,0,0,2012,2012.0,4843.0,2018.3579245919204,0.0,0.0,-6.357924591920437,6.357924591920437,40.423205116546654
2018-03-26 21:00:00,21,0,0,2012,2012.0,4129.0,2017.1806508233067,0.0,0.0,-5.180650823306678,5.180650823306678,26.83914295302816
2018-03-26 22:00:00,22,0,0,1413,2012.0,4370.0,1579.7581204261153,-599.0,599.0,-166.75812042611528,166.75812042611528,27808.270728050768
2018-03-26 22:00:00,22,0,0,1413,1413.0,4562.0,1394.7086891258002,0.0,0.0,18.29131087419978,18.29131087419978,334.5720534966191
2018-03-26 23:00:00,23,0,0,877,1413.0,4661.0,1040.9024414321946,-536.0,536.0,-163.90244143219456,163.90244143219456,26864.010307433968
2018-03-26 23:00:00,23,0,0,877,877.0,4992.0,885.2762763979599,0.0,0.0,-8.276276397959919,8.276276397959919,68.4967510154284
2018-03-26 23:00:00,23,0,0,877,877.0,4992.0,882.5799691312891,0.0,0.0,-5.57996913128909,5.57996913128909,31.136055506139122
2018-03-27 00:00:00,0,1,0,516,877.0,5494.0,541.7502306344454,-361.0,361.0,-25.750230634445415,25.750230634445415,663.0743777271312
2018-03-27 00:00:00,0,1,0,516,516.0,6402.0,513.3786456950601,0.0,0.0,2.6213543049399277,2.6213543049399277,6.871498392027092
2018-03-27 00:00:00,0,1,0,516,516.0,6402.0,513.1464292556885,0.0,0.0,2.853570744311469,2.853570744311469,8.14286599279031
2018-03-27 00:00:00,0,1,0,516,516.0,5956.0,512.8157149699742,0.0,0.0,3.1842850300257624,3.1842850300257624,10.139671152446171
2018-03-27 01:00:00,1,1,0,313,516.0,5956.0,339.5014041305777,-203.0,203.0,-26.501404130577725,26.501404130577725,702.3244208922022
2018-03-27 01:00:00,1,1,0,313,313.0,5956.0,306.3233172498919,0.0,0.0,6.676682750108114,6.676682750108114,44.57809254559125
2018-03-27 01:00:00,1,1,0,313,313.0,4041.0,306.3233172498919,0.0,0.0,6.676682750108114,6.676682750108114,44.57809254559125
2018-03-27 01:00:00,1,1,0,313,313.0,4041.0,306.3233172498919,0.0,0.0,6.676682750108114,6.676682750108114,44.57809254559125
2018-03-27 02:00:00,2,1,0,249,313.0,4041.0,271.4581857704314,-64.0,64.0,-22.458185770431385,22.458185770431385,504.37010809920673
2018-03-27 03:00:00,3,1,0,344,249.0,3000.0,337.2485293241703,95.0,95.0,6.751470675829694,6.751470675829694,45.582356286588265
2018-03-27 04:00:00,4,1,0,879,344.0,3000.0,818.9038328976333,535.0,535.0,60.096167102366735,60.096167102366735,3611.5493003955858
2018-03-27 05:00:00,5,1,0,2781,879.0,3000.0,2750.7441720365528,1902.0,1902.0,30.255827963447246,30.255827963447246,915.4151257537163
2018-03-27 06:00:00,6,1,0,5421,2781.0,2500.0,5547.46783408204,2640.0,2640.0,-126.4678340820401,126.4678340820401,15994.113057402423
2018-03-27 07:00:00,7,1,1,6696,5421.0,2500.0,6200.962298317643,1275.0,1275.0,495.0377016823568,495.0377016823568,245062.32608695008
2018-03-27 07:00:00,7,1,1,6696,6696.0,2500.0,6478.688198802235,0.0,0.0,217.3118011977649,217.3118011977649,47224.4189398169
2018-03-27 08:00:00,8,1,1,5970,6696.0,2012.0,5981.045249371538,-726.0,726.0,-11.045249371538375,11.045249371538375,121.99753367946887
2018-03-27 08:00:00,8,1,1,5970,5970.0,2012.0,5575.331585081178,0.0,0.0,394.66841491882224,394.66841491882224,155763.15773453563
2018-03-27 09:00:00,9,1,1,5088,5970.0,2012.0,5178.814034096677,-882.0,882.0,-90.81403409667655,90.81403409667655,8247.188788912332
2018-03-27 09:00:00,9,1,1,5088,5088.0,2012.0,5058.904999474379,0.0,0.0,29.09500052562089,29.09500052562089,846.5190555858799
2018-03-27 10:00:00,10,1,0,4388,5088.0,1413.0,4455.262041742181,-700.0,700.0,-67.26204174218128,67.26204174218128,4524.182259326937
2018-03-27 11:00:00,11,1,0,4466,4388.0,1413.0,4540.479740268963,78.0,78.0,-74.47974026896281,74.47974026896281,5547.231710532161
2018-03-27 12:00:00,12,1,0,5025,4466.0,877.0,4731.758112509139,559.0,559.0,293.2418874908608,293.2418874908608,85990.80457920265
2018-03-27 13:00:00,13,1,0,4793,5025.0,877.0,4962.791624346714,-232.0,232.0,-169.79162434671434,169.79162434671434,28829.19569829576
2018-03-27 14:00:00,14,1,0,5374,4793.0,877.0,5025.633863629619,581.0,581.0,348.36613637038135,348.36613637038135,121358.96496962714
2018-03-27 15:00:00,15,1,0,5801,5374.0,516.0,5767.348403308881,427.0,427.0,33.651596691119266,33.651596691119266,1132.4299598617492
2018-03-27 16:00:00,16,1,0,6868,5801.0,516.0,6562.06765140435,1067.0,1067.0,305.9323485956502,305.9323485956502,93594.60191725042
2018-03-27 17:00:00,17,1,1,6139,6868.0,516.0,6419.666951858562,-729.0,729.0,-280.66695185856224,280.66695185856224,78773.93786557649
2018-03-27 18:00:00,18,1,1,4715,6139.0,516.0,4615.474679228128,-1424.0,1424.0,99.52532077187243,99.52532077187243,9905.289474744102
2018-03-27 19:00:00,19,1,1,3441,4715.0,313.0,3385.701042636559,-1274.0,1274.0,55.29895736344088,55.29895736344088,3057.974685483652
2018-03-27 20:00:00,20,1,0,2952,3441.0,313.0,2981.201150008296,-489.0,489.0,-29.201150008295826,29.201150008295826,852.7071618069954
2018-03-27 21:00:00,21,1,0,2415,2952.0,313.0,2772.617387540348,-537.0,537.0,-357.61738754034786,357.61738754034786,127890.19587118336
2018-03-27 22:00:00,22,1,0,2058,2415.0,313.0,1754.7609926155897,-357.0,357.0,303.23900738441034,303.23900738441034,91953.89559948246
2018-03-27 23:00:00,23,1,0,1060,2058.0,249.0,1366.9677956580504,-998.0,998.0,-306.96779565805036,306.96779565805036,94229.22757116257
2018-03-28 00:00:00,0,2,0,600,1060.0,344.0,597.9605483306832,-460.0,460.0,2.0394516693168043,2.0394516693168043,4.1593631114791
2018-03-28 01:00:00,1,2,0,380,600.0,879.0,370.9210324383844,-220.0,220.0,9.078967561615627,9.078967561615627,82.42765198486882
2018-03-28 02:00:00,2,2,0,263,380.0,2781.0,296.58942629540115,-117.0,117.0,-33.589426295401154,33.589426295401154,1128.2495588541865
2018-03-28 03:00:00,3,2,0,352,263.0,5421.0,353.1596581347322,89.0,89.0,-1.159658134732183,1.159658134732183,1.344806989450526
2018-03-28 04:00:00,4,2,0,859,352.0,6696.0,850.0034478135484,507.0,507.0,8.996552186451595,8.996552186451595,80.93795124354698
2018-03-28 05:00:00,5,2,0,2825,859.0,6696.0,2719.2150353614998,1966.0,1966.0,105.78496463850024,105.78496463850024,11190.458743568746
2018-03-28 05:00:00,5,2,0,2825,2825.0,5970.0,2815.5387441270013,0.0,0.0,9.461255872998663,9.461255872998663,89.5153626943517
2018-03-28 06:00:00,6,2,0,5355,2825.0,5970.0,5683.990159051209,2530.0,2530.0,-328.99015905120905,328.99015905120905,108234.52475253983
2018-03-28 07:00:00,7,2,1,6650,5355.0,5088.0,6118.905882769111,1295.0,1295.0,531.0941172308894,531.0941172308894,282060.96135725774
2018-03-28 08:00:00,8,2,1,6014,6650.0,5088.0,5974.855423468582,-636.0,636.0,39.14457653141835,39.14457653141835,1532.2978718240684
2018-03-28 09:00:00,9,2,1,5082,6014.0,4388.0,5184.925059158736,-932.0,932.0,-102.92505915873608,102.92505915873608,10593.56780282932
2018-03-28 10:00:00,10,2,0,4655,5082.0,4466.0,4567.351685355288,-427.0,427.0,87.64831464471172,87.64831464471172,7682.227060058387
2018-03-28 11:00:00,11,2,0,4775,4655.0,5025.0,4874.2151548441925,120.0,120.0,-99.21515484419251,99.21515484419251,9843.646950757096
2018-03-28 12:00:00,12,2,0,5066,4775.0,4793.0,4938.474009094216,291.0,291.0,127.52599090578406,127.52599090578406,16262.878356502119
2018-03-28 13:00:00,13,2,0,5197,5066.0,5374.0,5080.64452829152,131.0,131.0,116.35547170847985,116.35547170847985,13538.595796502856
2018-03-28 14:00:00,14,2,0,5484,5197.0,5801.0,5451.235984167539,287.0,287.0,32.764015832461155,32.764015832461155,1073.4807334697653
2018-03-28 15:00:00,15,2,0,5938,5484.0,6868.0,5900.521513380691,454.0,454.0,37.47848661930857,37.47848661930857,1404.6369592736914
2018-03-28 16:00:00,16,2,0,6988,5938.0,6139.0,6575.608348208621,1050.0,1050.0,412.39165179137945,412.39165179137945,170066.87446722234
2018-03-28 17:00:00,17,2,1,6540,6988.0,4715.0,6450.175459314259,-448.0,448.0,89.82454068574134,89.82454068574134,8068.448109404401
2018-03-28 17:00:00,17,2,1,6540,6540.0,3441.0,6160.599427622006,0.0,0.0,379.40057237799374,379.40057237799374,143944.79432074926
2018-03-28 18:00:00,18,2,1,4918,6540.0,2952.0,4724.852431271789,-1622.0,1622.0,193.1475687282109,193.1475687282109,37305.98330561895
2018-03-28 19:00:00,19,2,1,3392,4918.0,2415.0,3443.9121947721246,-1526.0,1526.0,-51.91219477212462,51.91219477212462,2694.875966059003
2018-03-28 20:00:00,20,2,0,3105,3392.0,2058.0,2976.401720688412,-287.0,287.0,128.59827931158816,128.59827931158816,16537.517441901244
2018-03-28 21:00:00,21,2,0,2616,3105.0,1060.0,2842.2974192096794,-489.0,489.0,-226.29741920967945,226.29741920967945,51210.52194096139
2018-03-28 22:00:00,22,2,0,1736,2616.0,600.0,1956.0702708182687,-880.0,880.0,-220.07027081826868,220.07027081826868,48430.924098026124
2018-03-28 23:00:00,23,2,0,1132,1736.0,380.0,1177.9707022096668,-604.0,604.0,-45.9707022096668,45.9707022096668,2113.305461649864
2018-03-29 00:00:00,0,3,0,553,1132.0,263.0,626.4397312328524,-579.0,579.0,-73.43973123285241,73.43973123285241,5393.394123553598
2018-03-29 01:00:00,1,3,0,354,553.0,352.0,351.3020008160488,-199.0,199.0,2.6979991839511968,2.6979991839511968,7.279199596601323
2018-03-29 03:00:00,3,3,0,353,354.0,859.0,359.5679861993613,-1.0,1.0,-6.5679861993613144,6.5679861993613144,43.138442715000686
2018-03-29 04:00:00,4,3,0,859,353.0,2825.0,848.2872572031284,506.0,506.0,10.712742796871566,10.712742796871566,114.76285823192363
2018-03-29 05:00:00,5,3,0,2804,859.0,2825.0,2719.2150353614998,1945.0,1945.0,84.78496463850024,84.78496463850024,7188.490228751736
2018-03-29 06:00:00,6,3,0,5405,2804.0,5355.0,5711.502889561536,2601.0,2601.0,-306.502889561536,306.502889561536,93944.02130957114
2018-03-29 07:00:00,7,3,1,6460,5405.0,6650.0,6254.8769971172915,1055.0,1055.0,205.12300288270853,205.12300288270853,42075.44631161966
2018-03-29 08:00:00,8,3,1,6002,6460.0,6014.0,5938.24188367735,-458.0,458.0,63.758116322649585,63.758116322649585,4065.0973970125156
2018-03-29 09:00:00,9,3,1,4995,6002.0,5082.0,5184.925059158736,-1007.0,1007.0,-189.92505915873608,189.92505915873608,36071.5280964494
2018-03-29 10:00:00,10,3,0,4579,4995.0,4655.0,4621.856895398227,-416.0,416.0,-42.8568953982267,42.8568953982267,1836.7134831745448
2018-03-29 11:00:00,11,3,0,5058,4579.0,4775.0,4797.577012457058,479.0,479.0,260.4229875429419,260.4229875429419,67820.13244079126
2018-03-29 12:00:00,12,3,0,5252,5058.0,5066.0,5161.627820043004,194.0,194.0,90.37217995699575,90.37217995699575,8167.130910179624
2018-03-29 13:00:00,13,3,0,5338,5252.0,5197.0,5212.666784863587,86.0,86.0,125.33321513641295,125.33321513641295,15708.414816430372
2018-03-29 14:00:00,14,3,0,5562,5338.0,5484.0,5547.929479311905,224.0,224.0,14.070520688094803,14.070520688094803,197.97955243410385
2018-03-29 15:00:00,15,3,0,6040,5562.0,5938.0,5901.572937602617,478.0,478.0,138.42706239738345,138.42706239738345,19162.051603969092
2018-03-29 16:00:00,16,3,0,6573,6040.0,6988.0,6598.5629870355115,533.0,533.0,-25.56298703551147,25.56298703551147,653.4663061777275
2018-03-29 17:00:00,17,3,1,6034,6573.0,6540.0,6166.750610424479,-539.0,539.0,-132.75061042447942,132.75061042447942,17622.724568071902
2018-03-29 18:00:00,18,3,1,5050,6034.0,6540.0,4852.158633696185,-984.0,984.0,197.84136630381545,197.84136630381545,39141.206220960485
2018-03-29 19:00:00,19,3,1,3656,5050.0,4918.0,3601.6122727338497,-1394.0,1394.0,54.38772726615025,54.38772726615025,2958.0248771771435
2018-03-29 20:00:00,20,3,0,3373,3656.0,3392.0,3176.820487091264,-283.0,283.0,196.1795129087359,196.1795129087359,38486.40128510887
2018-03-29 21:00:00,21,3,0,3584,3373.0,3105.0,3113.542940000408,211.0,211.0,470.4570599995918,470.4570599995918,221329.84530345953
2018-03-29 22:00:00,22,3,0,3691,3584.0,2616.0,3211.9138142696256,107.0,107.0,479.0861857303744,479.0861857303744,229523.57335767878
2018-03-29 23:00:00,23,3,0,1484,3691.0,1736.0,1543.3718592354298,-2207.0,2207.0,-59.37185923542984,59.37185923542984,3525.0176690716953
2018-03-30 00:00:00,0,4,0,817,1484.0,1132.0,760.1102500948011,-667.0,667.0,56.88974990519887,56.88974990519887,3236.443644276075
2018-03-30 01:00:00,1,4,0,413,817.0,553.0,477.7040251220808,-404.0,404.0,-64.7040251220808,64.7040251220808,4186.610866998863
2018-03-30 02:00:00,2,4,0,329,413.0,354.0,320.84906134050067,-84.0,84.0,8.150938659499332,8.150938659499332,66.43780103092077
2018-03-30 03:00:00,3,4,0,359,329.0,353.0,353.55428047775604,30.0,30.0,5.445719522243962,5.445719522243962,29.65586111494901
2018-03-30 04:00:00,4,4,0,749,359.0,859.0,816.7209077065,390.0,390.0,-67.72090770650004,67.72090770650004,4586.121340592297
2018-03-30 05:00:00,5,4,0,2367,749.0,2804.0,2536.0265655219328,1618.0,1618.0,-169.02656552193275,169.02656552193275,28569.979852140226
2018-03-30 06:00:00,6,4,0,4463,2367.0,5405.0,5186.666034781434,2096.0,2096.0,-723.6660347814341,723.6660347814341,523692.52989628376
2018-03-30 07:00:00,7,4,1,5449,4463.0,6460.0,5216.919465805968,986.0,986.0,232.08053419403223,232.08053419403223,53861.37435178736
2018-03-30 08:00:00,8,4,1,5227,5449.0,6002.0,5532.37895064489,-222.0,222.0,-305.3789506448902,305.3789506448902,93256.30349697429
2018-03-30 09:00:00,9,4,1,4964,5227.0,4995.0,5021.21974079597,-263.0,263.0,-57.21974079597021,57.21974079597021,3274.098736758018
2018-03-30 10:00:00,10,4,0,4892,4964.0,4579.0,4678.67409326414,-72.0,72.0,213.32590673586037,213.32590673586037,45507.942484677
2018-03-30 11:00:00,11,4,0,5350,4892.0,5058.0,5067.622635725981,458.0,458.0,282.3773642740189,282.3773642740189,79736.97585434194
2018-03-30 12:00:00,12,4,0,5783,5350.0,5252.0,5367.137560760644,433.0,433.0,415.8624392393558,415.8624392393558,172941.5683701069
2018-03-30 13:00:00,13,4,0,5589,5783.0,5338.0,5594.9136193415825,-194.0,194.0,-5.913619341582489,5.913619341582489,34.970893717138516
2018-03-30 14:00:00,14,4,0,5713,5589.0,5562.0,5751.517782802633,124.0,124.0,-38.51778280263261,38.51778280263261,1483.6195920307805
2018-03-30 15:00:00,15,4,0,5936,5713.0,6040.0,5880.366038066306,223.0,223.0,55.63396193369408,55.63396193369408,3095.137720439722
2018-03-30 15:00:00,15,4,0,5936,5936.0,6573.0,5875.923624631699,0.0,0.0,60.07637536830134,60.07637536830134,3609.170877393044
2018-03-30 16:00:00,16,4,0,6137,5936.0,6034.0,6162.334827871703,201.0,201.0,-25.334827871703055,25.334827871703055,641.8535032888219
2018-03-30 17:00:00,17,4,1,5289,6137.0,5050.0,5609.59976177966,-848.0,848.0,-320.5997617796602,320.5997617796602,102784.20725317486
2018-03-30 18:00:00,18,4,1,4573,5289.0,3656.0,4723.536131938705,-716.0,716.0,-150.53613193870478,150.53613193870478,22661.127019067135
2018-03-30 19:00:00,19,4,1,3604,4573.0,3373.0,3666.5823557761287,-969.0,969.0,-62.58235577612868,62.58235577612868,3916.5512544899466
2018-03-30 20:00:00,20,4,0,3233,3604.0,3584.0,3161.3640198397507,-371.0,371.0,71.63598016024935,71.63598016024935,5131.713653519638
2018-03-30 21:00:00,21,4,0,3024,3233.0,3691.0,3071.3335947108076,-209.0,209.0,-47.333594710807574,47.333594710807574,2240.4691882469906
2018-03-30 22:00:00,22,4,0,2358,3024.0,1484.0,2825.0562560544563,-666.0,666.0,-467.0562560544563,467.0562560544563,218141.54631960584
2018-03-30 23:00:00,23,4,0,1685,2358.0,817.0,1751.2624370016931,-673.0,673.0,-66.26243700169312,66.26243700169312,4390.7105574033485
2018-03-31 00:00:00,0,5,0,963,1685.0,413.0,1120.2094319334697,-722.0,722.0,-157.20943193346966,157.20943193346966,24714.80548884423
2018-03-31 00:00:00,0,5,0,963,963.0,329.0,957.011520676856,0.0,0.0,5.98847932314402,5.98847932314402,35.86188460372346
2018-03-31 01:00:00,1,5,0,580,963.0,359.0,744.7503532973096,-383.0,383.0,-164.75035329730963,164.75035329730963,27142.67891158834
2018-03-31 01:00:00,1,5,0,580,580.0,749.0,505.325669162505,0.0,0.0,74.674330837495,74.674330837495,5576.255686027657
2018-03-31 01:00:00,1,5,0,580,580.0,2367.0,508.92684129170533,0.0,0.0,71.07315870829467,71.07315870829467,5051.3938887744425
2018-03-31 02:00:00,2,5,0,485,580.0,4463.0,505.28440964600827,-95.0,95.0,-20.28440964600827,20.28440964600827,411.4572746870734
2018-03-31 02:00:00,2,5,0,485,485.0,5449.0,439.31557395153135,0.0,0.0,45.68442604846865,45.68442604846865,2087.066783378001
2018-03-31 03:00:00,3,5,0,386,485.0,5227.0,389.4972220817014,-99.0,99.0,-3.497222081701409,3.497222081701409,12.230562288739938
2018-03-31 03:00:00,3,5,0,386,386.0,4964.0,385.0254233429953,0.0,0.0,0.9745766570047181,0.9745766570047181,0.949799660378492
2018-03-31 04:00:00,4,5,0,352,386.0,4892.0,392.89453463761276,-34.0,34.0,-40.894534637612765,40.894534637612765,1672.36296322691
2018-03-31 04:00:00,4,5,0,352,352.0,5350.0,346.07199092222714,0.0,0.0,5.928009077772856,5.928009077772856,35.14129162615739
2018-03-31 05:00:00,5,5,0,588,352.0,5783.0,719.1050160897494,236.0,236.0,-131.10501608974937,131.10501608974937,17188.52524389344
2018-03-31 05:00:00,5,5,0,588,588.0,5589.0,694.626247752189,0.0,0.0,-106.62624775218899,106.62624775218899,11369.156709711187
2018-03-31 05:00:00,5,5,0,588,588.0,5713.0,677.4928954741673,0.0,0.0,-89.49289547416731,89.49289547416731,8008.978340350236
2018-03-31 05:00:00,5,5,0,588,588.0,5936.0,672.5153844740524,0.0,0.0,-84.51538447405244,84.51538447405244,7142.850212796904
2018-03-31 06:00:00,6,5,0,1045,588.0,5936.0,1035.740641326401,457.0,457.0,9.259358673599081,9.259358673599081,85.73572304635454
2018-03-31 06:00:00,6,5,0,1045,1045.0,6137.0,1165.9210228027853,0.0,0.0,-120.92102280278527,120.92102280278527,14621.893755671716
2018-03-31 06:00:00,6,5,0,1045,1045.0,5289.0,1155.4055558296118,0.0,0.0,-110.40555582961179,110.40555582961179,12189.386758045524
2018-03-31 07:00:00,7,5,1,1556,1045.0,4573.0,1214.6279292944428,511.0,511.0,341.37207070555723,341.37207070555723,116534.89065779997
2018-03-31 07:00:00,7,5,1,1556,1556.0,3604.0,1978.216302676074,0.0,0.0,-422.21630267607406,422.21630267607406,178266.6062454542
2018-03-31 08:00:00,8,5,1,2289,1556.0,3233.0,2030.4613288984422,733.0,733.0,258.53867110155784,258.53867110155784,66842.2444549595
2018-03-31 09:00:00,9,5,1,3092,2289.0,3024.0,2706.3000349126737,803.0,803.0,385.6999650873263,385.6999650873263,148764.4630683647
2018-03-31 09:00:00,9,5,1,3092,3092.0,2358.0,3467.2878695830145,0.0,0.0,-375.2878695830145,375.2878695830145,140840.98505615772
2018-03-31 10:00:00,10,5,0,3629,3092.0,1685.0,3479.003111122581,537.0,537.0,149.99688887741922,149.99688887741922,22499.06667290485
2018-03-31 11:00:00,11,5,0,4051,3629.0,963.0,3806.231913860759,422.0,422.0,244.76808613924095,244.76808613924095,59911.41599226688
2018-03-31 12:00:00,12,5,0,4348,4051.0,963.0,4230.083088367054,297.0,297.0,117.91691163294581,117.91691163294581,13904.398049051952
2018-03-31 13:00:00,13,5,0,4337,4348.0,580.0,4408.3807878609205,-11.0,11.0,-71.38078786092046,71.38078786092046,5095.21687564573
2018-03-31 14:00:00,14,5,0,4548,4337.0,580.0,4405.026114086992,211.0,211.0,142.97388591300842,142.97388591300842,20441.53205306595
2018-03-31 15:00:00,15,5,0,4400,4548.0,580.0,4629.751143539808,-148.0,148.0,-229.75114353980825,229.75114353980825,52785.58795784957
2018-03-31 16:00:00,16,5,0,4222,4400.0,485.0,4430.77746336963,-178.0,178.0,-208.7774633696299,208.7774633696299,43588.02921105716
2018-03-31 17:00:00,17,5,1,4155,4222.0,485.0,3970.4740036227795,-67.0,67.0,184.5259963772205,184.5259963772205,34049.843339005994
2018-03-31 18:00:00,18,5,1,3993,4155.0,386.0,3888.132353178508,-162.0,162.0,104.86764682149214,104.86764682149214,10997.223349877211
2018-03-31 19:00:00,19,5,1,3333,3993.0,386.0,3455.0373280984395,-660.0,660.0,-122.0373280984395,122.0373280984395,14893.10944940617
2018-03-31 20:00:00,20,5,0,2910,3333.0,352.0,2996.8784672736865,-423.0,423.0,-86.87846727368651,86.87846727368651,7547.868075825018
2018-03-31 21:00:00,21,5,0,2761,2910.0,352.0,2825.753143594305,-149.0,149.0,-64.75314359430513,64.75314359430513,4192.9696053447
2018-03-31 22:00:00,22,5,0,2695,2761.0,588.0,2817.9092272459866,-66.0,66.0,-122.90922724598659,122.90922724598659,15106.678142205572
2018-03-31 23:00:00,23,5,0,1771,2695.0,588.0,1973.4492967492363,-924.0,924.0,-202.44929674923628,202.44929674923628,40985.71775426033
2018-04-01 00:00:00,0,6,0,1128,1771.0,588.0,1209.4038038695535,-643.0,643.0,-81.40380386955349,81.40380386955349,6626.579284432731
2018-04-01 01:00:00,1,6,0,652,1128.0,588.0,737.10715902474,-476.0,476.0,-85.10715902473999,85.10715902473999,7243.228517262381
2018-04-01 02:00:00,2,6,0,520,652.0,1045.0,563.1418639077212,-132.0,132.0,-43.141863907721245,43.141863907721245,1861.220421432341
2018-04-01 03:00:00,3,6,0,313,520.0,1045.0,379.9890223987527,-207.0,207.0,-66.9890223987527,66.9890223987527,4487.52912194059
2018-04-01 04:00:00,4,6,0,249,313.0,1045.0,272.90349963564256,-64.0,64.0,-23.90349963564256,23.90349963564256,571.377294831164
2018-04-01 05:00:00,5,6,0,426,249.0,1556.0,447.95004186076187,177.0,177.0,-21.95004186076187,21.95004186076187,481.80433768919846
2018-04-01 06:00:00,6,6,0,751,426.0,1556.0,791.3689428778548,325.0,325.0,-40.368942877854806,40.368942877854806,1629.6515490755044
2018-04-01 07:00:00,7,6,1,978,751.0,2289.0,1108.7178977236158,227.0,227.0,-130.7178977236158,130.7178977236158,17087.168785281683
2018-04-01 08:00:00,8,6,1,1718,978.0,3092.0,1632.4877313731297,740.0,740.0,85.51226862687031,85.51226862687031,7312.3480857140285
2018-04-01 09:00:00,9,6,1,2444,1718.0,3092.0,2465.2127293405892,726.0,726.0,-21.21272934058925,21.21272934058925,449.979886077096
2018-04-01 10:00:00,10,6,0,3306,2444.0,3629.0,2917.221597574019,862.0,862.0,388.77840242598086,388.77840242598086,151148.64619289793
2018-04-01 11:00:00,11,6,0,3641,3306.0,4051.0,3578.7108353520416,335.0,335.0,62.28916464795839,62.28916464795839,3879.940032540469
2018-04-01 12:00:00,12,6,0,3964,3641.0,4348.0,3826.343037133635,323.0,323.0,137.65696286636512,137.65696286636512,18949.439425591827
2018-04-01 13:00:00,13,6,0,4043,3964.0,4337.0,4084.781474008218,79.0,79.0,-41.78147400821808,41.78147400821808,1745.6915702994033
2018-04-01 14:00:00,14,6,0,3996,4043.0,4548.0,4224.501805114916,-47.0,47.0,-228.50180511491635,228.50180511491635,52213.074940775216
2018-04-01 15:00:00,15,6,0,4102,3996.0,4400.0,4132.060038110956,106.0,106.0,-30.060038110956157,30.060038110956157,903.6058912321366
2018-04-01 16:00:00,16,6,0,4679,4102.0,4222.0,4244.015895148653,577.0,577.0,434.9841048513472,434.9841048513472,189211.1714733278
2018-04-01 17:00:00,17,6,1,4569,4679.0,4155.0,4415.2841860353965,-110.0,110.0,153.7158139646035,153.7158139646035,23628.551462800595
2018-04-01 18:00:00,18,6,1,4424,4569.0,3993.0,4209.36905872054,-145.0,145.0,214.63094127945988,214.63094127945988,46066.44095450695
2018-04-01 19:00:00,19,6,1,3892,4424.0,3333.0,3514.183660524643,-532.0,532.0,377.8163394753569,377.8163394753569,142745.18637455814
2018-04-01 20:00:00,20,6,0,3320,3892.0,2910.0,3305.7674724907997,-572.0,572.0,14.232527509200281,14.232527509200281,202.56483930014275
2018-04-01 21:00:00,21,6,0,2545,3320.0,2761.0,2744.448535579536,-775.0,775.0,-199.44853557953593,199.44853557953593,39779.718344821405
2018-04-01 22:00:00,22,6,0,1682,2545.0,2695.0,2220.4400132966125,-863.0,863.0,-538.4400132966125,538.4400132966125,289917.64791885624
2018-04-01 23:00:00,23,6,0,952,1682.0,1771.0,1203.717528555543,-730.0,730.0,-251.7175285555429,251.7175285555429,63361.71418211056
2018-04-02 00:00:00,0,0,0,543,952.0,1128.0,538.4665809889761,-409.0,409.0,4.533419011023852,4.533419011023852,20.551887929512482
2018-04-02 01:00:00,1,0,0,311,543.0,652.0,348.96231901377075,-232.0,232.0,-37.96231901377075,37.96231901377075,1441.1376649033004
2018-04-02 02:00:00,2,0,0,246,311.0,520.0,271.28443729563537,-65.0,65.0,-25.28443729563537,25.28443729563537,639.3027693569169
2018-04-02 03:00:00,3,0,0,352,246.0,313.0,338.2766606487301,106.0,106.0,13.723339351269885,13.723339351269885,188.33004295011256
2018-04-02 04:00:00,4,0,0,807,352.0,249.0,817.9771192213841,455.0,455.0,-10.9771192213841,10.9771192213841,120.49714640048028
2018-04-02 05:00:00,5,0,0,2683,807.0,426.0,2710.802268604407,1876.0,1876.0,-27.80226860440689,27.80226860440689,772.9661395515891
2018-04-02 06:00:00,6,0,0,5147,2683.0,751.0,5502.638415734279,2464.0,2464.0,-355.6384157342791,355.6384157342791,126478.68274598793
2018-04-02 07:00:00,7,0,1,6148,5147.0,978.0,5876.450431214561,1001.0,1001.0,271.5495687854391,271.5495687854391,73739.1683075579
2018-04-02 08:00:00,8,0,1,5557,6148.0,1718.0,5600.280130480022,-591.0,591.0,-43.28013048002231,43.28013048002231,1873.169694367756
2018-04-02 09:00:00,9,0,1,4776,5557.0,2444.0,5031.236723281939,-781.0,781.0,-255.2367232819388,255.2367232819388,65145.784911701
2018-04-02 10:00:00,10,0,0,4397,4776.0,3306.0,4360.46578772425,-379.0,379.0,36.53421227575018,36.53421227575018,1334.7486666095751
2018-04-02 11:00:00,11,0,0,4509,4397.0,3641.0,4516.561438840607,112.0,112.0,-7.56143884060657,7.56143884060657,57.17535734023363
2018-04-02 12:00:00,12,0,0,4947,4509.0,3964.0,4765.542096935388,438.0,438.0,181.45790306461186,181.45790306461186,32926.970584606075
2018-04-02 13:00:00,13,0,0,4895,4947.0,4043.0,4953.860150341598,-52.0,52.0,-58.860150341597546,58.860150341597546,3464.5172982354657
2018-04-02 14:00:00,14,0,0,4750,4895.0,3996.0,5139.591440842426,-145.0,145.0,-389.591440842426,389.591440842426,151781.4907776775
2018-04-02 14:00:00,14,0,0,4750,4750.0,4102.0,4895.518686377257,0.0,0.0,-145.51868637725693,145.51868637725693,21175.68808496246
2018-04-02 14:00:00,14,0,0,4750,4750.0,4679.0,4895.518686377257,0.0,0.0,-145.51868637725693,145.51868637725693,21175.68808496246
2018-04-02 15:00:00,15,0,0,4949,4750.0,4569.0,4897.265079760377,199.0,199.0,51.734920239622625,51.734920239622625,2676.501972200115
2018-04-02 15:00:00,15,0,0,4949,4949.0,4424.0,5586.035635109898,0.0,0.0,-637.0356351098981,637.0356351098981,405814.40039987117
2018-04-02 16:00:00,16,0,0,6000,4949.0,3892.0,5738.774952391826,1051.0,1051.0,261.22504760817355,261.22504760817355,68238.52549789254
2018-04-02 16:00:00,16,0,0,6000,6000.0,3320.0,6442.3131961840645,0.0,0.0,-442.3131961840645,442.3131961840645,195640.96351856273
2018-04-02 17:00:00,17,0,1,5301,6000.0,2545.0,5906.068119851512,-699.0,699.0,-605.0681198515122,605.0681198515122,366107.4296606439
2018-04-02 17:00:00,17,0,1,5301,5301.0,1682.0,5310.791087976966,0.0,0.0,-9.791087976966082,9.791087976966082,95.86540377268977
2018-04-02 18:00:00,18,0,1,3893,5301.0,952.0,4121.106475166873,-1408.0,1408.0,-228.10647516687277,228.10647516687277,52032.56401305514
2018-04-02 19:00:00,19,0,1,2521,3893.0,543.0,2987.5647736022797,-1372.0,1372.0,-466.56477360227973,466.56477360227973,217682.68796654654
2018-04-02 20:00:00,20,0,0,2159,2521.0,311.0,2315.665416966119,-362.0,362.0,-156.6654169661192,156.6654169661192,24544.05287316799
2018-04-02 20:00:00,20,0,0,2159,2159.0,246.0,2101.0210779082768,0.0,0.0,57.978922091723234,57.978922091723234,3361.5554069181126
2018-04-02 21:00:00,21,0,0,2702,2159.0,352.0,2093.7789211607837,543.0,543.0,608.2210788392163,608.2210788392163,369932.88074434013
2018-04-02 21:00:00,21,0,0,2702,2702.0,807.0,2487.8000254298363,0.0,0.0,214.1999745701637,214.1999745701637,45881.629105858774
2018-04-02 22:00:00,22,0,0,2359,2702.0,2683.0,2043.366114480744,-343.0,343.0,315.63388551925595,315.63388551925595,99624.74968798277
2018-04-02 22:00:00,22,0,0,2359,2359.0,5147.0,1745.099523674994,0.0,0.0,613.9004763250059,613.9004763250059,376873.79483206914
2018-04-02 23:00:00,23,0,0,1040,2359.0,6148.0,1459.3980634130487,-1319.0,1319.0,-419.3980634130487,419.3980634130487,175894.73559461563
2018-04-03 00:00:00,0,1,0,552,1040.0,5557.0,558.5351725223064,-488.0,488.0,-6.535172522306425,6.535172522306425,42.70847989630892
2018-04-03 01:00:00,1,1,0,346,552.0,4776.0,349.2919046280984,-206.0,206.0,-3.2919046280983935,3.2919046280983935,10.836636080495623
2018-04-03 02:00:00,2,1,0,277,346.0,4397.0,272.811055243227,-69.0,69.0,4.188944756773026,4.188944756773026,17.547258175296225
2018-04-03 03:00:00,3,1,0,329,277.0,4509.0,350.3933423383659,52.0,52.0,-21.393342338365926,21.393342338365926,457.6750964065201
2018-04-03 04:00:00,4,1,0,836,329.0,4947.0,846.0517139842451,507.0,507.0,-10.051713984245112,10.051713984245112,101.03695402106874
2018-04-03 04:00:00,4,1,0,836,836.0,4895.0,855.9902039076292,0.0,0.0,-19.990203907629166,19.990203907629166,399.60825226859237
2018-04-03 05:00:00,5,1,0,2555,836.0,4750.0,2717.0091464468264,1719.0,1719.0,-162.00914644682643,162.00914644682643,26246.963532429254
2018-04-03 05:00:00,5,1,0,2555,2555.0,4750.0,2537.574936566022,0.0,0.0,17.42506343397781,17.42506343397781,303.6328356781506
2018-04-03 06:00:00,6,1,0,4311,2555.0,4750.0,5398.246728909009,1756.0,1756.0,-1087.246728909009,1087.246728909009,1182105.4495233404
2018-04-03 06:00:00,6,1,0,4311,4311.0,4949.0,4451.228566084191,0.0,0.0,-140.2285660841908,140.2285660841908,19664.050746028264
2018-04-03 07:00:00,7,1,1,4096,4311.0,4949.0,4441.241400577626,-215.0,215.0,-345.24140057762634,345.24140057762634,119191.62467280104
2018-04-03 07:00:00,7,1,1,4096,4096.0,6000.0,4251.409781983794,0.0,0.0,-155.40978198379435,155.40978198379435,24152.20033625049
2018-04-03 08:00:00,8,1,1,4790,4096.0,6000.0,4098.939333872058,694.0,694.0,691.0606661279417,691.0606661279417,477564.84426919447
2018-04-03 08:00:00,8,1,1,4790,4790.0,5301.0,4605.577564837738,0.0,0.0,184.42243516226245,184.42243516226245,34011.634591178896
2018-04-03 09:00:00,9,1,1,3893,4790.0,5301.0,4582.251945915464,-897.0,897.0,-689.2519459154637,689.2519459154637,475068.24494825327
2018-04-03 09:00:00,9,1,1,3893,3893.0,3893.0,3916.9029220133293,0.0,0.0,-23.902922013329317,23.902922013329317,571.3496807753032
2018-04-03 10:00:00,10,1,0,3403,3893.0,2521.0,4019.06525453487,-490.0,490.0,-616.0652545348698,616.0652545348698,379536.39784511394
2018-04-03 10:00:00,10,1,0,3403,3403.0,2159.0,3723.191324233634,0.0,0.0,-320.1913242336341,320.1913242336341,102522.48411448818
2018-04-03 11:00:00,11,1,0,3587,3403.0,2159.0,3733.3647850141424,184.0,184.0,-146.3647850141424,146.3647850141424,21422.650292236125
2018-04-03 11:00:00,11,1,0,3587,3587.0,2702.0,3786.996436431698,0.0,0.0,-199.99643643169793,199.99643643169793,39998.57458537819
2018-04-03 12:00:00,12,1,0,3822,3587.0,2702.0,3791.958378887927,235.0,235.0,30.04162111207279,30.04162111207279,902.4989990413376
2018-04-03 12:00:00,12,1,0,3822,3822.0,2359.0,4032.3551560239157,0.0,0.0,-210.3551560239157,210.3551560239157,44249.291665845914
2018-04-03 12:00:00,12,1,0,3822,3822.0,2359.0,4035.8863040911947,0.0,0.0,-213.8863040911947,213.8863040911947,45747.351077791005
2018-04-03 13:00:00,13,1,0,3917,3822.0,1040.0,4028.69470180654,95.0,95.0,-111.6947018065398,111.6947018065398,12475.706411651845
2018-04-03 13:00:00,13,1,0,3917,3917.0,552.0,4044.964380152856,0.0,0.0,-127.96438015285594,127.96438015285594,16374.88258790463
2018-04-03 13:00:00,13,1,0,3917,3917.0,346.0,4039.5305089283393,0.0,0.0,-122.53050892833926,122.53050892833926,15013.725618237826
2018-04-03 14:00:00,14,1,0,4058,3917.0,277.0,4037.6082287877134,141.0,141.0,20.391771212286585,20.391771212286585,415.8243331742399
2018-04-03 14:00:00,14,1,0,4058,4058.0,329.0,4253.285741919038,0.0,0.0,-195.28574191903772,195.28574191903772,38136.520996869
2018-04-03 14:00:00,14,1,0,4058,4058.0,836.0,4253.285741919038,0.0,0.0,-195.28574191903772,195.28574191903772,38136.520996869
2018-04-03 15:00:00,15,1,0,4689,4058.0,836.0,4260.669250973876,631.0,631.0,428.33074902612407,428.33074902612407,183467.23056128048
2018-04-03 15:00:00,15,1,0,4689,4689.0,2555.0,4874.646566571628,0.0,0.0,-185.64656657162777,185.64656657162777,34464.64767983382
2018-04-03 15:00:00,15,1,0,4689,4689.0,2555.0,4874.646566571628,0.0,0.0,-185.64656657162777,185.64656657162777,34464.64767983382
2018-04-03 16:00:00,16,1,0,4930,4689.0,4311.0,4874.646566571628,241.0,241.0,55.35343342837223,55.35343342837223,3064.0025923092358
2018-04-03 16:00:00,16,1,0,4930,4930.0,4311.0,5499.05277043726,0.0,0.0,-569.0527704372598,569.0527704372598,323821.0555423207
2018-04-03 16:00:00,16,1,0,4930,4930.0,4096.0,5499.05277043726,0.0,0.0,-569.0527704372598,569.0527704372598,323821.0555423207
2018-04-03 17:00:00,17,1,1,4207,4930.0,4096.0,4793.748756866465,-723.0,723.0,-586.7487568664646,586.7487568664646,344274.10368434165
2018-04-03 17:00:00,17,1,1,4207,4207.0,4790.0,4076.2103187256275,0.0,0.0,130.78968127437247,130.78968127437247,17105.940727851936
2018-04-03 18:00:00,18,1,1,2887,4207.0,4790.0,4030.577982083212,-1320.0,1320.0,-1143.5779820832122,1143.5779820832122,1307770.6011055117
2018-04-03 18:00:00,18,1,1,2887,2887.0,3893.0,2939.9228104176836,0.0,0.0,-52.92281041768365,52.92281041768365,2800.823862506085
2018-04-03 18:00:00,18,1,1,2887,2887.0,3893.0,2939.9228104176836,0.0,0.0,-52.92281041768365,52.92281041768365,2800.823862506085
2018-04-03 19:00:00,19,1,1,1834,2887.0,3403.0,2676.3553078120517,-1053.0,1053.0,-842.3553078120517,842.3553078120517,709562.4645991364
2018-04-03 19:00:00,19,1,1,1834,1834.0,3403.0,1875.617190279483,0.0,0.0,-41.61719027948311,41.61719027948311,1731.9905267587035
2018-04-03 19:00:00,19,1,1,1834,1834.0,3587.0,1875.617190279483,0.0,0.0,-41.61719027948311,41.61719027948311,1731.9905267587035
2018-04-03 20:00:00,20,1,0,1703,1834.0,3587.0,1858.8093392073583,-131.0,131.0,-155.80933920735833,155.80933920735833,24276.550184233653
2018-04-03 20:00:00,20,1,0,1703,1703.0,3822.0,1815.414821429751,0.0,0.0,-112.4148214297511,112.4148214297511,12637.092077082827
2018-04-03 21:00:00,21,1,0,1450,1703.0,3822.0,1822.4482311546644,-253.0,253.0,-372.4482311546644,372.4482311546644,138717.68489023834
2018-04-03 21:00:00,21,1,0,1450,1450.0,3822.0,1750.6097207899822,0.0,0.0,-300.60972078998225,300.60972078998225,90366.20423343108
2018-04-03 22:00:00,22,1,0,1511,1450.0,3917.0,1541.7305586474874,61.0,61.0,-30.73055864748744,30.73055864748744,944.3672347866652
2018-04-03 22:00:00,22,1,0,1511,1511.0,3917.0,1556.6035082711066,0.0,0.0,-45.60350827110665,45.60350827110665,2079.6799666328925
2018-04-03 22:00:00,22,1,0,1511,1511.0,3917.0,1561.3859843328826,0.0,0.0,-50.38598433288257,50.38598433288257,2538.7474171934878
2018-04-03 23:00:00,23,1,0,1271,1511.0,4058.0,1049.1998680390618,-240.0,240.0,221.8001319609382,221.8001319609382,49195.2985378896
2018-04-03 23:00:00,23,1,0,1271,1271.0,4058.0,1049.2431602053614,0.0,0.0,221.7568397946386,221.7568397946386,49176.095995705015
2018-04-03 23:00:00,23,1,0,1271,1271.0,4058.0,1039.891489071958,0.0,0.0,231.10851092804205,231.10851092804205,53411.14382337693
2018-04-04 00:00:00,0,2,0,501,1271.0,4689.0,797.4139178683364,-770.0,770.0,-296.4139178683364,296.4139178683364,87861.21070605688
2018-04-04 00:00:00,0,2,0,501,501.0,4689.0,503.8364556502862,0.0,0.0,-2.8364556502862115,2.8364556502862115,8.045480656040574
2018-04-04 00:00:00,0,2,0,501,501.0,4689.0,503.8364556502862,0.0,0.0,-2.8364556502862115,2.8364556502862115,8.045480656040574
2018-04-04 01:00:00,1,2,0,327,501.0,4930.0,340.49148756054376,-174.0,174.0,-13.49148756054376,13.49148756054376,182.02023659630703
2018-04-04 01:00:00,1,2,0,327,327.0,4930.0,306.5653138143739,0.0,0.0,20.434686185626106,20.434686185626106,417.5763995050184
2018-04-04 02:00:00,2,2,0,259,327.0,4930.0,271.6448936112392,-68.0,68.0,-12.644893611239183,12.644893611239183,159.89333443955752
2018-04-04 03:00:00,3,2,0,337,259.0,4207.0,337.2485293241703,78.0,78.0,-0.24852932417030615,0.24852932417030615,0.06176682497254912
2018-04-04 04:00:00,4,2,0,821,337.0,4207.0,822.588456758822,484.0,484.0,-1.5884567588219625,1.5884567588219625,2.5231948746471744
2018-04-04 05:00:00,5,2,0,2580,821.0,2887.0,2717.0091464468264,1759.0,1759.0,-137.00914644682643,137.00914644682643,18771.506210087933
2018-04-04 06:00:00,6,2,0,4551,2580.0,2887.0,5336.732522510408,1971.0,1971.0,-785.7325225104078,785.7325225104078,617375.5969305685
2018-04-04 07:00:00,7,2,1,4979,4551.0,2887.0,4767.5065241602215,428.0,428.0,211.4934758397785,211.4934758397785,44729.490322790974
2018-04-04 08:00:00,8,2,1,4778,4979.0,1834.0,4728.1171378187755,-201.0,201.0,49.88286218122448,49.88286218122448,2488.299939391036
2018-04-04 09:00:00,9,2,1,5252,4778.0,1834.0,4505.405455531641,474.0,474.0,746.5945444683593,746.5945444683593,557403.413829917
2018-04-04 10:00:00,10,2,0,4717,5252.0,1834.0,4476.875794147014,-535.0,535.0,240.12420585298605,240.12420585298605,57659.63423652722
2018-04-04 11:00:00,11,2,0,4590,4717.0,1703.0,4880.193189011572,-127.0,127.0,-290.19318901157203,290.19318901157203,84212.08694870597
2018-04-04 12:00:00,12,2,0,4749,4590.0,1703.0,4809.757181587515,159.0,159.0,-60.75718158751533,60.75718158751533,3691.4351144583125
2018-04-04 13:00:00,13,2,0,4793,4749.0,1450.0,4893.2031265337155,44.0,44.0,-100.20312653371548,100.20312653371548,10040.666567131795
2018-04-04 14:00:00,14,2,0,4903,4793.0,1450.0,5010.030218148636,110.0,110.0,-107.03021814863587,107.03021814863587,11455.467596944583
2018-04-04 15:00:00,15,2,0,5491,4903.0,1511.0,5491.577083791069,588.0,588.0,-0.5770837910686168,0.5770837910686168,0.333025701914127
2018-04-04 16:00:00,16,2,0,6500,5491.0,1511.0,6303.864967538027,1009.0,1009.0,196.13503246197342,196.13503246197342,38468.95095885937
2018-04-04 17:00:00,17,2,1,5898,6500.0,1511.0,6153.506186285831,-602.0,602.0,-255.50618628583106,255.50618628583106,65283.4112303298
2018-04-04 18:00:00,18,2,1,4539,5898.0,1271.0,4370.253436008291,-1359.0,1359.0,168.74656399170908,168.74656399170908,28475.40285900797
2018-04-04 19:00:00,19,2,1,3400,4539.0,1271.0,3308.3961702358547,-1139.0,1139.0,91.6038297641453,91.6038297641453,8391.261627458513
2018-04-04 20:00:00,20,2,0,3022,3400.0,1271.0,2887.966986795503,-378.0,378.0,134.0330132044969,134.0330132044969,17964.848628676842
2018-04-04 21:00:00,21,2,0,2444,3022.0,501.0,2697.080854885791,-578.0,578.0,-253.0808548857908,253.0808548857908,64049.91910972271
2018-04-04 22:00:00,22,2,0,1885,2444.0,501.0,1742.009340444088,-559.0,559.0,142.9906595559121,142.9906595559121,20446.328720234753
2018-04-04 23:00:00,23,2,0,1097,1885.0,501.0,1315.1493514297108,-788.0,788.0,-218.1493514297108,218.1493514297108,47589.139529203465
2018-04-05 00:00:00,0,3,0,640,1097.0,327.0,626.4946415753107,-457.0,457.0,13.505358424689348,13.505358424689348,182.39470617932756
2018-04-05 01:00:00,1,3,0,384,640.0,327.0,393.6320082697772,-256.0,256.0,-9.632008269777202,9.632008269777202,92.77558330905642
2018-04-05 02:00:00,2,3,0,280,384.0,259.0,301.21778685821295,-104.0,104.0,-21.217786858212946,21.217786858212946,450.194479160554
2018-04-05 03:00:00,3,3,0,352,280.0,337.0,351.7155186297031,72.0,72.0,0.2844813702968736,0.2844813702968736,0.08092965004598691
2018-04-05 04:00:00,4,3,0,910,352.0,821.0,834.6881488110033,558.0,558.0,75.31185118899668,75.31185118899668,5671.874929513581
2018-04-05 05:00:00,5,3,0,2815,910.0,2580.0,2750.7441720365528,1905.0,1905.0,64.25582796344725,64.25582796344725,4128.811427268129
2018-04-05 06:00:00,6,3,0,5560,2815.0,4551.0,5633.714297533031,2745.0,2745.0,-73.71429753303073,73.71429753303073,5433.79766078818
2018-04-05 07:00:00,7,3,1,6297,5560.0,4979.0,6357.585534340278,737.0,737.0,-60.58553434027817,60.58553434027817,3670.6069712970257
2018-04-05 08:00:00,8,3,1,5887,6297.0,4778.0,5824.04932002414,-410.0,410.0,62.95067997586011,62.95067997586011,3962.788109423155
2018-04-05 09:00:00,9,3,1,5389,5887.0,5252.0,5168.019939895457,-498.0,498.0,220.98006010454264,220.98006010454264,48832.18696380728
2018-04-05 09:00:00,9,3,1,5389,5389.0,4717.0,5095.405017335286,0.0,0.0,293.5949826647138,293.5949826647138,86198.01384589361
2018-04-05 10:00:00,10,3,0,4663,5389.0,4590.0,4612.588692736672,-726.0,726.0,50.411307263328126,50.411307263328126,2541.299899997679
2018-04-05 11:00:00,11,3,0,5078,4663.0,4749.0,4879.942160998659,415.0,415.0,198.05783900134065,198.05783900134065,39226.907589880975
2018-04-05 12:00:00,12,3,0,5535,5078.0,4793.0,5169.320525577747,457.0,457.0,365.6794744222534,365.6794744222534,133721.4780137355
2018-04-05 13:00:00,13,3,0,5492,5535.0,4903.0,5544.29103328735,-43.0,43.0,-52.29103328734982,52.29103328734982,2734.352162258727
2018-04-05 14:00:00,14,3,0,5535,5492.0,5491.0,5770.804272627201,43.0,43.0,-235.8042726272006,235.8042726272006,55603.65498924314
2018-04-05 15:00:00,15,3,0,5705,5535.0,6500.0,5901.061475191788,170.0,170.0,-196.0614751917883,196.0614751917883,38440.10205438022
2018-04-05 16:00:00,16,3,0,6642,5705.0,5898.0,6467.354765774607,937.0,937.0,174.64523422539332,174.64523422539332,30500.957837642494
2018-04-05 17:00:00,17,3,1,6476,6642.0,4539.0,6192.196072416013,-166.0,166.0,283.8039275839874,283.8039275839874,80544.66931209716
2018-04-05 18:00:00,18,3,1,4992,6476.0,3400.0,4783.954731569392,-1484.0,1484.0,208.0452684306083,208.0452684306083,43282.833716363864
2018-04-05 19:00:00,19,3,1,3322,4992.0,3022.0,3624.6824578896685,-1670.0,1670.0,-302.6824578896685,302.6824578896685,91616.67031413096
2018-04-05 20:00:00,20,3,0,3288,3322.0,2444.0,2990.391326036892,-34.0,34.0,297.6086739631078,297.6086739631078,88570.92281807939
2018-04-05 21:00:00,21,3,0,2888,3288.0,1885.0,3008.804828919036,-400.0,400.0,-120.80482891903603,120.80482891903603,14593.806690157564
2018-04-05 22:00:00,22,3,0,2422,2888.0,1097.0,2407.491952975377,-466.0,466.0,14.50804702462301,14.50804702462301,210.4834284686726
2018-04-05 23:00:00,23,3,0,2390,2422.0,640.0,1405.417425367862,-32.0,32.0,984.582574632138,984.582574632138,969402.8462692495
2018-04-06 00:00:00,0,4,0,932,2390.0,384.0,882.1039927775179,-1458.0,1458.0,49.896007222482126,49.896007222482126,2489.6115367459884
2018-04-06 01:00:00,1,4,0,514,932.0,280.0,489.8695200438119,-418.0,418.0,24.130479956188083,24.130479956188083,582.2800629159948
2018-04-06 02:00:00,2,4,0,312,514.0,352.0,354.33600024274654,-202.0,202.0,-42.336000242746536,42.336000242746536,1792.3369165538347
2018-04-06 03:00:00,3,4,0,363,312.0,910.0,353.3940162810561,51.0,51.0,9.60598371894389,9.60598371894389,92.27492320861508
2018-04-06 04:00:00,4,4,0,879,363.0,2815.0,815.6038003765929,516.0,516.0,63.39619962340714,63.39619962340714,4019.078126690888
2018-04-06 05:00:00,5,4,0,2687,879.0,5560.0,2750.7441720365528,1808.0,1808.0,-63.744172036552754,63.744172036552754,4063.3194686256343
2018-04-06 06:00:00,6,4,0,5211,2687.0,6297.0,5520.215754691865,2524.0,2524.0,-309.2157546918652,309.2157546918652,95614.38294965975
2018-04-06 07:00:00,7,4,1,6253,5211.0,5887.0,6105.15055705341,1042.0,1042.0,147.84944294659,147.84944294659,21859.45777961697
2018-04-06 08:00:00,8,4,1,5738,6253.0,5389.0,5807.608962049816,-515.0,515.0,-69.608962049816,69.608962049816,4845.407597652724
2018-04-06 09:00:00,9,4,1,5067,5738.0,5389.0,5177.878825956828,-671.0,671.0,-110.87882595682822,110.87882595682822,12294.114045564604
2018-04-06 10:00:00,10,4,0,4748,5067.0,4663.0,4690.0161607738355,-319.0,319.0,57.98383922616449,57.98383922616449,3362.125611405692
2018-04-06 10:00:00,10,4,0,4748,4748.0,5078.0,4526.006984690763,0.0,0.0,221.9930153092373,221.9930153092373,49280.89884608727
2018-04-06 11:00:00,11,4,0,5022,4748.0,5535.0,4894.609774391263,274.0,274.0,127.39022560873673,127.39022560873673,16228.269580644843
2018-04-06 11:00:00,11,4,0,5022,5022.0,5492.0,5093.768800894308,0.0,0.0,-71.76880089430779,71.76880089430779,5150.7607818067945
2018-04-06 12:00:00,12,4,0,5409,5022.0,5535.0,5093.768800894308,387.0,387.0,315.2311991056922,315.2311991056922,99370.70888961256
2018-04-06 13:00:00,13,4,0,5298,5409.0,5705.0,5443.38120646887,-111.0,111.0,-145.38120646887,145.38120646887,21135.69519434421
2018-04-06 14:00:00,14,4,0,5363,5298.0,6642.0,5518.481819454821,65.0,65.0,-155.48181945482065,155.48181945482065,24174.596180981447
2018-04-06 15:00:00,15,4,0,5786,5363.0,6476.0,5754.7383096706335,423.0,423.0,31.261690329366502,31.261690329366502,977.2932822492071
2018-04-06 16:00:00,16,4,0,6525,5786.0,4992.0,6080.058762560538,739.0,739.0,444.9412374394624,444.9412374394624,197972.70477416005
2018-04-06 17:00:00,17,4,1,5735,6525.0,3322.0,6024.568549006195,-790.0,790.0,-289.5685490061951,289.5685490061951,83849.9445735532
2018-04-06 18:00:00,18,4,1,4863,5735.0,3288.0,4720.531759964739,-872.0,872.0,142.46824003526126,142.46824003526126,20297.199418744818
2018-04-06 19:00:00,19,4,1,3923,4863.0,2888.0,3724.69549587675,-940.0,940.0,198.3045041232499,198.3045041232499,39324.67635556804
2018-04-06 20:00:00,20,4,0,3193,3923.0,2422.0,3316.989729537963,-730.0,730.0,-123.98972953796283,123.98972953796283,15373.453030897172
2018-04-06 21:00:00,21,4,0,3031,3193.0,2390.0,3042.9774089322004,-162.0,162.0,-11.977408932200433,11.977408932200433,143.45832472915473
2018-04-06 22:00:00,22,4,0,2992,3031.0,932.0,2820.934444736406,-39.0,39.0,171.06555526359398,171.06555526359398,29263.424197641725
2018-04-06 23:00:00,23,4,0,2205,2992.0,514.0,2169.34652125681,-787.0,787.0,35.653478743190135,35.653478743190135,1271.1705464911108
2018-04-07 00:00:00,0,5,0,1196,2205.0,312.0,1461.9596923079669,-1009.0,1009.0,-265.95969230796686,265.95969230796686,70734.55793254841
2018-04-07 01:00:00,1,5,0,657,1196.0,363.0,768.5975769205443,-539.0,539.0,-111.59757692054427,111.59757692054427,12454.019174536796
2018-04-07 02:00:00,2,5,0,496,657.0,879.0,564.5434936448194,-161.0,161.0,-68.54349364481936,68.54349364481936,4698.210521037393
2018-04-07 03:00:00,3,5,0,381,496.0,2687.0,385.46329867151223,-115.0,115.0,-4.463298671512234,4.463298671512234,19.921035031122877
2018-04-07 04:00:00,4,5,0,342,381.0,5211.0,407.5286086878145,-39.0,39.0,-65.52860868781448,65.52860868781448,4293.998556560716
2018-04-07 05:00:00,5,5,0,643,342.0,6253.0,637.1846574064422,301.0,301.0,5.81534259355783,5.81534259355783,33.818209480447905
2018-04-07 06:00:00,6,5,0,1221,643.0,5738.0,1196.3731384147643,578.0,578.0,24.6268615852357,24.6268615852357,606.4823115383579
2018-04-07 07:00:00,7,5,1,1995,1221.0,5067.0,1885.1454563561406,774.0,774.0,109.85454364385942,109.85454364385942,12068.020759200614
2018-04-07 08:00:00,8,5,1,3074,1995.0,4748.0,3064.475974750142,1079.0,1079.0,9.524025249857914,9.524025249857914,90.7070569599311
2018-04-07 09:00:00,9,5,1,3960,3074.0,4748.0,3596.728881661542,886.0,886.0,363.2711183384581,363.2711183384581,131965.90541887403
2018-04-07 10:00:00,10,5,0,4304,3960.0,5022.0,4126.900080723123,344.0,344.0,177.0999192768768,177.0999192768768,31364.381407876273
2018-04-07 11:00:00,11,5,0,4771,4304.0,5022.0,4517.636491932377,467.0,467.0,253.36350806762312,253.36350806762312,64193.06722033252
2018-04-07 12:00:00,12,5,0,5298,4771.0,5409.0,4809.473623054401,527.0,527.0,488.5263769455987,488.5263769455987,238658.0209715932
2018-04-07 13:00:00,13,5,0,5126,5298.0,5298.0,5282.735722632547,-172.0,172.0,-156.73572263254664,156.73572263254664,24566.086749146594
2018-04-07 14:00:00,14,5,0,5237,5126.0,5363.0,4935.721715942131,111.0,111.0,301.2782840578693,301.2782840578693,90768.6044448542
2018-04-07 15:00:00,15,5,0,4908,5237.0,5786.0,5036.854545827639,-329.0,329.0,-128.8545458276394,128.8545458276394,16603.493980447227
2018-04-07 16:00:00,16,5,0,5118,4908.0,6525.0,4801.0550108976395,210.0,210.0,316.9449891023605,316.9449891023605,100454.12611709542
2018-04-07 17:00:00,17,5,1,5441,5118.0,5735.0,4948.795638338847,323.0,323.0,492.2043616611527,492.2043616611527,242265.1336382628
2018-04-07 18:00:00,18,5,1,5019,5441.0,4863.0,4548.8665280829455,-422.0,422.0,470.1334719170545,470.1334719170545,221025.4814167839
2018-04-07 19:00:00,19,5,1,3699,5019.0,3923.0,3775.7516018527303,-1320.0,1320.0,-76.75160185273035,76.75160185273035,5890.8083869600405
2018-04-07 20:00:00,20,5,0,3079,3699.0,3193.0,3266.7830226651677,-620.0,620.0,-187.78302266516766,187.78302266516766,35262.46360126687
2018-04-07 21:00:00,21,5,0,4104,3079.0,3031.0,3032.0894811733556,1025.0,1025.0,1071.9105188266444,1071.9105188266444,1148992.160371206
2018-04-07 22:00:00,22,5,0,4107,4104.0,2992.0,3387.645668101688,3.0,3.0,719.354331898312,719.354331898312,517470.6548208668
2018-04-07 23:00:00,23,5,0,2740,4107.0,2205.0,2259.583139709274,-1367.0,1367.0,480.41686029072616,480.41686029072616,230800.3596515991
2018-04-08 00:00:00,0,6,0,1578,2740.0,1196.0,1727.624562391073,-1162.0,1162.0,-149.6245623910729,149.6245623910729,22387.509670720072
2018-04-08 01:00:00,1,6,0,844,1578.0,657.0,916.5238883263117,-734.0,734.0,-72.52388832631175,72.52388832631175,5259.714377967338
2018-04-08 02:00:00,2,6,0,649,844.0,496.0,669.0000467913086,-195.0,195.0,-20.00004679130859,20.00004679130859,400.0018716545331
2018-04-08 03:00:00,3,6,0,401,649.0,381.0,416.3099395069039,-248.0,248.0,-15.309939506903902,15.309939506903902,234.3942477050569
2018-04-08 04:00:00,4,6,0,295,401.0,342.0,360.00923036944994,-106.0,106.0,-65.00923036944994,65.00923036944994,4226.200033228212
2018-04-08 05:00:00,5,6,0,441,295.0,643.0,485.86870483975486,146.0,146.0,-44.868704839754855,44.868704839754855,2013.2006739970407
2018-04-08 06:00:00,6,6,0,976,441.0,1221.0,869.267464587383,535.0,535.0,106.73253541261704,106.73253541261704,11391.83411560555
2018-04-08 07:00:00,7,6,1,1357,976.0,1995.0,1413.8799490254628,381.0,381.0,-56.87994902546279,56.87994902546279,3235.3286011392456
2018-04-08 08:00:00,8,6,1,1910,1357.0,3074.0,2121.166256891084,553.0,553.0,-211.16625689108378,211.16625689108378,44591.18804939119
2018-04-08 09:00:00,9,6,1,2736,1910.0,3960.0,2813.410640299274,826.0,826.0,-77.41064029927384,77.41064029927384,5992.407231543559
2018-04-08 10:00:00,10,6,0,3401,2736.0,4304.0,3513.0489772577503,665.0,665.0,-112.04897725775027,112.04897725775027,12554.973304507836
2018-04-08 11:00:00,11,6,0,3961,3401.0,4771.0,3821.6128420684295,560.0,560.0,139.38715793157053,139.38715793157053,19428.779796240586
2018-04-08 12:00:00,12,6,0,4483,3961.0,5298.0,4139.626931998958,522.0,522.0,343.37306800104216,343.37306800104216,117905.06382844831
2018-04-08 13:00:00,13,6,0,4423,4483.0,5126.0,4633.656737412683,-60.0,60.0,-210.65673741268256,210.65673741268256,44376.26101735589
2018-04-08 14:00:00,14,6,0,4272,4423.0,5237.0,4564.236092977707,-151.0,151.0,-292.2360929777069,292.2360929777069,85401.93403887496
2018-04-08 15:00:00,15,6,0,4083,4272.0,4908.0,4410.768468848323,-189.0,189.0,-327.7684688483232,327.7684688483232,107432.16917117422
2018-04-08 16:00:00,16,6,0,4389,4083.0,5118.0,4279.428917534422,306.0,306.0,109.571082465578,109.571082465578,12005.822112678496
2018-04-08 16:00:00,16,6,0,4389,4389.0,5441.0,4429.541060113572,0.0,0.0,-40.5410601135718,40.5410601135718,1643.5775551322424
2018-04-08 17:00:00,17,6,1,3687,4389.0,5019.0,4109.315228671459,-702.0,702.0,-422.3152286714594,422.3152286714594,178350.15236782705
2018-04-08 17:00:00,17,6,1,3687,3687.0,3699.0,3489.802343394537,0.0,0.0,197.19765660546318,197.19765660546318,38886.91577068617
2018-04-08 18:00:00,18,6,1,3224,3687.0,3079.0,3480.780398182747,-463.0,463.0,-256.7803981827469,256.7803981827469,65936.17289089005
2018-04-08 18:00:00,18,6,1,3224,3224.0,4104.0,3147.7191529361457,0.0,0.0,76.28084706385425,76.28084706385425,5818.767628779122
2018-04-08 18:00:00,18,6,1,3224,3224.0,4107.0,3147.7191529361457,0.0,0.0,76.28084706385425,76.28084706385425,5818.767628779122
2018-04-08 19:00:00,19,6,1,2455,3224.0,2740.0,2798.097895090787,-769.0,769.0,-343.097895090787,343.097895090787,117716.16561572869
2018-04-08 19:00:00,19,6,1,2455,2455.0,1578.0,2402.7334458246714,0.0,0.0,52.266554175328565,52.266554175328565,2731.792685362556
2018-04-08 19:00:00,19,6,1,2455,2455.0,844.0,2406.3923743961,0.0,0.0,48.60762560390003,48.60762560390003,2362.701266848918
2018-04-08 20:00:00,20,6,0,2145,2455.0,649.0,2399.0707002364124,-310.0,310.0,-254.07070023641245,254.07070023641245,64551.92071862095
2018-04-08 20:00:00,20,6,0,2145,2145.0,401.0,2166.57390576346,0.0,0.0,-21.57390576346006,21.57390576346006,465.43340989065524
2018-04-08 21:00:00,21,6,0,1799,2145.0,295.0,2173.028196665301,-346.0,346.0,-374.02819666530104,374.02819666530104,139897.09190069712
2018-04-08 21:00:00,21,6,0,1799,1799.0,441.0,2076.8383996815446,0.0,0.0,-277.8383996815446,277.8383996815446,77194.17633760173
2018-04-08 22:00:00,22,6,0,1425,1799.0,976.0,1613.2414641395478,-374.0,374.0,-188.24146413954782,188.24146413954782,35434.848821400665
2018-04-08 22:00:00,22,6,0,1425,1425.0,1357.0,1426.8366016930545,0.0,0.0,-1.8366016930544902,1.8366016930544902,3.37310577893062
2018-04-08 23:00:00,23,6,0,992,1425.0,1910.0,1049.290314892869,-433.0,433.0,-57.29031489286899,57.29031489286899,3282.1801805240866
2018-04-08 23:00:00,23,6,0,992,992.0,2736.0,1001.1895400321208,0.0,0.0,-9.189540032120817,9.189540032120817,84.44764600195107
2018-04-09 00:00:00,0,0,0,427,992.0,3401.0,558.7345836153203,-565.0,565.0,-131.73458361532028,131.73458361532028,17354.000520301808
2018-04-09 00:00:00,0,0,0,427,427.0,3961.0,484.0980800126462,0.0,0.0,-57.09808001264622,57.09808001264622,3260.19074113055
2018-04-09 01:00:00,1,0,0,315,427.0,4483.0,339.44889868425867,-112.0,112.0,-24.448898684258666,24.448898684258666,597.7486468731452
2018-04-09 01:00:00,1,0,0,315,315.0,4423.0,306.3233172498919,0.0,0.0,8.676682750108114,8.676682750108114,75.2848235460237
2018-04-09 02:00:00,2,0,0,251,315.0,4272.0,271.4581857704314,-64.0,64.0,-20.458185770431385,20.458185770431385,418.5373650174812
2018-04-09 02:00:00,2,0,0,251,251.0,4083.0,271.0808297773531,0.0,0.0,-20.080829777353074,20.080829777353074,403.2397245470299
2018-04-09 03:00:00,3,0,0,339,251.0,4389.0,337.36190978563326,88.0,88.0,1.6380902143667413,1.6380902143667413,2.6833395504040762
2018-04-09 03:00:00,3,0,0,339,339.0,4389.0,337.86651801882067,0.0,0.0,1.1334819811793295,1.1334819811793295,1.284781401658218
2018-04-09 04:00:00,4,0,0,869,339.0,3687.0,819.4818994579681,530.0,530.0,49.5181005420319,49.5181005420319,2452.04228129078
2018-04-09 05:00:00,5,0,0,2704,869.0,3687.0,2733.0869023115856,1835.0,1835.0,-29.086902311585618,29.086902311585618,846.0478860837247
2018-04-09 06:00:00,6,0,0,5192,2704.0,3224.0,5417.96573969854,2488.0,2488.0,-225.96573969854035,225.96573969854035,51060.515517508495
2018-04-09 06:00:00,6,0,0,5192,5192.0,3224.0,5237.972009588556,0.0,0.0,-45.97200958855592,45.97200958855592,2113.4256656102775
2018-04-09 07:00:00,7,0,1,6110,5192.0,3224.0,5903.052384664982,918.0,918.0,206.94761533501787,206.94761533501787,42827.315492850525
2018-04-09 07:00:00,7,0,1,6110,6110.0,2455.0,6438.843009844983,0.0,0.0,-328.8430098449826,328.8430098449826,108137.72512390732
2018-04-09 08:00:00,8,0,1,5824,6110.0,2455.0,5572.955558478393,-286.0,286.0,251.04444152160704,251.04444152160704,63023.311618895576
2018-04-09 08:00:00,8,0,1,5824,5824.0,2455.0,5546.670221295833,0.0,0.0,277.32977870416744,277.32977870416744,76911.80615610248
2018-04-09 09:00:00,9,0,1,4933,5824.0,2145.0,5163.386139230058,-891.0,891.0,-230.38613923005778,230.38613923005778,53077.773149331566
2018-04-09 09:00:00,9,0,1,4933,4933.0,2145.0,5042.750550382241,0.0,0.0,-109.75055038224127,109.75055038224127,12045.18330920488
2018-04-09 10:00:00,10,0,0,4149,4933.0,1799.0,4526.351845062874,-784.0,784.0,-377.3518450628744,377.3518450628744,142394.4149723556
2018-04-09 10:00:00,10,0,0,4149,4149.0,1799.0,4243.575894526689,0.0,0.0,-94.5758945266889,94.5758945266889,8944.599825523383
2018-04-09 11:00:00,11,0,0,4276,4149.0,1425.0,4292.109378016681,127.0,127.0,-16.10937801668115,16.10937801668115,259.51206008432985
2018-04-09 12:00:00,12,0,0,4516,4276.0,1425.0,4490.972027538948,240.0,240.0,25.02797246105183,25.02797246105183,626.3994055111689
2018-04-09 13:00:00,13,0,0,4633,4516.0,992.0,4772.406263279079,117.0,117.0,-139.4062632790792,139.4062632790792,19434.106241435948
2018-04-09 14:00:00,14,0,0,5093,4633.0,992.0,4865.81154279814,460.0,460.0,227.18845720185982,227.18845720185982,51614.59508576129
2018-04-09 15:00:00,15,0,0,5769,5093.0,427.0,5665.8128166138085,676.0,676.0,103.18718338619146,103.18718338619146,10647.594815175507
2018-04-09 16:00:00,16,0,0,6719,5769.0,427.0,6539.885638205156,950.0,950.0,179.11436179484372,179.11436179484372,32081.95460117417
2018-04-09 17:00:00,17,0,1,6244,6719.0,315.0,6253.462907864936,-475.0,475.0,-9.462907864935914,9.462907864935914,89.54662526026598
2018-04-09 18:00:00,18,0,1,4640,6244.0,315.0,4577.106652499309,-1604.0,1604.0,62.89334750069065,62.89334750069065,3955.573159842631
2018-04-09 19:00:00,19,0,1,3073,4640.0,251.0,3364.7259543110563,-1567.0,1567.0,-291.7259543110563,291.7259543110563,85104.0324186965
2018-04-09 20:00:00,20,0,0,2635,3073.0,251.0,2753.0701359784407,-438.0,438.0,-118.0701359784407,118.0701359784407,13940.557009967477
2018-04-09 21:00:00,21,0,0,2048,2635.0,339.0,2428.739700663704,-587.0,587.0,-380.73970066370384,380.73970066370384,144962.7196614868
2018-04-09 22:00:00,22,0,0,1521,2048.0,339.0,1586.138877296227,-527.0,527.0,-65.13887729622707,65.13887729622707,4243.073335412926
2018-04-09 23:00:00,23,0,0,983,1521.0,869.0,1044.165938572593,-538.0,538.0,-61.16593857259295,61.16593857259295,3741.272041466214
2018-04-10 00:00:00,0,1,0,530,983.0,2704.0,549.6615453685754,-453.0,453.0,-19.66154536857539,19.66154536857539,386.5763662805483
2018-04-10 01:00:00,1,1,0,333,530.0,5192.0,344.86345280776493,-197.0,197.0,-11.86345280776493,11.86345280776493,140.7415125220656
2018-04-10 02:00:00,2,1,0,235,333.0,5192.0,271.94150620311103,-98.0,98.0,-36.94150620311103,36.94150620311103,1364.674880554491
2018-04-10 03:00:00,3,1,0,358,235.0,6110.0,352.438121417559,123.0,123.0,5.561878582441011,5.561878582441011,30.93449336581603
2018-04-10 04:00:00,4,1,0,905,358.0,6110.0,850.2704065182423,547.0,547.0,54.72959348175766,54.72959348175766,2995.328402678451
2018-04-10 05:00:00,5,1,0,2902,905.0,5824.0,2750.7441720365528,1997.0,1997.0,151.25582796344725,151.25582796344725,22878.32549290795
2018-04-10 06:00:00,6,1,0,5806,2902.0,5824.0,5763.932083714862,2904.0,2904.0,42.06791628513838,42.06791628513838,1769.709580573411
2018-04-10 07:00:00,7,1,1,6708,5806.0,4933.0,6439.115903448649,902.0,902.0,268.8840965513509,268.8840965513509,72298.65737823621
2018-04-10 08:00:00,8,1,1,6190,6708.0,4933.0,5982.209023685061,-518.0,518.0,207.79097631493914,207.79097631493914,43177.0898379156
2018-04-10 09:00:00,9,1,1,5221,6190.0,4149.0,5186.083727337555,-969.0,969.0,34.91627266244541,34.91627266244541,1219.1460966382326
2018-04-10 10:00:00,10,1,0,4436,5221.0,4149.0,4540.3148780071815,-785.0,785.0,-104.3148780071815,104.3148780071815,10881.59377365316
2018-04-10 11:00:00,11,1,0,4714,4436.0,4276.0,4697.613981685867,278.0,278.0,16.386018314133253,16.386018314133253,268.50159619111037
2018-04-10 12:00:00,12,1,0,4850,4714.0,4516.0,4893.425597408955,136.0,136.0,-43.42559740895467,43.42559740895467,1885.7825103246107
2018-04-10 13:00:00,13,1,0,5099,4850.0,4633.0,4946.523589367087,249.0,249.0,152.47641063291303,152.47641063291303,23249.055799496713
2018-04-10 14:00:00,14,1,0,5315,5099.0,5093.0,5335.659751127761,216.0,216.0,-20.65975112776141,20.65975112776141,426.82531666103887
2018-04-10 15:00:00,15,1,0,5784,5315.0,5769.0,5747.654063270552,469.0,469.0,36.34593672944811,36.34593672944811,1321.0271167410453
2018-04-10 16:00:00,16,1,0,7013,5784.0,6719.0,6580.014304229388,1229.0,1229.0,432.98569577061244,432.98569577061244,187476.61274196135
2018-04-10 17:00:00,17,1,1,6304,7013.0,6244.0,6505.926217498373,-709.0,709.0,-201.92621749837326,201.92621749837326,40774.19731320035
2018-04-10 18:00:00,18,1,1,4606,6304.0,4640.0,4720.431887061411,-1698.0,1698.0,-114.43188706141063,114.43188706141063,13094.656776435439
2018-04-10 19:00:00,19,1,1,3190,4606.0,3073.0,3393.3868687617937,-1416.0,1416.0,-203.38686876179372,203.38686876179372,41366.2183847271
2018-04-10 20:00:00,20,1,0,2829,3190.0,2635.0,2870.33831622268,-361.0,361.0,-41.33831622268008,41.33831622268008,1708.8563881262949
2018-04-10 21:00:00,21,1,0,2337,2829.0,2048.0,2631.756777423024,-492.0,492.0,-294.7567774230238,294.7567774230238,86881.55783680598
2018-04-10 22:00:00,22,1,0,1738,2337.0,1521.0,2006.3661826523435,-599.0,599.0,-268.36618265234347,268.36618265234347,72020.40799139098
2018-04-10 23:00:00,23,1,0,1007,1738.0,983.0,1147.4423603217797,-731.0,731.0,-140.4423603217797,140.4423603217797,19724.056572752597
2018-04-11 00:00:00,0,2,0,562,1007.0,530.0,556.742169858363,-445.0,445.0,5.257830141636987,5.257830141636987,27.644777798306418
2018-04-11 01:00:00,1,2,0,344,562.0,333.0,351.24804511958826,-218.0,218.0,-7.248045119588255,7.248045119588255,52.53415805558712
2018-04-11 02:00:00,2,2,0,259,344.0,235.0,272.25422342459535,-85.0,85.0,-13.254223424595352,13.254223424595352,175.67443858909215
2018-04-11 03:00:00,3,2,0,374,259.0,358.0,353.1596581347322,115.0,115.0,20.840341865267817,20.840341865267817,434.3198490612345
2018-04-11 03:00:00,3,2,0,374,374.0,905.0,380.67542821417663,0.0,0.0,-6.675428214176634,6.675428214176634,44.561341842625446
2018-04-11 04:00:00,4,2,0,886,374.0,2902.0,852.2557931122243,512.0,512.0,33.744206887775704,33.744206887775704,1138.6714984850094
2018-04-11 04:00:00,4,2,0,886,886.0,5806.0,887.3094999387242,0.0,0.0,-1.3094999387242297,1.3094999387242297,1.714790089518761
2018-04-11 05:00:00,5,2,0,2843,886.0,6708.0,2750.7441720365528,1957.0,1957.0,92.25582796344725,92.25582796344725,8511.137793221174
2018-04-11 06:00:00,6,2,0,5670,2843.0,6190.0,5759.833057357065,2827.0,2827.0,-89.83305735706472,89.83305735706472,8069.97819411768
2018-04-11 07:00:00,7,2,1,6495,5670.0,5221.0,6383.3812091005175,825.0,825.0,111.61879089948252,111.61879089948252,12458.754481862401
2018-04-11 07:00:00,7,2,1,6495,6495.0,4436.0,6454.7332715948905,0.0,0.0,40.26672840510946,40.26672840510946,1621.4094164508492
2018-04-11 08:00:00,8,2,1,5887,6495.0,4714.0,5940.362579156012,-608.0,608.0,-53.362579156011634,53.362579156011634,2847.564854181607
2018-04-11 09:00:00,9,2,1,5581,5887.0,4850.0,5186.083727337555,-306.0,306.0,394.9162726624454,394.9162726624454,155958.86241359892
2018-04-11 10:00:00,10,2,0,4791,5581.0,5099.0,4618.7236628579985,-790.0,790.0,172.27633714200147,172.27633714200147,29679.136339064553
2018-04-11 11:00:00,11,2,0,5123,4791.0,5315.0,4967.962287908277,332.0,332.0,155.03771209172282,155.03771209172282,24036.69217063594
2018-04-11 12:00:00,12,2,0,4964,5123.0,5784.0,5191.864423024188,-159.0,159.0,-227.864423024188,227.864423024188,51922.1952801461
2018-04-11 13:00:00,13,2,0,4982,4964.0,7013.0,4963.6046922186915,18.0,18.0,18.395307781308475,18.395307781308475,338.3873483690681
2018-04-11 14:00:00,14,2,0,5169,4982.0,6304.0,5286.695326287972,187.0,187.0,-117.69532628797242,117.69532628797242,13852.189830032292
2018-04-11 15:00:00,15,2,0,5768,5169.0,4606.0,5742.037976595526,599.0,599.0,25.962023404474166,25.962023404474166,674.0266592544643
2018-04-11 16:00:00,16,2,0,6988,5768.0,3190.0,6556.186345020982,1220.0,1220.0,431.8136549790179,431.8136549790179,186463.0326263383
2018-04-11 17:00:00,17,2,1,6744,6988.0,2829.0,6455.482777566137,-244.0,244.0,288.517222433863,288.517222433863,83242.18764095119
2018-04-11 18:00:00,18,2,1,4955,6744.0,2337.0,4783.397320259543,-1789.0,1789.0,171.60267974045655,171.60267974045655,29447.479694105696
2018-04-11 19:00:00,19,2,1,3308,4955.0,1738.0,3472.6164353598388,-1647.0,1647.0,-164.61643535983876,164.61643535983876,27098.57079057997
2018-04-11 20:00:00,20,2,0,2804,3308.0,1007.0,2895.6468354188587,-504.0,504.0,-91.6468354188587,91.6468354188587,8399.142442291373
2018-04-11 21:00:00,21,2,0,2418,2804.0,562.0,2646.2107519327396,-386.0,386.0,-228.21075193273964,228.21075193273964,52080.147297706426
2018-04-11 21:00:00,21,2,0,2418,2418.0,344.0,2200.972074360943,0.0,0.0,217.02792563905678,217.02792563905678,47101.120507191954
2018-04-11 22:00:00,22,2,0,1603,2418.0,259.0,1745.7039009032774,-815.0,815.0,-142.70390090327737,142.70390090327737,20364.403333012408
2018-04-11 23:00:00,23,2,0,1099,1603.0,374.0,1075.1707404073925,-504.0,504.0,23.829259592607514,23.829259592607514,567.8336127318772
2018-04-11 23:00:00,23,2,0,1099,1099.0,374.0,1035.9651371119908,0.0,0.0,63.03486288800923,63.03486288800923,3973.393939310123
2018-04-12 00:00:00,0,3,0,531,1099.0,886.0,622.1267983108793,-568.0,568.0,-91.12679831087928,91.12679831087928,8304.09337039167
2018-04-12 00:00:00,0,3,0,531,531.0,886.0,530.6888258552178,0.0,0.0,0.3111741447821714,0.3111741447821714,0.09682934838091578
2018-04-12 01:00:00,1,3,0,310,531.0,2843.0,351.73948258332587,-221.0,221.0,-41.73948258332587,41.73948258332587,1742.1844063237634
2018-04-12 02:00:00,2,3,0,291,310.0,5670.0,271.28443729563537,-19.0,19.0,19.71556270436463,19.71556270436463,388.7034127497335
2018-04-12 03:00:00,3,3,0,331,291.0,6495.0,350.3396366281615,40.0,40.0,-19.339636628161486,19.339636628161486,374.02154490932537
2018-04-12 04:00:00,4,3,0,949,331.0,6495.0,844.4876523439866,618.0,618.0,104.51234765601339,104.51234765601339,10922.830812571407
2018-04-12 05:00:00,5,3,0,2857,949.0,5887.0,2750.7441720365528,1908.0,1908.0,106.25582796344725,106.25582796344725,11290.300976197697
2018-04-12 06:00:00,6,3,0,5772,2857.0,5581.0,5761.63695976235,2915.0,2915.0,10.363040237650239,10.363040237650239,107.39260296715791
2018-04-12 07:00:00,7,3,1,6475,5772.0,4791.0,6449.046422181558,703.0,703.0,25.953577818441772,25.953577818441772,673.5882015779127
2018-04-12 08:00:00,8,3,1,6198,6475.0,5123.0,5940.362579156012,-277.0,277.0,257.63742084398837,257.63742084398837,66377.04061914237
2018-04-12 09:00:00,9,3,1,5391,6198.0,4964.0,5178.814034096677,-807.0,807.0,212.18596590332345,212.18596590332345,45022.88412632634
2018-04-12 10:00:00,10,3,0,4743,5391.0,4982.0,4571.622682799928,-648.0,648.0,171.37731720007196,171.37731720007196,29370.18485069408
2018-04-12 11:00:00,11,3,0,4982,4743.0,5169.0,4894.609774391263,239.0,239.0,87.39022560873673,87.39022560873673,7637.051531945905
2018-04-12 12:00:00,12,3,0,5317,4982.0,5768.0,5086.673591690647,335.0,335.0,230.3264083093527,230.3264083093527,53050.254364686654
2018-04-12 13:00:00,13,3,0,5322,5317.0,6988.0,5215.313240210652,5.0,5.0,106.68675978934789,106.68675978934789,11382.064714350017
2018-04-12 14:00:00,14,3,0,5574,5322.0,6744.0,5531.420843807715,252.0,252.0,42.579156192285154,42.579156192285154,1812.984542047015
2018-04-12 15:00:00,15,3,0,6252,5574.0,4955.0,5901.061475191788,678.0,678.0,350.9385248082117,350.9385248082117,123157.84819456382
2018-04-12 16:00:00,16,3,0,7213,6252.0,3308.0,6575.539987135308,961.0,961.0,637.4600128646916,637.4600128646916,406355.26800145285
2018-04-12 17:00:00,17,3,1,6811,7213.0,2804.0,6519.7119421757025,-402.0,402.0,291.28805782429754,291.28805782429754,84848.7326310513
2018-04-12 18:00:00,18,3,1,5064,6811.0,2418.0,4782.638113230657,-1747.0,1747.0,281.3618867693431,281.3618867693431,79164.51132640464
2018-04-12 19:00:00,19,3,1,3697,5064.0,2418.0,3599.4200513923192,-1367.0,1367.0,97.57994860768076,97.57994860768076,9521.846370277619
2018-04-12 20:00:00,20,3,0,3082,3697.0,1603.0,3225.8454446704163,-615.0,615.0,-143.84544467041633,143.84544467041633,20691.511952429806
2018-04-12 21:00:00,21,3,0,2762,3082.0,1099.0,3079.261426621441,-320.0,320.0,-317.26142662144093,317.26142662144093,100654.81282187195
2018-04-12 22:00:00,22,3,0,2053,2762.0,1099.0,2282.7742569764187,-709.0,709.0,-229.77425697641866,229.77425697641866,52796.209169065274
2018-04-12 23:00:00,23,3,0,1168,2053.0,531.0,1660.953807391711,-885.0,885.0,-492.95380739171105,492.95380739171105,243003.45622198415
2018-04-13 00:00:00,0,4,0,633,1168.0,531.0,639.8169922305827,-535.0,535.0,-6.816992230582741,6.816992230582741,46.47138307182546
2018-04-13 01:00:00,1,4,0,387,633.0,310.0,399.4001860277287,-246.0,246.0,-12.400186027728694,12.400186027728694,153.76461352227793
2018-04-13 02:00:00,2,4,0,306,387.0,291.0,308.15367550339596,-81.0,81.0,-2.1536755033959594,2.1536755033959594,4.638318173927839
2018-04-13 03:00:00,3,4,0,356,306.0,331.0,353.3940162810561,50.0,50.0,2.6059837189438895,2.6059837189438895,6.791151143400625
2018-04-13 04:00:00,4,4,0,846,356.0,949.0,813.9972659130141,490.0,490.0,32.002734086985924,32.002734086985924,1024.1749890423307
2018-04-13 05:00:00,5,4,0,2721,846.0,2857.0,2717.156383786207,1875.0,1875.0,3.8436162137932115,3.8436162137932115,14.773385598934063
2018-04-13 06:00:00,6,4,0,5426,2721.0,5772.0,5610.392303077538,2705.0,2705.0,-184.3923030775377,184.3923030775377,34000.521434238515
2018-04-13 07:00:00,7,4,1,6585,5426.0,6475.0,6359.110576221984,1159.0,1159.0,225.88942377801595,225.88942377801595,51026.03177476408
2018-04-13 08:00:00,8,4,1,5894,6585.0,6198.0,5908.702070828531,-691.0,691.0,-14.70207082853085,14.70207082853085,216.1508866471378
2018-04-13 09:00:00,9,4,1,5227,5894.0,5391.0,5186.083727337555,-667.0,667.0,40.91627266244541,40.91627266244541,1674.1413685875775
2018-04-13 09:00:00,9,4,1,5227,5227.0,4743.0,5064.028583482082,0.0,0.0,162.97141651791844,162.97141651791844,26559.68260185686
2018-04-13 10:00:00,10,4,0,4853,5227.0,4982.0,4692.571552706409,-374.0,374.0,160.42844729359058,160.42844729359058,25737.28670103237
2018-04-13 11:00:00,11,4,0,5233,4853.0,5317.0,5055.566827304705,380.0,380.0,177.43317269529507,177.43317269529507,31482.530772718404
2018-04-13 11:00:00,11,4,0,5233,5233.0,5322.0,5340.77871613931,0.0,0.0,-107.77871613930984,107.77871613930984,11616.251652637926
2018-04-13 12:00:00,12,4,0,5302,5233.0,5574.0,5343.39162871193,69.0,69.0,-41.391628711930025,41.391628711930025,1713.26692742627
2018-04-13 12:00:00,12,4,0,5302,5302.0,6252.0,5347.907696055092,0.0,0.0,-45.90769605509195,45.90769605509195,2107.516557086705
2018-04-13 13:00:00,13,4,0,5174,5302.0,7213.0,5301.552764141405,-128.0,128.0,-127.55276414140462,127.55276414140462,16269.707640112798
2018-04-13 13:00:00,13,4,0,5174,5174.0,6811.0,5289.358851473218,0.0,0.0,-115.35885147321824,115.35885147321824,13307.664613220026
2018-04-13 13:00:00,13,4,0,5174,5174.0,5064.0,5289.358851473218,0.0,0.0,-115.35885147321824,115.35885147321824,13307.664613220026
2018-04-13 14:00:00,14,4,0,5330,5174.0,3697.0,5372.939252777359,156.0,156.0,-42.93925277735889,42.93925277735889,1843.779429077923
2018-04-13 15:00:00,15,4,0,5953,5330.0,3082.0,5748.535087676504,623.0,623.0,204.4649123234958,204.4649123234958,41805.90037145483
2018-04-13 16:00:00,16,4,0,6686,5953.0,2762.0,6317.421031354449,733.0,733.0,368.57896864555096,368.57896864555096,135850.45612781803
2018-04-13 16:00:00,16,4,0,6686,6686.0,2053.0,6448.362958657432,0.0,0.0,237.6370413425684,237.6370413425684,56471.363418049565
2018-04-13 16:00:00,16,4,0,6686,6686.0,1168.0,6458.060333788644,0.0,0.0,227.93966621135587,227.93966621135587,51956.49143254433
2018-04-13 17:00:00,17,4,1,5687,6686.0,633.0,6109.050719980586,-999.0,999.0,-422.0507199805861,422.0507199805861,178126.8102361311
2018-04-13 17:00:00,17,4,1,5687,5687.0,387.0,5594.380348249962,0.0,0.0,92.61965175003843,92.61965175003843,8578.399890298397
2018-04-13 18:00:00,18,4,1,4167,5687.0,306.0,4698.708569706815,-1520.0,1520.0,-531.7085697068151,531.7085697068151,282714.003099667
2018-04-13 18:00:00,18,4,1,4167,4167.0,356.0,4031.4913824938412,0.0,0.0,135.50861750615877,135.50861750615877,18362.58541843044
2018-04-13 18:00:00,18,4,1,4167,4167.0,846.0,4031.4913824938412,0.0,0.0,135.50861750615877,135.50861750615877,18362.58541843044
2018-04-13 19:00:00,19,4,1,2882,4167.0,2721.0,3422.63020380586,-1285.0,1285.0,-540.6302038058602,540.6302038058602,292281.01726716594
2018-04-13 19:00:00,19,4,1,2882,2882.0,5426.0,2858.484980230864,0.0,0.0,23.51501976913596,23.51501976913596,552.956154742855
2018-04-13 19:00:00,19,4,1,2882,2882.0,6585.0,2859.8827755769903,0.0,0.0,22.117224423009702,22.117224423009702,489.17161617777685
2018-04-13 20:00:00,20,4,0,2320,2882.0,5894.0,2842.2287321718804,-562.0,562.0,-522.2287321718804,522.2287321718804,272722.8487058496
2018-04-13 20:00:00,20,4,0,2320,2320.0,5227.0,2185.015552319103,0.0,0.0,134.98444768089712,134.98444768089712,18220.80111571685
2018-04-13 20:00:00,20,4,0,2320,2320.0,5227.0,2185.015552319103,0.0,0.0,134.98444768089712,134.98444768089712,18220.80111571685
2018-04-13 20:00:00,20,4,0,2320,2320.0,4853.0,2185.015552319103,0.0,0.0,134.98444768089712,134.98444768089712,18220.80111571685
2018-04-13 21:00:00,21,4,0,2158,2320.0,5233.0,2185.015552319103,-162.0,162.0,-27.01555231910288,27.01555231910288,729.8400671061851
2018-04-13 21:00:00,21,4,0,2158,2158.0,5233.0,2097.4589589651487,0.0,0.0,60.54104103485133,60.54104103485133,3665.217649583553
2018-04-13 21:00:00,21,4,0,2158,2158.0,5302.0,2097.4589589651487,0.0,0.0,60.54104103485133,60.54104103485133,3665.217649583553
2018-04-13 21:00:00,21,4,0,2158,2158.0,5302.0,2097.4589589651487,0.0,0.0,60.54104103485133,60.54104103485133,3665.217649583553
2018-04-13 21:00:00,21,4,0,2158,2158.0,5174.0,2096.281685196535,0.0,0.0,61.71831480346509,61.71831480346509,3809.150382179618
2018-04-13 22:00:00,22,4,0,1773,2158.0,5174.0,2032.7812728821984,-385.0,385.0,-259.78127288219844,259.78127288219844,67486.30974029526
2018-04-13 22:00:00,22,4,0,1773,1773.0,5174.0,1684.2297623050722,0.0,0.0,88.7702376949278,88.7702376949278,7880.155100413981
2018-04-13 22:00:00,22,4,0,1773,1773.0,5330.0,1684.2297623050722,0.0,0.0,88.7702376949278,88.7702376949278,7880.155100413981
2018-04-13 22:00:00,22,4,0,1773,1773.0,5953.0,1720.1914186942865,0.0,0.0,52.80858130571346,52.80858130571346,2788.746259522149
2018-04-13 23:00:00,23,4,0,1143,1773.0,6686.0,1781.6870037658466,-630.0,630.0,-638.6870037658466,638.6870037658466,407921.0887793946
2018-04-13 23:00:00,23,4,0,1143,1143.0,6686.0,1054.9579953832078,0.0,0.0,88.04200461679216,88.04200461679216,7751.394576943251
2018-04-13 23:00:00,23,4,0,1143,1143.0,6686.0,1050.5175273388395,0.0,0.0,92.4824726611605,92.4824726611605,8553.0077495223
2018-04-14 00:00:00,0,5,0,625,1143.0,5687.0,1088.9901252692525,-518.0,518.0,-463.99012526925253,463.99012526925253,215286.83634737667
2018-04-14 00:00:00,0,5,0,625,625.0,5687.0,896.8889496808526,0.0,0.0,-271.88894968085265,271.88894968085265,73923.60095855722
2018-04-14 01:00:00,1,5,0,441,625.0,4167.0,553.8423533191954,-184.0,184.0,-112.84235331919535,112.84235331919535,12733.396702614118
2018-04-14 01:00:00,1,5,0,441,441.0,4167.0,413.0849832256011,0.0,0.0,27.915016774398907,27.915016774398907,779.2481615149724
2018-04-14 01:00:00,1,5,0,441,441.0,4167.0,412.2345665589344,0.0,0.0,28.765433441065625,28.765433441065625,827.4501610523765
2018-04-14 02:00:00,2,5,0,397,441.0,2882.0,403.45910518755676,-44.0,44.0,-6.459105187556759,6.459105187556759,41.72003982392263
2018-04-14 02:00:00,2,5,0,397,397.0,2882.0,361.9033115833678,0.0,0.0,35.09668841663222,35.09668841663222,1231.7775378141662
2018-04-14 02:00:00,2,5,0,397,397.0,2882.0,361.9033115833678,0.0,0.0,35.09668841663222,35.09668841663222,1231.7775378141662
2018-04-14 03:00:00,3,5,0,309,397.0,2320.0,386.41952143283356,-88.0,88.0,-77.41952143283356,77.41952143283356,5993.782298888976
2018-04-14 03:00:00,3,5,0,309,309.0,2320.0,337.2485293241703,0.0,0.0,-28.248529324170306,28.248529324170306,797.9794089785097
2018-04-14 04:00:00,4,5,0,300,309.0,2320.0,298.90664187857743,-9.0,9.0,1.0933581214225683,1.0933581214225683,1.1954319816806875
2018-04-14 04:00:00,4,5,0,300,300.0,2320.0,297.0573085452441,0.0,0.0,2.942691454755902,2.942691454755902,8.659432997893408
2018-04-14 04:00:00,4,5,0,300,300.0,2158.0,297.0573085452441,0.0,0.0,2.942691454755902,2.942691454755902,8.659432997893408
2018-04-14 05:00:00,5,5,0,540,300.0,2158.0,530.3357966013815,240.0,240.0,9.664203398618497,9.664203398618497,93.39682732986931
2018-04-14 06:00:00,6,5,0,986,540.0,2158.0,962.7043255768347,446.0,446.0,23.295674423165337,23.295674423165337,542.6884468301197
2018-04-14 06:00:00,6,5,0,986,986.0,2158.0,1123.4376363464069,0.0,0.0,-137.43763634640686,137.43763634640686,18889.103884487176
2018-04-14 07:00:00,7,5,1,1311,986.0,2158.0,1182.650589279658,325.0,325.0,128.3494107203419,128.3494107203419,16473.571232259015
2018-04-14 07:00:00,7,5,1,1311,1311.0,1773.0,1558.0889762097886,0.0,0.0,-247.0889762097886,247.0889762097886,61052.96216440148
2018-04-14 08:00:00,8,5,1,1489,1311.0,1773.0,1920.711346463316,178.0,178.0,-431.711346463316,431.711346463316,186374.68666516925
2018-04-14 08:00:00,8,5,1,1489,1489.0,1773.0,1969.3953092397392,0.0,0.0,-480.39530923973916,480.39530923973916,230779.65313954462
2018-04-14 08:00:00,8,5,1,1489,1489.0,1773.0,1969.3953092397392,0.0,0.0,-480.39530923973916,480.39530923973916,230779.65313954462
2018-04-14 09:00:00,9,5,1,1755,1489.0,1143.0,2238.7543721997163,266.0,266.0,-483.7543721997163,483.7543721997163,234018.29262234163
2018-04-14 09:00:00,9,5,1,1755,1755.0,1143.0,2324.099474377197,0.0,0.0,-569.0994743771971,569.0994743771971,323874.211736402
2018-04-14 09:00:00,9,5,1,1755,1755.0,1143.0,2324.099474377197,0.0,0.0,-569.0994743771971,569.0994743771971,323874.211736402
2018-04-14 09:00:00,9,5,1,1755,1755.0,625.0,2330.323030531461,0.0,0.0,-575.323030531461,575.323030531461,330996.58945990435
2018-04-14 09:00:00,9,5,1,1755,1755.0,625.0,2334.9040430944924,0.0,0.0,-579.9040430944924,579.9040430944924,336288.6991973389
2018-04-14 10:00:00,10,5,0,1978,1755.0,441.0,2361.3154610024026,223.0,223.0,-383.31546100240257,383.31546100240257,146930.7426434844
2018-04-14 10:00:00,10,5,0,1978,1978.0,441.0,2722.051273985057,0.0,0.0,-744.0512739850569,744.0512739850569,553612.2983187862
2018-04-14 10:00:00,10,5,0,1978,1978.0,441.0,2722.051273985057,0.0,0.0,-744.0512739850569,744.0512739850569,553612.2983187862
2018-04-14 10:00:00,10,5,0,1978,1978.0,397.0,2730.7797723791296,0.0,0.0,-752.7797723791296,752.7797723791296,566677.385703174
2018-04-14 11:00:00,11,5,0,2153,1978.0,397.0,2732.185082291862,175.0,175.0,-579.1850822918618,579.1850822918618,335455.3595494307
2018-04-14 11:00:00,11,5,0,2153,2153.0,397.0,2750.6257570388534,0.0,0.0,-597.6257570388534,597.6257570388534,357156.54547626263
2018-04-14 11:00:00,11,5,0,2153,2153.0,309.0,2759.476756891198,0.0,0.0,-606.476756891198,606.476756891198,367814.0566492652
2018-04-14 11:00:00,11,5,0,2153,2153.0,309.0,2763.458805342165,0.0,0.0,-610.4588053421649,610.4588053421649,372659.95301978313
2018-04-14 12:00:00,12,5,0,2147,2153.0,300.0,2750.1865138320654,-6.0,6.0,-603.1865138320654,603.1865138320654,363833.97046888043
2018-04-14 12:00:00,12,5,0,2147,2147.0,300.0,2752.4065246721734,0.0,0.0,-605.4065246721734,605.4065246721734,366517.06011563895
2018-04-14 12:00:00,12,5,0,2147,2147.0,300.0,2757.8703255388273,0.0,0.0,-610.8703255388273,610.8703255388273,373162.5546239128
2018-04-14 13:00:00,13,5,0,1987,2147.0,540.0,2717.619651856527,-160.0,160.0,-730.6196518565271,730.6196518565271,533805.0756789529
2018-04-14 13:00:00,13,5,0,1987,1987.0,986.0,2712.515420386975,0.0,0.0,-725.5154203869752,725.5154203869752,526372.6252192893
2018-04-14 13:00:00,13,5,0,1987,1987.0,986.0,2716.18848012892,0.0,0.0,-729.1884801289202,729.1884801289202,531715.8395527247
2018-04-14 13:00:00,13,5,0,1987,1987.0,1311.0,2724.803895900984,0.0,0.0,-737.8038959009841,737.8038959009841,544354.5888066702
2018-04-14 14:00:00,14,5,0,1822,1987.0,1311.0,2568.620723907941,-165.0,165.0,-746.6207239079408,746.6207239079408,557442.5053688176
2018-04-14 14:00:00,14,5,0,1822,1822.0,1489.0,2145.4894093668445,0.0,0.0,-323.4894093668445,323.4894093668445,104645.39797250989
2018-04-14 15:00:00,15,5,0,1881,1822.0,1489.0,2140.292578607514,59.0,59.0,-259.29257860751386,259.29257860751386,67232.64132093375
2018-04-14 15:00:00,15,5,0,1881,1881.0,1489.0,2516.640526856168,0.0,0.0,-635.640526856168,635.640526856168,404038.8793819868
2018-04-14 16:00:00,16,5,0,1461,1881.0,1755.0,2515.7820345595474,-420.0,420.0,-1054.7820345595474,1054.7820345595474,1112565.1404295783
2018-04-14 16:00:00,16,5,0,1461,1461.0,1755.0,1983.8778949750156,0.0,0.0,-522.8778949750156,522.8778949750156,273401.29305350344
2018-04-14 16:00:00,16,5,0,1461,1461.0,1755.0,1987.5870914035872,0.0,0.0,-526.5870914035872,526.5870914035872,277293.96483288996
2018-04-14 17:00:00,17,5,1,1478,1461.0,1755.0,1969.957441680095,17.0,17.0,-491.9574416800949,491.9574416800949,242022.124424424
2018-04-14 17:00:00,17,5,1,1478,1478.0,1755.0,1974.53595075039,0.0,0.0,-496.53595075038993,496.53595075038993,246547.95038759365
2018-04-14 18:00:00,18,5,1,1068,1478.0,1978.0,1932.0520635018356,-410.0,410.0,-864.0520635018356,864.0520635018356,746585.9684417802
2018-04-14 18:00:00,18,5,1,1068,1068.0,1978.0,1805.3166500417326,0.0,0.0,-737.3166500417326,737.3166500417326,543635.8424287628
2018-04-14 19:00:00,19,5,1,881,1068.0,1978.0,1793.4895121474444,-187.0,187.0,-912.4895121474444,912.4895121474444,832637.1097790812
2018-04-14 19:00:00,19,5,1,881,881.0,1978.0,1799.4341024748103,0.0,0.0,-918.4341024748103,918.4341024748103,843521.2005887104
2018-04-14 19:00:00,19,5,1,881,881.0,2153.0,1799.4341024748103,0.0,0.0,-918.4341024748103,918.4341024748103,843521.2005887104
2018-04-14 20:00:00,20,5,0,618,881.0,2153.0,1852.0010551351736,-263.0,263.0,-1234.0010551351736,1234.0010551351736,1522758.6040747217
2018-04-14 20:00:00,20,5,0,618,618.0,2153.0,1513.0882904722673,0.0,0.0,-895.0882904722673,895.0882904722673,801183.047740566
2018-04-14 20:00:00,20,5,0,618,618.0,2153.0,1481.332981293523,0.0,0.0,-863.3329812935231,863.3329812935231,745343.8365891626
2018-04-14 20:00:00,20,5,0,618,618.0,2147.0,1445.5979812935234,0.0,0.0,-827.5979812935234,827.5979812935234,684918.4186411151
2018-04-14 21:00:00,21,5,0,707,618.0,2147.0,1439.1329812935232,89.0,89.0,-732.1329812935232,732.1329812935232,536018.7022977425
2018-04-14 21:00:00,21,5,0,707,707.0,2147.0,1470.583901406271,0.0,0.0,-763.583901406271,763.583901406271,583060.3744868218
2018-04-14 21:00:00,21,5,0,707,707.0,1987.0,1489.8932466443664,0.0,0.0,-782.8932466443664,782.8932466443664,612921.8356413568
2018-04-14 22:00:00,22,5,0,594,707.0,1987.0,1402.6032338033388,-113.0,113.0,-808.6032338033388,808.6032338033388,653839.1897172169
2018-04-14 22:00:00,22,5,0,594,594.0,1987.0,1452.8666522891942,0.0,0.0,-858.8666522891942,858.8666522891942,737651.9264144477
2018-04-14 22:00:00,22,5,0,594,594.0,1987.0,1395.074568955861,0.0,0.0,-801.074568955861,801.074568955861,641720.4650278185
2018-04-14 23:00:00,23,5,0,526,594.0,1822.0,1394.7990448012715,-68.0,68.0,-868.7990448012715,868.7990448012715,754811.7802476018
2018-04-14 23:00:00,23,5,0,526,526.0,1822.0,1148.0150735793752,0.0,0.0,-622.0150735793752,622.0150735793752,386902.75175995554
2018-04-14 23:00:00,23,5,0,526,526.0,1881.0,1142.9071304007534,0.0,0.0,-616.9071304007534,616.9071304007534,380574.4075392922
2018-04-15 00:00:00,0,6,0,353,526.0,1881.0,957.7235022265637,-173.0,173.0,-604.7235022265637,604.7235022265637,365690.5141451608
2018-04-15 00:00:00,0,6,0,353,353.0,1461.0,804.068366574319,0.0,0.0,-451.06836657431904,451.06836657431904,203462.67132402427
2018-04-15 00:00:00,0,6,0,353,353.0,1461.0,804.068366574319,0.0,0.0,-451.06836657431904,451.06836657431904,203462.67132402427
2018-04-15 01:00:00,1,6,0,259,353.0,1461.0,326.052524148875,-94.0,94.0,-67.05252414887502,67.05252414887502,4496.040994735468
2018-04-15 01:00:00,1,6,0,259,259.0,1478.0,305.12444008474716,0.0,0.0,-46.124440084747164,46.124440084747164,2127.463973131431
2018-04-15 01:00:00,1,6,0,259,259.0,1478.0,305.12444008474716,0.0,0.0,-46.124440084747164,46.124440084747164,2127.463973131431
2018-04-15 02:00:00,2,6,0,198,259.0,1068.0,270.47794380336535,-61.0,61.0,-72.47794380336535,72.47794380336535,5253.052337963785
2018-04-15 02:00:00,2,6,0,198,198.0,1068.0,270.47794380336535,0.0,0.0,-72.47794380336535,72.47794380336535,5253.052337963785
2018-04-15 02:00:00,2,6,0,198,198.0,881.0,270.47794380336535,0.0,0.0,-72.47794380336535,72.47794380336535,5253.052337963785
2018-04-15 03:00:00,3,6,0,151,198.0,881.0,331.14717334858165,-47.0,47.0,-180.14717334858165,180.14717334858165,32453.004065483925
2018-04-15 03:00:00,3,6,0,151,151.0,881.0,143.2415585881458,0.0,0.0,7.758441411854193,7.758441411854193,60.193413141174084
2018-04-15 03:00:00,3,6,0,151,151.0,618.0,141.57109562518283,0.0,0.0,9.428904374817165,9.428904374817165,88.90423770944628
2018-04-15 04:00:00,4,6,0,175,151.0,618.0,39.768,24.0,24.0,135.232,135.232,18287.693823999998
2018-04-15 04:00:00,4,6,0,175,175.0,618.0,99.91320031755758,0.0,0.0,75.08679968244242,75.08679968244242,5638.027486551235
2018-04-15 04:00:00,4,6,0,175,175.0,618.0,99.91320031755758,0.0,0.0,75.08679968244242,75.08679968244242,5638.027486551235
2018-04-15 05:00:00,5,6,0,301,175.0,707.0,478.1922429224152,126.0,126.0,-177.19224292241518,177.19224292241518,31397.09095187619
2018-04-15 05:00:00,5,6,0,301,301.0,707.0,515.8081680818418,0.0,0.0,-214.8081680818418,214.8081680818418,46142.549074676805
2018-04-15 05:00:00,5,6,0,301,301.0,707.0,515.8081680818418,0.0,0.0,-214.8081680818418,214.8081680818418,46142.549074676805
2018-04-15 06:00:00,6,6,0,490,301.0,594.0,750.751451050132,189.0,189.0,-260.751451050132,260.751451050132,67991.31922474939
2018-04-15 06:00:00,6,6,0,490,490.0,594.0,688.4097025471408,0.0,0.0,-198.4097025471408,198.4097025471408,39366.41006484489
2018-04-15 06:00:00,6,6,0,490,490.0,594.0,688.4097025471408,0.0,0.0,-198.4097025471408,198.4097025471408,39366.41006484489
2018-04-15 07:00:00,7,6,1,634,490.0,526.0,664.0100383773492,144.0,144.0,-30.010038377349247,30.010038377349247,900.6024034099746
2018-04-15 07:00:00,7,6,1,634,634.0,526.0,848.231090219191,0.0,0.0,-214.23109021919095,214.23109021919095,45894.96001650313
2018-04-15 08:00:00,8,6,1,674,634.0,526.0,1124.0735451163587,40.0,40.0,-450.0735451163587,450.0735451163587,202566.19601360694
2018-04-15 08:00:00,8,6,1,674,674.0,353.0,1154.832165761639,0.0,0.0,-480.8321657616391,480.8321657616391,231199.57163102838
2018-04-15 08:00:00,8,6,1,674,674.0,353.0,1154.832165761639,0.0,0.0,-480.8321657616391,480.8321657616391,231199.57163102838
2018-04-15 09:00:00,9,6,1,984,674.0,353.0,1264.9061763778277,310.0,310.0,-280.9061763778277,280.9061763778277,78908.27992721125
2018-04-15 09:00:00,9,6,1,984,984.0,259.0,1629.6415172574345,0.0,0.0,-645.6415172574345,645.6415172574345,416852.96880648215
2018-04-15 09:00:00,9,6,1,984,984.0,259.0,1629.6415172574345,0.0,0.0,-645.6415172574345,645.6415172574345,416852.96880648215
2018-04-15 10:00:00,10,6,0,1494,984.0,259.0,1847.845304445308,510.0,510.0,-353.8453044453081,353.8453044453081,125206.49947799278
2018-04-15 10:00:00,10,6,0,1494,1494.0,198.0,1942.7320544691074,0.0,0.0,-448.7320544691074,448.7320544691074,201360.456708066
2018-04-15 11:00:00,11,6,0,1794,1494.0,198.0,1966.4095840418836,300.0,300.0,-172.4095840418836,172.4095840418836,29725.06466949532
2018-04-15 11:00:00,11,6,0,1794,1794.0,198.0,2068.375161413039,0.0,0.0,-274.3751614130392,274.3751614130392,75281.72920043132
2018-04-15 12:00:00,12,6,0,2037,1794.0,151.0,2056.1074530797064,243.0,243.0,-19.107453079706374,19.107453079706374,365.0947631931806
2018-04-15 13:00:00,13,6,0,2205,2037.0,151.0,2676.824195179091,168.0,168.0,-471.824195179091,471.824195179091,222618.07115639697
2018-04-15 13:00:00,13,6,0,2205,2205.0,151.0,2680.3366453814024,0.0,0.0,-475.3366453814024,475.3366453814024,225944.92644244508
2018-04-15 13:00:00,13,6,0,2205,2205.0,175.0,2680.3366453814024,0.0,0.0,-475.3366453814024,475.3366453814024,225944.92644244508
2018-04-15 14:00:00,14,6,0,2406,2205.0,175.0,2541.426953101926,201.0,201.0,-135.42695310192585,135.42695310192585,18340.459626471224
2018-04-15 14:00:00,14,6,0,2406,2406.0,175.0,2589.309967939291,0.0,0.0,-183.3099679392908,183.3099679392908,33602.54434590382
2018-04-15 15:00:00,15,6,0,2171,2406.0,301.0,2582.3319153528323,-235.0,235.0,-411.3319153528323,411.3319153528323,169193.9445878296
2018-04-15 15:00:00,15,6,0,2171,2171.0,301.0,2538.369569239424,0.0,0.0,-367.369569239424,367.369569239424,134960.40040315993
2018-04-15 16:00:00,16,6,0,2109,2171.0,301.0,2302.6175281983556,-62.0,62.0,-193.61752819835556,193.61752819835556,37487.74722564101
2018-04-15 16:00:00,16,6,0,2109,2109.0,490.0,2278.7293184577975,0.0,0.0,-169.7293184577975,169.7293184577975,28808.041544148437
2018-04-15 17:00:00,17,6,1,1849,2109.0,490.0,2263.9011485131077,-260.0,260.0,-414.9011485131077,414.9011485131077,172142.96303749588
2018-04-15 17:00:00,17,6,1,1849,1849.0,490.0,2064.471006942535,0.0,0.0,-215.47100694253504,215.47100694253504,46427.75483282998
2018-04-15 17:00:00,17,6,1,1849,1849.0,634.0,2064.471006942535,0.0,0.0,-215.47100694253504,215.47100694253504,46427.75483282998
2018-04-15 18:00:00,18,6,1,1659,1849.0,634.0,1985.440474338475,-190.0,190.0,-326.44047433847504,326.44047433847504,106563.38328632858
2018-04-15 18:00:00,18,6,1,1659,1659.0,674.0,1852.601681465078,0.0,0.0,-193.60168146507795,193.60168146507795,37481.611066105506
2018-04-15 18:00:00,18,6,1,1659,1659.0,674.0,1852.601681465078,0.0,0.0,-193.60168146507795,193.60168146507795,37481.611066105506
2018-04-15 19:00:00,19,6,1,1417,1659.0,674.0,1848.6141708363125,-242.0,242.0,-431.6141708363125,431.6141708363125,186290.79246671754
2018-04-15 19:00:00,19,6,1,1417,1417.0,984.0,1944.6100018611155,0.0,0.0,-527.6100018611155,527.6100018611155,278372.3140638863
2018-04-15 20:00:00,20,6,0,1642,1417.0,984.0,1886.044852697004,225.0,225.0,-244.044852697004,244.044852697004,59557.89012790238
2018-04-15 20:00:00,20,6,0,1642,1642.0,984.0,1846.1904449962885,0.0,0.0,-204.19044499628853,204.19044499628853,41693.73782778233
2018-04-15 20:00:00,20,6,0,1642,1642.0,1494.0,1846.1904449962885,0.0,0.0,-204.19044499628853,204.19044499628853,41693.73782778233
2018-04-15 21:00:00,21,6,0,2809,1642.0,1494.0,1846.1904449962885,1167.0,1167.0,962.8095550037115,962.8095550037115,927002.2392064449
2018-04-15 21:00:00,21,6,0,2809,2809.0,1794.0,2490.4340258029815,0.0,0.0,318.5659741970185,318.5659741970185,101484.27991609545
2018-04-15 22:00:00,22,6,0,1203,2809.0,1794.0,2189.4085901810786,-1606.0,1606.0,-986.4085901810786,986.4085901810786,973001.906783023
2018-04-15 22:00:00,22,6,0,1203,1203.0,2037.0,1166.3047458441652,0.0,0.0,36.695254155834846,36.695254155834846,1346.5416775613146
2018-04-15 23:00:00,23,6,0,706,1203.0,2205.0,1017.0121284691695,-497.0,497.0,-311.0121284691695,311.0121284691695,96728.5440549232
2018-04-15 23:00:00,23,6,0,706,706.0,2205.0,1365.1083701206414,0.0,0.0,-659.1083701206414,659.1083701206414,434423.84356308845
2018-04-16 00:00:00,0,0,0,407,706.0,2205.0,586.3708183788992,-299.0,299.0,-179.37081837889923,179.37081837889923,32173.890485916054
2018-04-16 00:00:00,0,0,0,407,407.0,2406.0,460.47329802485086,0.0,0.0,-53.47329802485086,53.47329802485086,2859.393601654519
2018-04-16 00:00:00,0,0,0,407,407.0,2406.0,460.47329802485086,0.0,0.0,-53.47329802485086,53.47329802485086,2859.393601654519
2018-04-16 01:00:00,1,0,0,272,407.0,2171.0,338.7281244081394,-135.0,135.0,-66.72812440813942,66.72812440813942,4452.642587028132
2018-04-16 02:00:00,2,0,0,247,272.0,2171.0,271.0808297773531,-25.0,25.0,-24.080829777353074,24.080829777353074,579.8863627658545
2018-04-16 03:00:00,3,0,0,357,247.0,2109.0,337.2485293241703,110.0,110.0,19.751470675829694,19.751470675829694,390.1205938581603
2018-04-16 04:00:00,4,0,0,779,357.0,2109.0,821.2561792078374,422.0,422.0,-42.25617920783736,42.25617920783736,1785.5846812448667
2018-04-16 05:00:00,5,0,0,2238,779.0,1849.0,2524.405480902813,1459.0,1459.0,-286.405480902813,286.405480902813,82028.09949117158
2018-04-16 06:00:00,6,0,0,4364,2238.0,1849.0,4524.460490713517,2126.0,2126.0,-160.46049071351717,160.46049071351717,25747.56908002273
2018-04-16 07:00:00,7,0,1,4963,4364.0,1849.0,4428.175494921448,599.0,599.0,534.8245050785517,534.8245050785517,286037.2512325178
2018-04-16 08:00:00,8,0,1,4463,4963.0,1659.0,4727.2945227019745,-500.0,500.0,-264.29452270197453,264.29452270197453,69851.59473026454
2018-04-16 08:00:00,8,0,1,4463,4463.0,1659.0,4355.798002222754,0.0,0.0,107.2019977772461,107.2019977772461,11492.26832743268
2018-04-16 09:00:00,9,0,1,4045,4463.0,1659.0,4353.987772000084,-418.0,418.0,-308.9877720000841,308.9877720000841,95473.44324557594
2018-04-16 10:00:00,10,0,0,3626,4045.0,1417.0,4189.269919277991,-419.0,419.0,-563.269919277991,563.269919277991,317273.0019634345
2018-04-16 11:00:00,11,0,0,3860,3626.0,1417.0,3813.9393353508162,234.0,234.0,46.060664649183764,46.060664649183764,2121.584827924567
2018-04-16 12:00:00,12,0,0,4149,3860.0,1642.0,4034.657009449418,289.0,289.0,114.34299055058182,114.34299055058182,13074.319488050443
2018-04-16 13:00:00,13,0,0,4110,4149.0,1642.0,4273.702179591551,-39.0,39.0,-163.7021795915507,163.7021795915507,26798.40360302432
2018-04-16 14:00:00,14,0,0,4387,4110.0,1642.0,4265.748264033366,277.0,277.0,121.25173596663444,121.25173596663444,14701.983474922432
2018-04-16 15:00:00,15,0,0,4942,4387.0,2809.0,4459.429981103552,555.0,555.0,482.57001889644835,482.57001889644835,232873.82313771851
2018-04-16 16:00:00,16,0,0,5788,4942.0,2809.0,5702.575667700303,846.0,846.0,85.4243322996972,85.4243322996972,7297.31654884909
2018-04-16 17:00:00,17,0,1,5567,5788.0,1203.0,5667.461747815659,-221.0,221.0,-100.46174781565878,100.46174781565878,10092.562774177022
2018-04-16 18:00:00,18,0,1,4061,5567.0,1203.0,3950.9636717544545,-1506.0,1506.0,110.03632824554552,110.03632824554552,12107.993533761439
2018-04-16 19:00:00,19,0,1,2979,4061.0,706.0,2937.378518878877,-1082.0,1082.0,41.621481121123,41.621481121123,1732.3476907159982
2018-04-16 20:00:00,20,0,0,2556,2979.0,706.0,2603.029683834979,-423.0,423.0,-47.029683834979096,47.029683834979096,2211.791161618094
2018-04-16 21:00:00,21,0,0,2100,2556.0,407.0,2285.6028980295,-456.0,456.0,-185.6028980295,185.6028980295,34448.43575694898
2018-04-16 22:00:00,22,0,0,1489,2100.0,407.0,1589.3273761866542,-611.0,611.0,-100.32737618665419,100.32737618665419,10065.582412498426
2018-04-16 23:00:00,23,0,0,978,1489.0,407.0,1040.2982177888396,-511.0,511.0,-62.298217788839565,62.298217788839565,3881.0679396656865
2018-04-17 00:00:00,0,1,0,524,978.0,272.0,545.327415422923,-454.0,454.0,-21.327415422922968,21.327415422922968,454.8586486219325
2018-04-17 01:00:00,1,1,0,336,524.0,247.0,345.6055354844505,-188.0,188.0,-9.605535484450513,9.605535484450513,92.26631194303795
2018-04-17 02:00:00,2,1,0,271,336.0,357.0,271.94150620311103,-65.0,65.0,-0.9415062031110324,0.9415062031110324,0.8864339304965526
2018-04-17 03:00:00,3,1,0,347,271.0,779.0,346.4841018717216,76.0,76.0,0.5158981282784225,0.5158981282784225,0.2661508787611797
2018-04-17 04:00:00,4,1,0,898,347.0,2238.0,846.222491599071,551.0,551.0,51.77750840092904,51.77750840092904,2680.910376208277
2018-04-17 05:00:00,5,1,0,2848,898.0,4364.0,2750.7441720365528,1950.0,1950.0,97.25582796344725,97.25582796344725,9458.696072855648
2018-04-17 06:00:00,6,1,0,5516,2848.0,4963.0,5610.791669671784,2668.0,2668.0,-94.7916696717839,94.7916696717839,8985.460639164594
2018-04-17 07:00:00,7,1,1,6208,5516.0,4463.0,6356.556428264447,692.0,692.0,-148.55642826444728,148.55642826444728,22069.01237868987
2018-04-17 08:00:00,8,1,1,5892,6208.0,4463.0,5663.38633906566,-316.0,316.0,228.61366093434026,228.61366093434026,52264.20596580149
2018-04-17 09:00:00,9,1,1,5677,5892.0,4045.0,5044.3056190518655,-215.0,215.0,632.6943809481345,632.6943809481345,400302.17968334316
2018-04-17 10:00:00,10,1,0,4456,5677.0,3626.0,4587.826105865568,-1221.0,1221.0,-131.82610586556802,131.82610586556802,17378.12218767995
2018-04-17 11:00:00,11,1,0,4715,4456.0,3860.0,4724.407784514124,259.0,259.0,-9.407784514123705,9.407784514123705,88.5064094641858
2018-04-17 12:00:00,12,1,0,4962,4715.0,4149.0,4894.609774391263,247.0,247.0,67.39022560873673,67.39022560873673,4541.4425075964355
2018-04-17 13:00:00,13,1,0,4913,4962.0,4110.0,4963.157229220381,-49.0,49.0,-50.15722922038094,50.15722922038094,2515.7476430658357
2018-04-17 14:00:00,14,1,0,5220,4913.0,4387.0,5177.509802648986,307.0,307.0,42.4901973510141,42.4901973510141,1805.416870928126
2018-04-17 15:00:00,15,1,0,5844,5220.0,4942.0,5746.720066366527,624.0,624.0,97.27993363347287,97.27993363347287,9463.385487732885
2018-04-17 16:00:00,16,1,0,6657,5844.0,5788.0,6575.342850773512,813.0,813.0,81.6571492264884,81.6571492264884,6667.890019796995
2018-04-17 17:00:00,17,1,1,6277,6657.0,5567.0,6196.176596998888,-380.0,380.0,80.82340300111173,80.82340300111173,6532.422472680117
2018-04-17 18:00:00,18,1,1,4827,6277.0,4061.0,4592.974671026285,-1450.0,1450.0,234.02532897371475,234.02532897371475,54767.854601255414
2018-04-17 19:00:00,19,1,1,3481,4827.0,2979.0,3366.067480802036,-1346.0,1346.0,114.93251919796421,114.93251919796421,13209.483969190413
2018-04-17 20:00:00,20,1,0,2877,3481.0,2556.0,3036.553425689095,-604.0,604.0,-159.5534256890951,159.5534256890951,25457.29564912559
2018-04-17 21:00:00,21,1,0,3418,2877.0,2100.0,2622.06367301731,541.0,541.0,795.9363269826899,795.9363269826899,633514.6366106955
2018-04-17 22:00:00,22,1,0,3294,3418.0,1489.0,2840.01104236807,-124.0,124.0,453.98895763193013,453.98895763193013,206105.97365172647
2018-04-17 23:00:00,23,1,0,1297,3294.0,978.0,1267.8460224020564,-1997.0,1997.0,29.153977597943594,29.153977597943594,849.954409781397
2018-04-18 00:00:00,0,2,0,826,1297.0,524.0,720.6429501929968,-471.0,471.0,105.35704980700325,105.35704980700325,11100.107944035364
2018-04-18 01:00:00,1,2,0,594,826.0,336.0,477.3771385626857,-232.0,232.0,116.62286143731433,116.62286143731433,13600.891809827017
2018-04-18 02:00:00,2,2,0,431,594.0,271.0,364.22234156111284,-163.0,163.0,66.77765843888716,66.77765843888716,4459.255666580677
2018-04-18 03:00:00,3,2,0,521,431.0,347.0,417.77763578187813,90.0,90.0,103.22236421812187,103.22236421812187,10654.856474778606
2018-04-18 04:00:00,4,2,0,975,521.0,898.0,913.8128990000926,454.0,454.0,61.18710099990744,61.18710099990744,3743.8613287728745
2018-04-18 05:00:00,5,2,0,2986,975.0,2848.0,2750.7441720365528,2011.0,2011.0,235.25582796344725,235.25582796344725,55345.30459076709
2018-04-18 06:00:00,6,2,0,5943,2986.0,5516.0,5804.479824152165,2957.0,2957.0,138.52017584783516,138.52017584783516,19187.839116915176
2018-04-18 07:00:00,7,2,1,6871,5943.0,6208.0,6444.646801766622,928.0,928.0,426.35319823337795,426.35319823337795,181777.04964383008
2018-04-18 08:00:00,8,2,1,6614,6871.0,5892.0,6010.159858121848,-257.0,257.0,603.8401418781523,603.8401418781523,364622.91694342706
2018-04-18 09:00:00,9,2,1,5378,6614.0,5677.0,5183.724728240862,-1236.0,1236.0,194.27527175913838,194.27527175913838,37742.881217087066
2018-04-18 10:00:00,10,2,0,4751,5378.0,4456.0,4596.741684306566,-627.0,627.0,154.25831569343427,154.25831569343427,23795.627960575228
2018-04-18 11:00:00,11,2,0,4824,4751.0,4715.0,4894.609774391263,73.0,73.0,-70.60977439126327,70.60977439126327,4985.740239585099
2018-04-18 11:00:00,11,2,0,4824,4824.0,4962.0,5046.6342044976,0.0,0.0,-222.63420449759997,222.63420449759997,49565.98901227916
2018-04-18 12:00:00,12,2,0,5013,4824.0,4913.0,5046.6342044976,189.0,189.0,-33.63420449759997,33.63420449759997,1131.259712186374
2018-04-18 12:00:00,12,2,0,5013,5013.0,5220.0,5088.167717259983,0.0,0.0,-75.16771725998296,75.16771725998296,5650.185718076741
2018-04-18 13:00:00,13,2,0,5017,5013.0,5844.0,4969.69699599458,4.0,4.0,47.30300400542001,47.30300400542001,2237.574187936781
2018-04-18 14:00:00,14,2,0,5437,5017.0,6657.0,5294.655149222791,420.0,420.0,142.3448507772091,142.3448507772091,20262.056542785926
2018-04-18 15:00:00,15,2,0,5835,5437.0,6277.0,5845.240825003682,398.0,398.0,-10.240825003682403,10.240825003682403,104.87449675604668
2018-04-18 16:00:00,16,2,0,7022,5835.0,4827.0,6455.080729295576,1187.0,1187.0,566.919270704424,566.919270704424,321397.45949603594
2018-04-18 17:00:00,17,2,1,6459,7022.0,3481.0,6508.59838311326,-563.0,563.0,-49.59838311325984,49.59838311325984,2459.999607449699
2018-04-18 17:00:00,17,2,1,6459,6459.0,2877.0,6147.716363114665,0.0,0.0,311.283636885335,311.283636885335,96897.5025925611
2018-04-18 18:00:00,18,2,1,4663,6459.0,3418.0,4697.829582993949,-1796.0,1796.0,-34.82958299394886,34.82958299394886,1213.0998515323718
2018-04-18 19:00:00,19,2,1,3393,4663.0,3294.0,3450.2892601554604,-1270.0,1270.0,-57.2892601554604,57.2892601554604,3282.059329160022
2018-04-18 20:00:00,20,2,0,3034,3393.0,1297.0,2997.0310850188926,-359.0,359.0,36.968914981107446,36.968914981107446,1366.7006748803506
2018-04-18 21:00:00,21,2,0,2604,3034.0,826.0,2771.7624887050097,-430.0,430.0,-167.76248870500967,167.76248870500967,28144.2526164985
2018-04-18 22:00:00,22,2,0,1726,2604.0,594.0,1934.4209665665715,-878.0,878.0,-208.42096656657145,208.42096656657145,43439.29930454389
2018-04-18 23:00:00,23,2,0,1085,1726.0,431.0,1166.2632984286167,-641.0,641.0,-81.26329842861674,81.26329842861674,6603.723671498423
2018-04-19 00:00:00,0,3,0,561,1085.0,521.0,635.905258131484,-524.0,524.0,-74.90525813148395,74.90525813148395,5610.7976957442415
2018-04-19 01:00:00,1,3,0,351,561.0,975.0,355.141142269776,-210.0,210.0,-4.141142269776026,4.141142269776026,17.149059298525735
2018-04-19 02:00:00,2,3,0,275,351.0,2986.0,280.9769558690919,-76.0,76.0,-5.97695586909191,5.97695586909191,35.72400146107223
2018-04-19 03:00:00,3,3,0,361,275.0,5943.0,353.1596581347322,86.0,86.0,7.840341865267817,7.840341865267817,61.47096056427123
2018-04-19 04:00:00,4,3,0,909,361.0,6871.0,849.1786835226372,548.0,548.0,59.82131647736276,59.82131647736276,3578.589905084793
2018-04-19 05:00:00,5,3,0,2885,909.0,6614.0,2750.7441720365528,1976.0,1976.0,134.25582796344725,134.25582796344725,18024.627342150743
2018-04-19 06:00:00,6,3,0,5715,2885.0,5378.0,5787.125519244492,2830.0,2830.0,-72.12551924449235,72.12551924449235,5202.090526287637
2018-04-19 07:00:00,7,3,1,6461,5715.0,4751.0,6408.380036431783,746.0,746.0,52.61996356821692,52.61996356821692,2768.8605659204754
2018-04-19 08:00:00,8,3,1,6046,6461.0,4824.0,5944.108472926132,-415.0,415.0,101.89152707386802,101.89152707386802,10381.883289444779
2018-04-19 09:00:00,9,3,1,5842,6046.0,4824.0,5186.083727337555,-204.0,204.0,655.9162726624454,655.9162726624454,430226.15674339543
2018-04-19 10:00:00,10,3,0,4882,5842.0,5013.0,4667.665926413075,-960.0,960.0,214.33407358692511,214.33407358692511,45939.09510036543
2018-04-19 11:00:00,11,3,0,5035,4882.0,5013.0,5061.410083957814,153.0,153.0,-26.410083957814095,26.410083957814095,697.4925346587894
2018-04-19 12:00:00,12,3,0,5027,5035.0,5017.0,5092.35640201098,-8.0,8.0,-65.35640201097976,65.35640201097976,4271.4592838208
2018-04-19 13:00:00,13,3,0,5110,5027.0,5437.0,4970.404994160757,83.0,83.0,139.59500583924273,139.59500583924273,19486.765655258212
2018-04-19 14:00:00,14,3,0,5444,5110.0,5835.0,5348.544797148813,334.0,334.0,95.4552028511871,95.4552028511871,9111.695751361278
2018-04-19 15:00:00,15,3,0,6188,5444.0,7022.0,5897.051466390636,744.0,744.0,290.94853360936395,290.94853360936395,84651.04920943918
2018-04-19 16:00:00,16,3,0,6851,6188.0,6459.0,6592.109849156092,663.0,663.0,258.8901508439076,258.8901508439076,67024.11020398122
2018-04-19 17:00:00,17,3,1,6368,6851.0,6459.0,6419.794065514231,-483.0,483.0,-51.79406551423108,51.79406551423108,2682.625222492461
2018-04-19 18:00:00,18,3,1,4978,6368.0,4663.0,4846.615124178083,-1390.0,1390.0,131.38487582191738,131.38487582191738,17261.98559474065
2018-04-19 19:00:00,19,3,1,3676,4978.0,3393.0,3635.832152887118,-1302.0,1302.0,40.1678471128821,40.1678471128821,1613.4559416838708
2018-04-19 20:00:00,20,3,0,3471,3676.0,3034.0,3180.9842155900988,-205.0,205.0,290.01578440990124,290.01578440990124,84109.15520689031
2018-04-19 21:00:00,21,3,0,3451,3471.0,2604.0,3181.9968098312406,-20.0,20.0,269.0031901687594,269.0031901687594,72362.71632096972
2018-04-19 22:00:00,22,3,0,2148,3451.0,1726.0,3165.667247628803,-1303.0,1303.0,-1017.6672476288031,1017.6672476288031,1035646.6268963837
2018-04-19 23:00:00,23,3,0,1273,2148.0,1085.0,1332.207435911705,-875.0,875.0,-59.20743591170503,59.20743591170503,3505.520467238659
2018-04-20 00:00:00,0,4,0,712,1273.0,561.0,736.1758592516096,-561.0,561.0,-24.17585925160961,24.17585925160961,584.4721705536379
2018-04-20 01:00:00,1,4,0,417,712.0,351.0,435.123211379712,-295.0,295.0,-18.123211379712018,18.123211379712018,328.45079071372317
2018-04-20 02:00:00,2,4,0,322,417.0,275.0,325.5859528968697,-95.0,95.0,-3.585952896869685,3.585952896869685,12.859058178568086
2018-04-20 03:00:00,3,4,0,393,322.0,361.0,353.55428047775604,71.0,71.0,39.44571952224396,39.44571952224396,1555.9647886275384
2018-04-20 04:00:00,4,4,0,830,393.0,909.0,823.1198287190235,437.0,437.0,6.8801712809764695,6.8801712809764695,47.33675685557339
2018-04-20 05:00:00,5,4,0,2691,830.0,2885.0,2717.0091464468264,1861.0,1861.0,-26.009146446826435,26.009146446826435,676.4756988924642
2018-04-20 06:00:00,6,4,0,5492,2691.0,5715.0,5567.596184439137,2801.0,2801.0,-75.59618443913678,75.59618443913678,5714.783101755986
2018-04-20 07:00:00,7,4,1,6626,5492.0,6461.0,6394.402882461206,1134.0,1134.0,231.597117538794,231.597117538794,53637.22485227797
2018-04-20 08:00:00,8,4,1,6126,6626.0,6046.0,5927.070598757759,-500.0,500.0,198.9294012422406,198.9294012422406,39572.90667859636
2018-04-20 09:00:00,9,4,1,5141,6126.0,5842.0,5186.083727337555,-985.0,985.0,-45.08372733755459,45.08372733755459,2032.5424706469673
2018-04-20 10:00:00,10,4,0,4670,5141.0,4882.0,4690.0161607738355,-471.0,471.0,-20.01616077383551,20.01616077383551,400.6466921240313
2018-04-20 11:00:00,11,4,0,5200,4670.0,5035.0,4887.0179564261725,530.0,530.0,312.98204357382747,312.98204357382747,97957.75959964923
2018-04-20 12:00:00,12,4,0,5433,5200.0,5027.0,5339.702783265096,233.0,233.0,93.2972167349044,93.2972167349044,8704.370650479725
2018-04-20 13:00:00,13,4,0,5370,5433.0,5110.0,5534.683378741544,-63.0,63.0,-164.6833787415444,164.6833787415444,27120.615233730958
2018-04-20 14:00:00,14,4,0,5803,5370.0,5444.0,5571.591318764071,433.0,433.0,231.40868123592918,231.40868123592918,53549.97775135188
2018-04-20 15:00:00,15,4,0,6383,5803.0,6188.0,5910.4378569633145,580.0,580.0,472.5621430366855,472.5621430366855,223314.9790314248
2018-04-20 16:00:00,16,4,0,6900,6383.0,6851.0,6441.183495793465,517.0,517.0,458.8165042065348,458.8165042065348,210512.58453230513
2018-04-20 17:00:00,17,4,1,6268,6900.0,6368.0,6357.194940892307,-632.0,632.0,-89.19494089230739,89.19494089230739,7955.737480782208
2018-04-20 18:00:00,18,4,1,4959,6268.0,4978.0,5095.235434050332,-1309.0,1309.0,-136.2354340503316,136.2354340503316,18560.093490882253
2018-04-20 19:00:00,19,4,1,4091,4959.0,3676.0,3851.737098643883,-868.0,868.0,239.2629013561168,239.2629013561168,57246.73596534688
2018-04-20 20:00:00,20,4,0,3552,4091.0,3471.0,3333.2081482850663,-539.0,539.0,218.79185171493373,218.79185171493373,47869.87437684955
2018-04-20 21:00:00,21,4,0,3538,3552.0,3451.0,3229.8407641496465,-14.0,14.0,308.1592358503535,308.1592358503535,94962.1146398738
2018-04-20 22:00:00,22,4,0,2842,3538.0,2148.0,3218.4224230101086,-696.0,696.0,-376.42242301010856,376.42242301010856,141693.84054480112
2018-04-20 23:00:00,23,4,0,1977,2842.0,1273.0,2311.6176870951804,-865.0,865.0,-334.6176870951804,334.6176870951804,111968.99651692805
2018-04-21 00:00:00,0,5,0,1291,1977.0,712.0,1273.9159833412396,-686.0,686.0,17.084016658760447,17.084016658760447,291.8636251968045
2018-04-21 01:00:00,1,5,0,732,1291.0,417.0,823.1288130893575,-559.0,559.0,-91.12881308935755,91.12881308935755,8304.460575075063
2018-04-21 02:00:00,2,5,0,526,732.0,322.0,587.366027371761,-206.0,206.0,-61.36602737176099,61.36602737176099,3765.7893153917194
2018-04-21 03:00:00,3,5,0,386,526.0,393.0,381.15575667194133,-140.0,140.0,4.844243328058667,4.844243328058667,23.466693421440908
2018-04-21 04:00:00,4,5,0,369,386.0,830.0,403.47054716234607,-17.0,17.0,-34.470547162346065,34.470547162346065,1188.2186216715245
2018-04-21 05:00:00,5,5,0,683,369.0,2691.0,705.6086512503196,314.0,314.0,-22.608651250319554,22.608651250319554,511.1511113585759
2018-04-21 06:00:00,6,5,0,1418,683.0,5492.0,1247.4954431450708,735.0,735.0,170.5045568549292,170.5045568549292,29071.803908295788
2018-04-21 07:00:00,7,5,1,2307,1418.0,6626.0,2104.8155875138154,889.0,889.0,202.18441248618456,202.18441248618456,40878.53665238362
2018-04-21 08:00:00,8,5,1,3392,2307.0,6126.0,3155.1173492954567,1085.0,1085.0,236.88265070454327,236.88265070454327,56113.390204810654
2018-04-21 09:00:00,9,5,1,4153,3392.0,5141.0,3786.4888598329762,761.0,761.0,366.51114016702377,366.51114016702377,134330.41586653175
2018-04-21 10:00:00,10,5,0,4464,4153.0,4670.0,4276.167475406449,311.0,311.0,187.83252459355117,187.83252459355117,35281.057295187005
2018-04-21 11:00:00,11,5,0,4985,4464.0,5200.0,4634.988996795947,521.0,521.0,350.01100320405294,350.01100320405294,122507.70236390756
2018-04-21 12:00:00,12,5,0,5263,4985.0,5433.0,5080.463219729153,278.0,278.0,182.53678027084698,182.53678027084698,33319.67615164747
2018-04-21 13:00:00,13,5,0,5307,5263.0,5370.0,5280.645965060477,44.0,44.0,26.354034939523444,26.354034939523444,694.5351575936224
2018-04-21 14:00:00,14,5,0,5296,5307.0,5803.0,5061.505183385129,-11.0,11.0,234.49481661487062,234.49481661487062,54987.8190192418
2018-04-21 15:00:00,15,5,0,5340,5296.0,6383.0,5052.927692561138,44.0,44.0,287.07230743886157,287.07230743886157,82410.50969827226
2018-04-21 16:00:00,16,5,0,5027,5340.0,6900.0,5057.1506376703555,-313.0,313.0,-30.150637670355536,30.150637670355536,909.0609519290623
2018-04-21 17:00:00,17,5,1,5007,5027.0,6268.0,4917.305651375164,-20.0,20.0,89.69434862483558,89.69434862483558,8045.076175233545
2018-04-21 18:00:00,18,5,1,4541,5007.0,4959.0,4576.940643154842,-466.0,466.0,-35.94064315484229,35.94064315484229,1291.7298303837122
2018-04-21 19:00:00,19,5,1,3892,4541.0,4091.0,3726.968851281721,-649.0,649.0,165.03114871827893,165.03114871827893,27235.280047274697
2018-04-21 20:00:00,20,5,0,3346,3892.0,3552.0,3341.484154494696,-546.0,546.0,4.515845505303787,4.515845505303787,20.392860627772414
2018-04-21 21:00:00,21,5,0,3199,3346.0,3538.0,3237.0906121536746,-147.0,147.0,-38.090612153674556,38.090612153674556,1450.8947342416598
2018-04-21 22:00:00,22,5,0,3814,3199.0,2842.0,3129.5695272787143,615.0,615.0,684.4304727212857,684.4304727212857,468445.0719894826
2018-04-21 23:00:00,23,5,0,2760,3814.0,1977.0,2290.1942879943363,-1054.0,1054.0,469.80571200566374,469.80571200566374,220717.40703314866
2018-04-22 00:00:00,0,6,0,1447,2760.0,1291.0,1659.7944739679253,-1313.0,1313.0,-212.79447396792534,212.79447396792534,45281.48815128606
2018-04-22 01:00:00,1,6,0,945,1447.0,732.0,894.3728329558558,-502.0,502.0,50.627167044144244,50.627167044144244,2563.110042915685
2018-04-22 02:00:00,2,6,0,671,945.0,526.0,710.794318933598,-274.0,274.0,-39.79431893359799,39.79431893359799,1583.5878193889157
2018-04-22 03:00:00,3,6,0,465,671.0,386.0,427.92974218426707,-206.0,206.0,37.07025781573293,37.07025781573293,1374.2040145249084
2018-04-22 04:00:00,4,6,0,368,465.0,369.0,408.9944004295373,-97.0,97.0,-40.99440042953728,40.99440042953728,1680.5408665772463
2018-04-22 05:00:00,5,6,0,563,368.0,683.0,583.108577774618,195.0,195.0,-20.10857777461797,20.10857777461797,404.3549001178598
2018-04-22 06:00:00,6,6,0,904,563.0,1418.0,993.4672457368271,341.0,341.0,-89.46724573682707,89.46724573682707,8004.388059733801
2018-04-22 07:00:00,7,6,1,1289,904.0,2307.0,1406.5854280945634,385.0,385.0,-117.58542809456344,117.58542809456344,13826.33290018175
2018-04-22 08:00:00,8,6,1,2200,1289.0,3392.0,2025.9512170707194,911.0,911.0,174.0487829292806,174.0487829292806,30292.97883916384
2018-04-22 09:00:00,9,6,1,3219,2200.0,4153.0,3140.7683981643786,1019.0,1019.0,78.2316018356214,78.2316018356214,6120.183525767202
2018-04-22 10:00:00,10,6,0,4088,3219.0,4464.0,3590.1390888904716,869.0,869.0,497.8609111095284,497.8609111095284,247865.48681080973
2018-04-22 11:00:00,11,6,0,4541,4088.0,4985.0,4299.425909004265,453.0,453.0,241.57409099573488,241.57409099573488,58358.041440415596
2018-04-22 12:00:00,12,6,0,4781,4541.0,5263.0,4652.6786174009385,240.0,240.0,128.3213825990615,128.3213825990615,16466.377232134724
2018-04-22 13:00:00,13,6,0,4761,4781.0,5307.0,4791.948260621702,-20.0,20.0,-30.948260621701593,30.948260621701593,957.7948355087655
2018-04-22 14:00:00,14,6,0,4753,4761.0,5296.0,4729.310440863681,-8.0,8.0,23.689559136319076,23.689559136319076,561.1952120731586
2018-04-22 15:00:00,15,6,0,4866,4753.0,5340.0,4715.392794930907,113.0,113.0,150.60720506909274,150.60720506909274,22682.530218723754
2018-04-22 16:00:00,16,6,0,4713,4866.0,5027.0,4755.464620513985,-153.0,153.0,-42.46462051398521,42.46462051398521,1803.2439953967735
2018-04-22 17:00:00,17,6,1,4303,4713.0,5007.0,4473.951316516625,-410.0,410.0,-170.9513165166254,170.9513165166254,29224.352618767443
2018-04-22 18:00:00,18,6,1,3787,4303.0,4541.0,4063.5807672794326,-516.0,516.0,-276.5807672794326,276.5807672794326,76496.92082887967
2018-04-22 19:00:00,19,6,1,3228,3787.0,3892.0,3391.817027540684,-559.0,559.0,-163.8170275406842,163.8170275406842,26836.018512265284
2018-04-22 20:00:00,20,6,0,3139,3228.0,3346.0,2885.202639415588,-89.0,89.0,253.79736058441222,253.79736058441222,64413.100239614156
2018-04-22 21:00:00,21,6,0,2412,3139.0,3199.0,2725.489102539305,-727.0,727.0,-313.4891025393049,313.4891025393049,98275.41741089882
2018-04-22 22:00:00,22,6,0,1906,2412.0,3814.0,1743.5863812524046,-506.0,506.0,162.41361874759536,162.41361874759536,26378.18355468926
2018-04-22 23:00:00,23,6,0,1356,1906.0,2760.0,1269.8832644158783,-550.0,550.0,86.11673558412167,86.11673558412167,7416.092147665528
2018-04-23 00:00:00,0,0,0,614,1356.0,1447.0,714.949288224617,-742.0,742.0,-100.94928822461702,100.94928822461702,10190.7587930568
2018-04-23 01:00:00,1,0,0,349,614.0,945.0,385.37781065253097,-265.0,265.0,-36.37781065253097,36.37781065253097,1323.3451078713956
2018-04-23 02:00:00,2,0,0,259,349.0,671.0,280.72896804678885,-90.0,90.0,-21.72896804678885,21.72896804678885,472.14805237837083
2018-04-23 03:00:00,3,0,0,373,259.0,465.0,343.77337546286986,114.0,114.0,29.226624537130135,29.226624537130135,854.1955818343773
2018-04-23 04:00:00,4,0,0,900,373.0,368.0,829.6993491629498,527.0,527.0,70.30065083705017,70.30065083705017,4942.1815081128425
2018-04-23 05:00:00,5,0,0,2864,900.0,563.0,2750.7441720365528,1964.0,1964.0,113.25582796344725,113.25582796344725,12826.88256768596
2018-04-23 06:00:00,6,0,0,5769,2864.0,904.0,5621.620540785882,2905.0,2905.0,147.37945921411756,147.37945921411756,21720.704998245743
2018-04-23 07:00:00,7,0,1,6574,5769.0,1289.0,6438.843009844983,805.0,805.0,135.1569901550174,135.1569901550174,18267.411987763473
2018-04-23 08:00:00,8,0,1,5970,6574.0,2200.0,5943.162421749993,-604.0,604.0,26.837578250007027,26.837578250007027,720.2556063252503
2018-04-23 09:00:00,9,0,1,5325,5970.0,3219.0,5031.236723281939,-645.0,645.0,293.7632767180612,293.7632767180612,86296.8627481322
2018-04-23 10:00:00,10,0,0,4547,5325.0,4088.0,4462.840669471019,-778.0,778.0,84.15933052898072,84.15933052898072,7082.792915086226
2018-04-23 11:00:00,11,0,0,4577,4547.0,4541.0,4784.863480612517,30.0,30.0,-207.86348061251738,207.86348061251738,43207.22657235039
2018-04-23 12:00:00,12,0,0,4739,4577.0,4781.0,4795.062143354206,162.0,162.0,-56.062143354205546,56.062143354205546,3142.963917467493
2018-04-23 13:00:00,13,0,0,4803,4739.0,4761.0,4894.609774391263,64.0,64.0,-91.60977439126327,91.60977439126327,8392.350764018156
2018-04-23 14:00:00,14,0,0,5243,4803.0,4753.0,5106.743815150548,440.0,440.0,136.25618484945244,136.25618484945244,18565.747909728154
2018-04-23 15:00:00,15,0,0,5852,5243.0,4866.0,5740.913432506573,609.0,609.0,111.08656749342663,111.08656749342663,12340.22547747163
2018-04-23 16:00:00,16,0,0,6883,5852.0,4713.0,6446.193475523019,1031.0,1031.0,436.8065244769814,436.8065244769814,190799.93982565973
2018-04-23 17:00:00,17,0,1,6188,6883.0,4303.0,6417.9543242844065,-695.0,695.0,-229.95432428440654,229.95432428440654,52878.991257098
2018-04-23 18:00:00,18,0,1,4660,6188.0,3787.0,4453.233438041836,-1528.0,1528.0,206.76656195816395,206.76656195816395,42752.41114399925
2018-04-23 19:00:00,19,0,1,3243,4660.0,3228.0,3385.4990142130973,-1417.0,1417.0,-142.49901421309733,142.49901421309733,20305.969051704513
2018-04-23 20:00:00,20,0,0,2759,3243.0,3139.0,2869.9642891665194,-484.0,484.0,-110.96428916651939,110.96428916651939,12313.073470230933
2018-04-23 21:00:00,21,0,0,2183,2759.0,2412.0,2484.598532743585,-576.0,576.0,-301.5985327435851,301.5985327435851,90961.67495308338
2018-04-23 22:00:00,22,0,0,1537,2183.0,1906.0,1612.772250450995,-646.0,646.0,-75.77225045099499,75.77225045099499,5741.4339384083105
2018-04-23 23:00:00,23,0,0,963,1537.0,1356.0,1011.4497684747647,-574.0,574.0,-48.44976847476471,48.44976847476471,2347.3800652583045
2018-04-24 00:00:00,0,1,0,530,963.0,614.0,541.901808633298,-433.0,433.0,-11.901808633297946,11.901808633297946,141.65304874364554
2018-04-24 01:00:00,1,1,0,330,530.0,349.0,344.52707699301675,-200.0,200.0,-14.527076993016749,14.527076993016749,211.03596596103654
2018-04-24 02:00:00,2,1,0,248,330.0,259.0,271.6448936112392,-82.0,82.0,-23.644893611239183,23.644893611239183,559.0809938868196
2018-04-24 03:00:00,3,1,0,346,248.0,373.0,352.58053354617346,98.0,98.0,-6.580533546173456,6.580533546173456,43.3034217523142
2018-04-24 04:00:00,4,1,0,911,346.0,900.0,850.5448668145409,565.0,565.0,60.45513318545909,60.45513318545909,3654.823128471597
2018-04-24 05:00:00,5,1,0,2936,911.0,2864.0,2750.7441720365528,2025.0,2025.0,185.25582796344725,185.25582796344725,34319.72179442236
2018-04-24 06:00:00,6,1,0,5886,2936.0,5769.0,5846.577225470871,2950.0,2950.0,39.42277452912913,39.42277452912913,1554.1551515745523
2018-04-24 07:00:00,7,1,1,6535,5886.0,6574.0,6461.0736214458275,649.0,649.0,73.92637855417252,73.92637855417252,5465.109446134818
2018-04-24 08:00:00,8,1,1,5905,6535.0,5970.0,5959.0785812913045,-630.0,630.0,-54.078581291304545,54.078581291304545,2924.492954480234
2018-04-24 09:00:00,9,1,1,5509,5905.0,5325.0,5186.083727337555,-396.0,396.0,322.9162726624454,322.9162726624454,104274.91915020678
2018-04-24 10:00:00,10,1,0,4540,5509.0,4547.0,4609.7446464194845,-969.0,969.0,-69.74464641948452,69.74464641948452,4864.315704178915
2018-04-24 11:00:00,11,1,0,4957,4540.0,4577.0,4785.68804573709,417.0,417.0,171.31195426291015,171.31195426291015,29347.785673377417
2018-04-24 12:00:00,12,1,0,4881,4957.0,4739.0,5086.8475863958,-76.0,76.0,-205.84758639580014,205.84758639580014,42373.2288249764
2018-04-24 13:00:00,13,1,0,4960,4881.0,4803.0,4950.243901391482,79.0,79.0,9.756098608518187,9.756098608518187,95.1814600591305
2018-04-24 14:00:00,14,1,0,5353,4960.0,5243.0,5276.830595493974,393.0,393.0,76.16940450602578,76.16940450602578,5801.778182802581
2018-04-24 15:00:00,15,1,0,6010,5353.0,5852.0,5764.335909115679,657.0,657.0,245.664090884321,245.664090884321,60350.845550019934
2018-04-24 16:00:00,16,1,0,7149,6010.0,6883.0,6598.5629870355115,1139.0,1139.0,550.4370129644885,550.4370129644885,302980.9052412685
2018-04-24 17:00:00,17,1,1,6253,7149.0,6188.0,6510.266965599107,-896.0,896.0,-257.2669655991067,257.2669655991067,66186.29158857196
2018-04-24 18:00:00,18,1,1,4513,6253.0,4660.0,4733.235473727745,-1740.0,1740.0,-220.23547372774465,220.23547372774465,48503.663888084106
2018-04-24 19:00:00,19,1,1,3325,4513.0,3243.0,3343.554436881668,-1188.0,1188.0,-18.554436881668153,18.554436881668153,344.2671279958074
2018-04-24 20:00:00,20,1,0,3115,3325.0,2759.0,2926.1845391524425,-210.0,210.0,188.81546084755746,188.81546084755746,35651.27825507551
2018-04-24 21:00:00,21,1,0,2497,3115.0,2183.0,2825.466397699515,-618.0,618.0,-328.4663976995148,328.4663976995148,107890.17441769582
2018-04-24 22:00:00,22,1,0,1589,2497.0,1537.0,1943.6814446558524,-908.0,908.0,-354.6814446558524,354.6814446558524,125798.92718316246
2018-04-24 23:00:00,23,1,0,988,1589.0,963.0,1037.9684284162656,-601.0,601.0,-49.968428416265624,49.968428416265624,2496.8438383914618
2018-04-25 00:00:00,0,2,0,532,988.0,530.0,548.3029024882518,-456.0,456.0,-16.30290248825179,16.30290248825179,265.78462954144635
2018-04-25 01:00:00,1,2,0,310,532.0,330.0,344.9346619246637,-222.0,222.0,-34.934661924663715,34.934661924663715,1220.4306037905487
2018-04-25 02:00:00,2,2,0,237,310.0,248.0,271.28443729563537,-73.0,73.0,-34.28443729563537,34.28443729563537,1175.4226406783537
2018-04-25 03:00:00,3,2,0,341,237.0,346.0,353.1596581347322,104.0,104.0,-12.159658134732183,12.159658134732183,147.85728595355855
2018-04-25 04:00:00,4,2,0,904,341.0,911.0,850.1566295973219,563.0,563.0,53.84337040267815,53.84337040267815,2899.1085363199973
2018-04-25 05:00:00,5,2,0,2917,904.0,2936.0,2750.7441720365528,2013.0,2013.0,166.25582796344725,166.25582796344725,27641.000331811367
2018-04-25 06:00:00,6,2,0,5866,2917.0,5886.0,5848.231292757047,2949.0,2949.0,17.768707242952587,17.768707242952587,315.7269570857557
2018-04-25 07:00:00,7,2,1,6303,5866.0,6535.0,6461.0736214458275,437.0,437.0,-158.07362144582748,158.07362144582748,24987.26979699877
2018-04-25 08:00:00,8,2,1,5850,6303.0,5905.0,5870.437674347574,-453.0,453.0,-20.437674347574102,20.437674347574102,417.6985327374885
2018-04-25 09:00:00,9,2,1,5455,5850.0,5509.0,5186.083727337555,-395.0,395.0,268.9162726624454,268.9162726624454,72315.96170266268
2018-04-25 10:00:00,10,2,0,4524,5455.0,4540.0,4616.358551432034,-931.0,931.0,-92.35855143203389,92.35855143203389,8530.102022623649
2018-04-25 11:00:00,11,2,0,4891,4524.0,4957.0,4773.980424855861,367.0,367.0,117.0195751441388,117.0195751441388,13693.580966914747
2018-04-25 12:00:00,12,2,0,5067,4891.0,4881.0,5062.853310035771,176.0,176.0,4.146689964229154,4.146689964229154,17.19503765943878
2018-04-25 13:00:00,13,2,0,5020,5067.0,4960.0,5082.698565564752,-47.0,47.0,-62.69856556475224,62.69856556475224,3931.110123877536
2018-04-25 14:00:00,14,2,0,5276,5020.0,5353.0,5299.605550791708,256.0,256.0,-23.605550791708083,23.605550791708083,557.2220281799101
2018-04-25 15:00:00,15,2,0,6002,5276.0,6010.0,5747.654063270552,726.0,726.0,254.3459367294481,254.3459367294481,64691.85553078042
2018-04-25 16:00:00,16,2,0,6816,6002.0,7149.0,6605.057130498251,814.0,814.0,210.94286950174865,210.94286950174865,44496.89419363176
2018-04-25 17:00:00,17,2,1,6420,6816.0,6253.0,6419.794065514231,-396.0,396.0,0.20593448576892115,0.20593448576892115,0.04240901242890999
2018-04-25 18:00:00,18,2,1,4695,6420.0,4513.0,4696.755113935459,-1725.0,1725.0,-1.7551139354591214,1.7551139354591214,3.080424926442805
2018-04-25 19:00:00,19,2,1,3543,4695.0,3325.0,3456.954288187364,-1152.0,1152.0,86.045711812636,86.045711812636,7403.864521343206
2018-04-25 20:00:00,20,2,0,3225,3543.0,3115.0,3071.347345507149,-318.0,318.0,153.65265449285107,153.65265449285107,23609.138232699464
2018-04-25 21:00:00,21,2,0,2560,3225.0,2497.0,2889.523946861343,-665.0,665.0,-329.5239468613431,329.5239468613431,108586.03155507728
2018-04-25 22:00:00,22,2,0,1618,2560.0,1589.0,1957.183213594163,-942.0,942.0,-339.1832135941629,339.1832135941629,115045.25238406354
2018-04-25 23:00:00,23,2,0,1023,1618.0,988.0,1148.0385229647384,-595.0,595.0,-125.03852296473838,125.03852296473838,15634.632225203406
2018-04-26 00:00:00,0,3,0,551,1023.0,532.0,558.345704108763,-472.0,472.0,-7.345704108763016,7.345704108763016,53.95936885349786
2018-04-26 01:00:00,1,3,0,358,551.0,310.0,349.801205571231,-193.0,193.0,8.19879442876902,8.19879442876902,67.22023008521391
2018-04-26 02:00:00,2,3,0,255,358.0,237.0,281.5569052461226,-103.0,103.0,-26.556905246122597,26.556905246122597,705.2692162515339
2018-04-26 03:00:00,3,3,0,350,255.0,341.0,353.1596581347322,95.0,95.0,-3.159658134732183,3.159658134732183,9.983439528379257
2018-04-26 04:00:00,4,3,0,899,350.0,904.0,850.3297015021416,549.0,549.0,48.670298497858425,48.670298497858425,2368.79795587064
2018-04-26 05:00:00,5,3,0,2953,899.0,2917.0,2750.7441720365528,2054.0,2054.0,202.25582796344725,202.25582796344725,40907.41994517957
2018-04-26 06:00:00,6,3,0,5813,2953.0,5866.0,5843.229206562548,2860.0,2860.0,-30.229206562547915,30.229206562547915,913.80492940119
2018-04-26 07:00:00,7,3,1,6493,5813.0,6303.0,6458.016111513441,680.0,680.0,34.98388848655941,34.98388848655941,1223.8724536400239
2018-04-26 08:00:00,8,3,1,5890,6493.0,5850.0,5944.108472926132,-603.0,603.0,-54.10847292613198,54.10847292613198,2927.7268423979576
2018-04-26 09:00:00,9,3,1,5495,5890.0,5455.0,5186.083727337555,-395.0,395.0,308.9162726624454,308.9162726624454,95429.26351565831
2018-04-26 10:00:00,10,3,0,4675,5495.0,4524.0,4667.2823703785925,-820.0,820.0,7.717629621407468,7.717629621407468,59.561806973225984
2018-04-26 11:00:00,11,3,0,5110,4675.0,4891.0,4887.0179564261725,435.0,435.0,222.98204357382747,222.98204357382747,49720.991756360294
2018-04-26 12:00:00,12,3,0,5078,5110.0,5067.0,5195.129068188559,-32.0,32.0,-117.12906818855936,117.12906818855936,13719.218614720188
2018-04-26 13:00:00,13,3,0,5281,5078.0,5020.0,5091.690917463809,203.0,203.0,189.30908253619145,189.30908253619145,35837.92873069455
2018-04-26 14:00:00,14,3,0,5661,5281.0,5276.0,5523.706126472497,380.0,380.0,137.2938735275029,137.2938735275029,18849.607708185966
2018-04-26 15:00:00,15,3,0,6257,5661.0,6002.0,5902.560638449952,596.0,596.0,354.4393615500476,354.4393615500476,125627.26101600534
2018-04-26 16:00:00,16,3,0,7139,6257.0,6816.0,6598.5629870355115,882.0,882.0,540.4370129644885,540.4370129644885,292072.16498197877
2018-04-26 17:00:00,17,3,1,6372,7139.0,6420.0,6510.266965599107,-767.0,767.0,-138.2669655991067,138.2669655991067,19117.753775984555
2018-04-26 18:00:00,18,3,1,5068,6372.0,4695.0,4855.8379936002075,-1304.0,1304.0,212.16200639979252,212.16200639979252,45012.7169595856
2018-04-26 19:00:00,19,3,1,3813,5068.0,3543.0,3641.5536271460446,-1255.0,1255.0,171.44637285395538,171.44637285395538,29393.858764777488
2018-04-26 20:00:00,20,3,0,3338,3813.0,3225.0,3277.052520293483,-475.0,475.0,60.94747970651679,60.94747970651679,3714.5952825762756
2018-04-26 21:00:00,21,3,0,3058,3338.0,2560.0,3100.0194212439524,-280.0,280.0,-42.019421243952365,42.019421243952365,1765.6317616767153
2018-04-26 22:00:00,22,3,0,2171,3058.0,1618.0,2527.963291856716,-887.0,887.0,-356.96329185671584,356.96329185671584,127422.7917331829
2018-04-26 23:00:00,23,3,0,1253,2171.0,1023.0,1344.0501069308502,-918.0,918.0,-91.05010693085023,91.05010693085023,8290.121972119261
2018-04-27 00:00:00,0,4,0,683,1253.0,551.0,719.8004501829721,-570.0,570.0,-36.8004501829721,36.8004501829721,1354.2731336694112
2018-04-27 01:00:00,1,4,0,422,683.0,358.0,426.8028022887966,-261.0,261.0,-4.802802288796613,4.802802288796613,23.066909825269985
2018-04-27 02:00:00,2,4,0,328,422.0,255.0,329.46314863545115,-94.0,94.0,-1.463148635451148,1.463148635451148,2.1408039294225567
2018-04-27 03:00:00,3,4,0,380,328.0,350.0,353.55428047775604,52.0,52.0,26.445719522243962,26.445719522243962,699.3760810491955
2018-04-27 04:00:00,4,4,0,849,380.0,899.0,820.0728929924173,469.0,469.0,28.927107007582663,28.927107007582663,836.777519828138
2018-04-27 05:00:00,5,4,0,2744,849.0,2953.0,2717.156383786207,1895.0,1895.0,26.84361621379321,26.84361621379321,720.5797314334218
2018-04-27 06:00:00,6,4,0,5573,2744.0,5813.0,5621.234835580943,2829.0,2829.0,-48.23483558094267,48.23483558094267,2326.599363520573
2018-04-27 07:00:00,7,4,1,6712,5573.0,6493.0,6395.183872025523,1139.0,1139.0,316.81612797447724,316.81612797447724,100372.45894474034
2018-04-27 08:00:00,8,4,1,6109,6712.0,5890.0,5943.5146226819,-603.0,603.0,165.4853773181003,165.4853773181003,27385.41010611402
2018-04-27 09:00:00,9,4,1,5414,6109.0,5495.0,5186.083727337555,-695.0,695.0,227.9162726624454,227.9162726624454,51945.82734434216
2018-04-27 10:00:00,10,4,0,4946,5414.0,4675.0,4707.363187015037,-468.0,468.0,238.6368129849634,238.6368129849634,56947.528511620396
2018-04-27 11:00:00,11,4,0,5365,4946.0,5110.0,5089.934100116016,419.0,419.0,275.06589988398355,275.06589988398355,75661.24927898566
2018-04-27 12:00:00,12,4,0,5622,5365.0,5078.0,5371.998918397582,257.0,257.0,250.0010816024178,250.0010816024178,62500.54080237876
2018-04-27 13:00:00,13,4,0,5487,5622.0,5281.0,5550.277635114315,-135.0,135.0,-63.27763511431476,63.27763511431476,4004.0591056603607
2018-04-27 14:00:00,14,4,0,6005,5487.0,5661.0,5769.070554678483,518.0,518.0,235.92944532151705,235.92944532151705,55662.703169718705
2018-04-27 15:00:00,15,4,0,6560,6005.0,6257.0,5911.848231454297,555.0,555.0,648.1517685457029,648.1517685457029,420100.71506892244
2018-04-27 16:00:00,16,4,0,6471,6560.0,7139.0,6457.364953010441,-89.0,89.0,13.63504698955876,13.63504698955876,185.9145064074754
2018-04-27 17:00:00,17,4,1,6459,6471.0,6372.0,6025.7104104769005,-12.0,12.0,433.2895895230995,433.2895895230995,187739.86838909605
2018-04-27 18:00:00,18,4,1,5355,6459.0,5068.0,5117.17111782299,-1104.0,1104.0,237.8288821770102,237.8288821770102,56562.5771975662
2018-04-27 19:00:00,19,4,1,4083,5355.0,3813.0,3882.545014071464,-1272.0,1272.0,200.4549859285362,200.4549859285362,40182.201383609645
2018-04-27 20:00:00,20,4,0,3319,4083.0,3338.0,3330.825212016441,-764.0,764.0,-11.825212016441128,11.825212016441128,139.83563923378364
2018-04-27 21:00:00,21,4,0,3384,3319.0,3058.0,3064.7012741842864,65.0,65.0,319.2987258157136,319.2987258157136,101951.67630753826
2018-04-27 22:00:00,22,4,0,2709,3384.0,2171.0,3065.1198003705863,-675.0,675.0,-356.1198003705863,356.1198003705863,126821.31221598623
2018-04-27 23:00:00,23,4,0,1942,2709.0,1253.0,2244.736018212446,-767.0,767.0,-302.7360182124462,302.7360182124462,91649.09672312655
2018-04-28 00:00:00,0,5,0,1097,1942.0,683.0,1242.6506957291003,-845.0,845.0,-145.65069572910033,145.65069572910033,21214.125166370966
2018-04-28 01:00:00,1,5,0,725,1097.0,422.0,726.8083841667367,-372.0,372.0,-1.808384166736687,1.808384166736687,3.2702532945039415
2018-04-28 02:00:00,2,5,0,531,725.0,328.0,586.8978347160462,-194.0,194.0,-55.89783471604619,55.89783471604619,3124.5679259424187
2018-04-28 03:00:00,3,5,0,382,531.0,380.0,382.43503388140374,-149.0,149.0,-0.43503388140374,0.43503388140374,0.1892544779692033
2018-04-28 04:00:00,4,5,0,365,382.0,849.0,400.1070291502776,-17.0,17.0,-35.10702915027758,35.10702915027758,1232.50349575844
2018-04-28 05:00:00,5,5,0,744,365.0,2744.0,704.7562128506429,379.0,379.0,39.243787149357104,39.243787149357104,1540.0748298240458
2018-04-28 06:00:00,6,5,0,1366,744.0,5573.0,1420.055728373099,622.0,622.0,-54.0557283730991,54.0557283730991,2922.021769946271
2018-04-28 07:00:00,7,5,1,2330,1366.0,6712.0,2078.238486952806,964.0,964.0,251.76151304719406,251.76151304719406,63383.85945181247
2018-04-28 08:00:00,8,5,1,3737,2330.0,6109.0,3155.1173492954567,1407.0,1407.0,581.8826507045433,581.8826507045433,338587.4191909455
2018-04-28 09:00:00,9,5,1,4509,3737.0,5414.0,4120.812945056664,772.0,772.0,388.1870549433361,388.1870549433361,150689.18962558062
2018-04-28 10:00:00,10,5,0,4752,4509.0,4946.0,4510.403961595385,243.0,243.0,241.59603840461477,241.59603840461477,58368.6457728041
2018-04-28 11:00:00,11,5,0,5130,4752.0,5365.0,4739.850852462156,378.0,378.0,390.1491475378443,390.1491475378443,152216.35732450662
2018-04-28 12:00:00,12,5,0,5453,5130.0,5622.0,5280.082447304479,323.0,323.0,172.9175526955214,172.9175526955214,29900.480030208422
2018-04-28 13:00:00,13,5,0,5529,5453.0,5487.0,5490.216320489191,76.0,76.0,38.783679510808724,38.783679510808724,1504.1737963971245
2018-04-28 14:00:00,14,5,0,5191,5529.0,6005.0,5644.968712362612,-338.0,338.0,-453.96871236261177,453.96871236261177,206087.59180416775
2018-04-28 15:00:00,15,5,0,4925,5191.0,6560.0,5011.028151711802,-266.0,266.0,-86.02815171180191,86.02815171180191,7400.842886948806
2018-04-28 16:00:00,16,5,0,5034,4925.0,6471.0,4785.574519122225,109.0,109.0,248.42548087777504,248.42548087777504,61715.21954935377
2018-04-28 17:00:00,17,5,1,4991,5034.0,6459.0,4918.685830718613,-43.0,43.0,72.31416928138697,72.31416928138697,5229.3390788570905
2018-04-28 18:00:00,18,5,1,4300,4991.0,5355.0,4602.0999253206855,-691.0,691.0,-302.09992532068554,302.09992532068554,91264.36487876378
2018-04-28 19:00:00,19,5,1,3764,4300.0,4083.0,3463.6107310665,-536.0,536.0,300.3892689334998,300.3892689334998,90233.71289040247
2018-04-28 20:00:00,20,5,0,3189,3764.0,3319.0,3291.785684022574,-575.0,575.0,-102.78568402257406,102.78568402257406,10564.896839988436
2018-04-28 21:00:00,21,5,0,3076,3189.0,3384.0,3107.3427986803335,-113.0,113.0,-31.342798680333544,31.342798680333544,982.3710291159182
2018-04-28 22:00:00,22,5,0,2900,3076.0,2709.0,3011.1468755990604,-176.0,176.0,-111.14687559906042,111.14687559906042,12353.627955433014
2018-04-28 23:00:00,23,5,0,3360,2900.0,1942.0,2169.6394898392373,460.0,460.0,1190.3605101607627,1190.3605101607627,1416958.1441501912
2018-04-29 00:00:00,0,6,0,1532,3360.0,1097.0,1586.8286470154528,-1828.0,1828.0,-54.828647015452816,54.828647015452816,3006.180533545123
2018-04-29 01:00:00,1,6,0,821,1532.0,725.0,890.7182830359831,-711.0,711.0,-69.71828303598306,69.71828303598306,4860.638989485444
2018-04-29 02:00:00,2,6,0,601,821.0,531.0,621.1866559779075,-220.0,220.0,-20.18665597790755,20.18665597790755,407.5010795703906
2018-04-29 03:00:00,3,6,0,347,601.0,382.0,390.08967082380326,-254.0,254.0,-43.08967082380326,43.08967082380326,1856.719731703722
2018-04-29 04:00:00,4,6,0,280,347.0,365.0,302.0317981084186,-67.0,67.0,-22.031798108418627,22.031798108418627,485.4001278901186
2018-04-29 05:00:00,5,6,0,427,280.0,744.0,467.9506780631938,147.0,147.0,-40.95067806319378,40.95067806319378,1676.95803383534
2018-04-29 06:00:00,6,6,0,839,427.0,1366.0,816.3114723906712,412.0,412.0,22.688527609328844,22.688527609328844,514.7692850792772
2018-04-29 07:00:00,7,6,1,1397,839.0,2330.0,1391.6733583352989,558.0,558.0,5.326641664701128,5.326641664701128,28.37311142413001
2018-04-29 08:00:00,8,6,1,2153,1397.0,3737.0,2150.655357685377,756.0,756.0,2.344642314622888,2.344642314622888,5.497347583520174
2018-04-29 09:00:00,9,6,1,3258,2153.0,4509.0,3095.7120978859807,1105.0,1105.0,162.2879021140193,162.2879021140193,26337.363172569505
2018-04-29 10:00:00,10,6,0,3848,3258.0,4752.0,3608.456563717359,590.0,590.0,239.54343628264087,239.54343628264087,57381.05786609562
2018-04-29 11:00:00,11,6,0,4381,3848.0,5130.0,4105.748453711361,533.0,533.0,275.25154628863856,275.25154628863856,75763.41373428654
2018-04-29 12:00:00,12,6,0,4886,4381.0,5453.0,4504.141360122587,505.0,505.0,381.8586398774132,381.8586398774132,145816.02084902796
2018-04-29 13:00:00,13,6,0,4828,4886.0,5529.0,4894.407265353566,-58.0,58.0,-66.40726535356589,66.40726535356589,4409.924891738912
2018-04-29 14:00:00,14,6,0,4715,4828.0,5191.0,4750.920738974161,-113.0,113.0,-35.920738974161395,35.920738974161395,1290.2994884498373
2018-04-29 15:00:00,15,6,0,4570,4715.0,4925.0,4715.392794930907,-145.0,145.0,-145.39279493090726,145.39279493090726,21139.06481782085
2018-04-29 16:00:00,16,6,0,4886,4570.0,5034.0,4633.890216340798,316.0,316.0,252.10978365920164,252.10978365920164,63559.343016689454
2018-04-29 17:00:00,17,6,1,4390,4886.0,4991.0,4684.31549630957,-496.0,496.0,-294.31549630957034,294.31549630957034,86621.6113679487
2018-04-29 18:00:00,18,6,1,3903,4390.0,4300.0,4053.5655735217774,-487.0,487.0,-150.56557352177742,150.56557352177742,22669.991929941763
2018-04-29 19:00:00,19,6,1,3351,3903.0,3764.0,3447.721336183385,-552.0,552.0,-96.72133618338512,96.72133618338512,9355.016873099403
2018-04-29 20:00:00,20,6,0,3026,3351.0,3189.0,2954.966204838172,-325.0,325.0,71.03379516182804,71.03379516182804,5045.800055092544
2018-04-29 21:00:00,21,6,0,2367,3026.0,3076.0,2668.676177203405,-659.0,659.0,-301.67617720340513,301.67617720340513,91008.5158920603
2018-04-29 22:00:00,22,6,0,1703,2367.0,2900.0,1748.7835849829946,-664.0,664.0,-45.783584982994626,45.783584982994626,2096.136653895091
2018-04-29 23:00:00,23,6,0,1035,1703.0,3360.0,1268.9671854261276,-668.0,668.0,-233.96718542612757,233.96718542612757,54740.643856223964
2018-04-30 00:00:00,0,0,0,541,1035.0,1532.0,553.4092797622918,-494.0,494.0,-12.409279762291817,12.409279762291817,153.99022421882526
2018-04-30 01:00:00,1,0,0,327,541.0,821.0,348.96231901377075,-214.0,214.0,-21.962319013770752,21.962319013770752,482.3434564626363
2018-04-30 02:00:00,2,0,0,275,327.0,601.0,271.6448936112392,-52.0,52.0,3.3551063887608166,3.3551063887608166,11.256738879903647
2018-04-30 03:00:00,3,0,0,355,275.0,347.0,343.9149342436298,80.0,80.0,11.085065756370227,11.085065756370227,122.87868282305183
2018-04-30 04:00:00,4,0,0,891,355.0,280.0,825.4857268225605,536.0,536.0,65.51427317743946,65.51427317743946,4292.119989968164
2018-04-30 04:00:00,4,0,0,891,891.0,427.0,882.2070958779066,0.0,0.0,8.792904122093432,8.792904122093432,77.31516290032768
2018-04-30 05:00:00,5,0,0,2871,891.0,839.0,2750.7441720365528,1980.0,1980.0,120.25582796344725,120.25582796344725,14461.46415917422
2018-04-30 05:00:00,5,0,0,2871,2871.0,1397.0,2872.4407984632016,0.0,0.0,-1.440798463201645,1.440798463201645,2.075900211564222
2018-04-30 06:00:00,6,0,0,5730,2871.0,2153.0,5620.750314514344,2859.0,2859.0,109.2496854856563,109.2496854856563,11935.493778714821
2018-04-30 07:00:00,7,0,1,6633,5730.0,3258.0,6434.424423116921,903.0,903.0,198.5755768830786,198.5755768830786,39432.25973444746
2018-04-30 08:00:00,8,0,1,5724,6633.0,3848.0,5968.635597058643,-909.0,909.0,-244.63559705864282,244.63559705864282,59846.57534823865
2018-04-30 09:00:00,9,0,1,5171,5724.0,4381.0,5031.236723281939,-553.0,553.0,139.7632767180612,139.7632767180612,19533.77351896935
2018-04-30 09:00:00,9,0,1,5171,5171.0,4886.0,4983.196307805762,0.0,0.0,187.80369219423756,187.80369219423756,35270.226801787925
2018-04-30 10:00:00,10,0,0,4523,5171.0,4828.0,4497.249254674599,-648.0,648.0,25.750745325401112,25.750745325401112,663.1008848136672
2018-04-30 10:00:00,10,0,0,4523,4523.0,4715.0,4470.539927696823,0.0,0.0,52.460072303177185,52.460072303177185,2752.059186054578
2018-04-30 11:00:00,11,0,0,4619,4523.0,4570.0,4773.980424855861,96.0,96.0,-154.9804248558612,154.9804248558612,24018.93208850324
2018-04-30 12:00:00,12,0,0,4825,4619.0,4886.0,4860.474612853799,206.0,206.0,-35.474612853799044,35.474612853799044,1258.4481571269243
2018-04-30 13:00:00,13,0,0,4837,4825.0,4390.0,4941.203855584757,12.0,12.0,-104.20385558475664,104.20385558475664,10858.443518728818
2018-04-30 14:00:00,14,0,0,5147,4837.0,3903.0,5118.359304252484,310.0,310.0,28.640695747515565,28.640695747515565,820.2894529017561
2018-04-30 15:00:00,15,0,0,5792,5147.0,3351.0,5672.860958878287,645.0,645.0,119.13904112171258,119.13904112171258,14194.111119401121
2018-04-30 16:00:00,16,0,0,6901,5792.0,3026.0,6537.113709362104,1109.0,1109.0,363.8862906378963,363.8862906378963,132413.23251420754
2018-04-30 17:00:00,17,0,1,6184,6901.0,2367.0,6411.996576442666,-717.0,717.0,-227.99657644266608,227.99657644266608,51982.43886957648
2018-04-30 18:00:00,18,0,1,4568,6184.0,1703.0,4477.699234267555,-1616.0,1616.0,90.30076573244514,90.30076573244514,8154.228291865939
2018-04-30 19:00:00,19,0,1,3259,4568.0,1035.0,3358.7872455597476,-1309.0,1309.0,-99.78724555974759,99.78724555974759,9957.494376401364
2018-04-30 20:00:00,20,0,0,2673,3259.0,541.0,2866.522037616528,-586.0,586.0,-193.522037616528,193.522037616528,37450.77904325288
2018-04-30 21:00:00,21,0,0,2329,2673.0,327.0,2450.4799122434797,-344.0,344.0,-121.4799122434797,121.4799122434797,14757.36907868353
2018-04-30 22:00:00,22,0,0,1594,2329.0,275.0,1724.467807210701,-735.0,735.0,-130.46780721070104,130.46780721070104,17021.848718368656
2018-04-30 23:00:00,23,0,0,1061,1594.0,355.0,1055.0689949971265,-533.0,533.0,5.931005002873462,5.931005002873462,35.17682034411004
2018-05-01 00:00:00,0,1,0,576,1061.0,891.0,600.9182859546167,-485.0,485.0,-24.91828595461675,24.91828595461675,620.9209749160503
2018-05-01 01:00:00,1,1,0,395,576.0,891.0,352.99485257279014,-181.0,181.0,42.00514742720986,42.00514742720986,1764.4324103816355
2018-05-01 02:00:00,2,1,0,275,395.0,2871.0,311.36292798751487,-120.0,120.0,-36.362927987514865,36.362927987514865,1322.262531825192
2018-05-01 03:00:00,3,1,0,370,275.0,2871.0,353.1596581347322,95.0,95.0,16.840341865267817,16.840341865267817,283.59711413909196
2018-05-01 04:00:00,4,1,0,916,370.0,5730.0,849.2662854331668,546.0,546.0,66.73371456683321,66.73371456683321,4453.388659887568
2018-05-01 05:00:00,5,1,0,2893,916.0,6633.0,2892.541393103712,1977.0,1977.0,0.4586068962880745,0.4586068962880745,0.21032028532298072
2018-05-01 06:00:00,6,1,0,5653,2893.0,5724.0,5750.053990648672,2760.0,2760.0,-97.05399064867197,97.05399064867197,9419.477100832506
2018-05-01 07:00:00,7,1,1,6046,5653.0,5171.0,6359.858559876974,393.0,393.0,-313.85855987697414,313.85855987697414,98507.19560804816
2018-05-01 08:00:00,8,1,1,6140,6046.0,5171.0,5633.459860485043,94.0,94.0,506.54013951495745,506.54013951495745,256582.91293983255
2018-05-01 09:00:00,9,1,1,5420,6140.0,4523.0,5184.925059158736,-720.0,720.0,235.07494084126392,235.07494084126392,55260.227811523735
2018-05-01 10:00:00,10,1,0,4468,5420.0,4523.0,4584.832620512897,-952.0,952.0,-116.83262051289694,116.83262051289694,13649.861215910587
2018-05-01 11:00:00,11,1,0,4473,4468.0,4619.0,4737.308342972614,5.0,5.0,-264.3083429726139,264.3083429726139,69858.9001649289
2018-05-01 12:00:00,12,1,0,5111,4473.0,4825.0,4739.9196209420015,638.0,638.0,371.08037905799847,371.08037905799847,137700.64772182782
2018-05-01 13:00:00,13,1,0,4988,5111.0,4837.0,5135.070916612401,-123.0,123.0,-147.07091661240065,147.07091661240065,21629.854513211707
2018-05-01 14:00:00,14,1,0,4926,4988.0,5147.0,5297.496229268296,-62.0,62.0,-371.4962292682958,371.4962292682958,138009.44836056218
2018-05-01 15:00:00,15,1,0,5802,4926.0,5792.0,5577.95936713973,876.0,876.0,224.0406328602703,224.0406328602703,50194.20517243043
2018-05-01 16:00:00,16,1,0,6900,5802.0,6901.0,6580.055797183756,1098.0,1098.0,319.9442028162439,319.9442028162439,102364.2929157218
2018-05-01 17:00:00,17,1,1,6410,6900.0,6184.0,6420.192068095327,-490.0,490.0,-10.192068095327159,10.192068095327159,103.87825205978578
2018-05-01 18:00:00,18,1,1,4866,6410.0,4568.0,4710.566102400614,-1544.0,1544.0,155.433897599386,155.433897599386,24159.696522936414
2018-05-01 19:00:00,19,1,1,3411,4866.0,3259.0,3429.507329306143,-1455.0,1455.0,-18.50732930614322,18.50732930614322,342.5212380460277
2018-05-01 20:00:00,20,1,0,2907,3411.0,2673.0,2989.629162697493,-504.0,504.0,-82.62916269749303,82.62916269749303,6827.578528088774
2018-05-01 21:00:00,21,1,0,2287,2907.0,2329.0,2677.8214658934053,-620.0,620.0,-390.8214658934053,390.8214658934053,152741.41820307015
2018-05-01 22:00:00,22,1,0,1438,2287.0,1594.0,1698.824801543321,-849.0,849.0,-260.824801543321,260.824801543321,68029.57710011277
2018-05-01 23:00:00,23,1,0,1093,1438.0,1061.0,1044.5315481200885,-345.0,345.0,48.46845187991153,48.46845187991153,2349.1908276352992
2018-05-01 23:00:00,23,1,0,1093,1093.0,576.0,1019.1430457896545,0.0,0.0,73.85695421034552,73.85695421034552,5454.849685229075
2018-05-02 00:00:00,0,2,0,517,1093.0,395.0,629.4229604315227,-576.0,576.0,-112.42296043152271,112.42296043152271,12638.922032187722
2018-05-02 00:00:00,0,2,0,517,517.0,275.0,522.845072609858,0.0,0.0,-5.8450726098579935,5.8450726098579935,34.164873814512134
2018-05-02 00:00:00,0,2,0,517,517.0,370.0,521.2243583241437,0.0,0.0,-4.224358324143736,4.224358324143736,17.845203250762477
2018-05-02 00:00:00,0,2,0,517,517.0,916.0,520.3941032221029,0.0,0.0,-3.394103222102899,3.394103222102899,11.51993668228928
2018-05-02 01:00:00,1,2,0,324,517.0,2893.0,340.08282018743813,-193.0,193.0,-16.08282018743813,16.08282018743813,258.65710518146744
2018-05-02 01:00:00,1,2,0,324,324.0,5653.0,306.5653138143739,0.0,0.0,17.434686185626106,17.434686185626106,303.96828239126177
2018-05-02 01:00:00,1,2,0,324,324.0,6046.0,306.5653138143739,0.0,0.0,17.434686185626106,17.434686185626106,303.96828239126177
2018-05-02 02:00:00,2,2,0,253,324.0,6140.0,271.4581857704314,-71.0,71.0,-18.458185770431385,18.458185770431385,340.70462193575565
2018-05-02 02:00:00,2,2,0,253,253.0,5420.0,271.0808297773531,0.0,0.0,-18.080829777353074,18.080829777353074,326.9164054376176
2018-05-02 02:00:00,2,2,0,253,253.0,4468.0,271.0808297773531,0.0,0.0,-18.080829777353074,18.080829777353074,326.9164054376176
2018-05-02 03:00:00,3,2,0,351,253.0,4473.0,344.4999893023981,98.0,98.0,6.500010697601908,6.500010697601908,42.25013906893925
2018-05-02 03:00:00,3,2,0,351,351.0,5111.0,349.3091804802764,0.0,0.0,1.6908195197236182,1.6908195197236182,2.858870648278407
2018-05-02 04:00:00,4,2,0,915,351.0,4988.0,845.6876273436999,564.0,564.0,69.31237265630011,69.31237265630011,4804.205003245819
2018-05-02 04:00:00,4,2,0,915,915.0,4926.0,899.855050117911,0.0,0.0,15.144949882089008,15.144949882089008,229.36950693098788
2018-05-02 05:00:00,5,2,0,2959,915.0,5802.0,2892.541393103712,2044.0,2044.0,66.45860689628807,66.45860689628807,4416.746430595349
2018-05-02 06:00:00,6,2,0,5910,2959.0,6900.0,5643.614824637967,2951.0,2951.0,266.3851753620329,266.3851753620329,70961.06165266102
2018-05-02 07:00:00,7,2,1,6606,5910.0,6410.0,6439.999100855814,696.0,696.0,166.0008991441864,166.0008991441864,27556.298516678347
2018-05-02 08:00:00,8,2,1,5676,6606.0,4866.0,5962.643262064559,-930.0,930.0,-286.64326206455917,286.64326206455917,82164.35968701154
2018-05-02 09:00:00,9,2,1,5638,5676.0,3411.0,5044.3056190518655,-38.0,38.0,593.6943809481345,593.6943809481345,352473.01796938863
2018-05-02 10:00:00,10,2,0,4815,5638.0,2907.0,4603.418182499707,-823.0,823.0,211.58181750029325,211.58181750029325,44766.8654967274
2018-05-02 11:00:00,11,2,0,4999,4815.0,2287.0,5038.599979679321,184.0,184.0,-39.59997967932122,39.59997967932122,1568.1583906026538
2018-05-02 12:00:00,12,2,0,5088,4999.0,1438.0,5079.287183817094,89.0,89.0,8.712816182905954,8.712816182905954,75.91316583710787
2018-05-02 13:00:00,13,2,0,5034,5088.0,1093.0,5081.192307108183,-54.0,54.0,-47.19230710818283,47.19230710818283,2227.1138501930436
2018-05-02 14:00:00,14,2,0,5179,5034.0,1093.0,5309.546072258484,145.0,145.0,-130.54607225848395,130.54607225848395,17042.276982117313
2018-05-02 15:00:00,15,2,0,5913,5179.0,517.0,5744.737974043943,734.0,734.0,168.2620259560572,168.2620259560572,28312.109378836863
2018-05-02 16:00:00,16,2,0,6935,5913.0,517.0,6573.332411754597,1022.0,1022.0,361.66758824540284,361.66758824540284,130803.44438724624
2018-05-02 17:00:00,17,2,1,6291,6935.0,517.0,6417.879232330068,-644.0,644.0,-126.87923233006768,126.87923233006768,16098.339596667292
2018-05-02 18:00:00,18,2,1,4763,6291.0,517.0,4663.778495674426,-1528.0,1528.0,99.22150432557373,99.22150432557373,9844.906920629846
2018-05-02 19:00:00,19,2,1,3518,4763.0,324.0,3406.83404147561,-1245.0,1245.0,111.16595852439013,111.16595852439013,12357.870334646428
2018-05-02 20:00:00,20,2,0,3114,3518.0,324.0,3058.548783757624,-404.0,404.0,55.45121624237618,55.45121624237618,3074.8373827587634
2018-05-02 21:00:00,21,2,0,2634,3114.0,324.0,2771.8424846807857,-480.0,480.0,-137.84248468078567,137.84248468078567,19000.55058297263
2018-05-02 22:00:00,22,2,0,1721,2634.0,253.0,1933.0110142425663,-913.0,913.0,-212.01101424256626,212.01101424256626,44948.67016016164
2018-05-02 23:00:00,23,2,0,1074,1721.0,253.0,1300.5122908243707,-647.0,647.0,-226.51229082437067,226.51229082437067,51307.817894504275
2018-05-03 00:00:00,0,3,0,591,1074.0,253.0,608.8950801413104,-483.0,483.0,-17.89508014131036,17.89508014131036,320.2338932639204
2018-05-03 01:00:00,1,3,0,373,591.0,351.0,363.9884400742046,-218.0,218.0,9.011559925795382,9.011559925795382,81.20821229620127
2018-05-03 02:00:00,2,3,0,259,373.0,351.0,288.22776650072393,-114.0,114.0,-29.22776650072393,29.22776650072393,854.26233462084
2018-05-03 03:00:00,3,3,0,345,259.0,915.0,352.58053354617346,86.0,86.0,-7.580533546173456,7.580533546173456,57.46448884466111
2018-05-03 04:00:00,4,3,0,937,345.0,915.0,850.3297015021416,592.0,592.0,86.67029849785843,86.67029849785843,7511.74064170788
2018-05-03 05:00:00,5,3,0,3025,937.0,2959.0,2892.541393103712,2088.0,2088.0,132.45860689628807,132.45860689628807,17545.282540905373
2018-05-03 06:00:00,6,3,0,5893,3025.0,5910.0,5843.304293518815,2868.0,2868.0,49.69570648118497,49.69570648118497,2469.66324266409
2018-05-03 07:00:00,7,3,1,6457,5893.0,6606.0,6459.702492977522,564.0,564.0,-2.702492977521615,2.702492977521615,7.303468293553645
2018-05-03 08:00:00,8,3,1,6084,6457.0,5676.0,5940.362579156012,-373.0,373.0,143.63742084398837,143.63742084398837,20631.708666713024
2018-05-03 09:00:00,9,3,1,5289,6084.0,5638.0,5186.083727337555,-795.0,795.0,102.91627266244541,102.91627266244541,10591.759178730808
2018-05-03 10:00:00,10,3,0,4763,5289.0,4815.0,4619.245903807475,-526.0,526.0,143.75409619252514,143.75409619252514,20665.240172129772
2018-05-03 11:00:00,11,3,0,4987,4763.0,4999.0,4903.802216431879,224.0,224.0,83.19778356812094,83.19778356812094,6921.871190647895
2018-05-03 12:00:00,12,3,0,5210,4987.0,5088.0,5091.493021240313,223.0,223.0,118.50697875968672,118.50697875968672,14043.90401474884
2018-05-03 13:00:00,13,3,0,5332,5210.0,5034.0,5207.468430145472,122.0,122.0,124.53156985452824,124.53156985452824,15508.111890433247
2018-05-03 14:00:00,14,3,0,5462,5332.0,5179.0,5544.578869193767,130.0,130.0,-82.57886919376688,82.57886919376688,6819.26963732126
2018-05-03 15:00:00,15,3,0,6103,5462.0,5913.0,5898.260379785496,641.0,641.0,204.7396202145037,204.7396202145037,41918.312085579215
2018-05-03 16:00:00,16,3,0,6977,6103.0,6935.0,6591.528413580909,874.0,874.0,385.4715864190912,385.4715864190912,148588.34393645087
2018-05-03 17:00:00,17,3,1,6630,6977.0,6291.0,6436.944725260615,-347.0,347.0,193.0552747393849,193.0552747393849,37270.33910469939
2018-05-03 18:00:00,18,3,1,5019,6630.0,4763.0,4925.327441469504,-1611.0,1611.0,93.67255853049573,93.67255853049573,8774.54822164915
2018-05-03 19:00:00,19,3,1,3664,5019.0,3518.0,3640.3503107717784,-1355.0,1355.0,23.649689228221632,23.649689228221632,559.3078005914623
2018-05-03 20:00:00,20,3,0,3325,3664.0,3114.0,3181.3705111641084,-339.0,339.0,143.6294888358916,143.6294888358916,20629.43006325951
2018-05-03 21:00:00,21,3,0,2716,3325.0,2634.0,3039.5660791431765,-609.0,609.0,-323.56607914317647,323.56607914317647,104695.00757208833
2018-05-03 22:00:00,22,3,0,1918,2716.0,1721.0,2003.6005053606211,-798.0,798.0,-85.60050536062113,85.60050536062113,7327.446517993726
2018-05-03 23:00:00,23,3,0,1308,1918.0,1074.0,1315.5923496100138,-610.0,610.0,-7.592349610013798,7.592349610013798,57.64377260067667
2018-05-03 23:00:00,23,3,0,1308,1308.0,591.0,1110.375134796731,0.0,0.0,197.6248652032691,197.6248652032691,39055.587346610286
2018-05-04 00:00:00,0,4,0,655,1308.0,373.0,714.2041527214536,-653.0,653.0,-59.204152721453625,59.204152721453625,3505.1316994652047
2018-05-04 01:00:00,1,4,0,393,655.0,259.0,411.8588776000716,-262.0,262.0,-18.858877600071594,18.858877600071594,355.65726433448214
2018-05-04 02:00:00,2,4,0,338,393.0,345.0,309.97251650931287,-55.0,55.0,28.027483490687132,28.027483490687132,785.5398308207398
2018-05-04 03:00:00,3,4,0,409,338.0,937.0,354.01200497570636,71.0,71.0,54.98799502429364,54.98799502429364,3023.679596791742
2018-05-04 04:00:00,4,4,0,882,409.0,3025.0,831.1887084888509,473.0,473.0,50.81129151114908,50.81129151114908,2581.7873450309703
2018-05-04 05:00:00,5,4,0,2841,882.0,5893.0,2892.541393103712,1959.0,1959.0,-51.541393103711926,51.541393103711926,2656.5152030713634
2018-05-04 06:00:00,6,4,0,5503,2841.0,6457.0,5675.62641643833,2662.0,2662.0,-172.62641643833012,172.62641643833012,29799.879652339772
2018-05-04 07:00:00,7,4,1,6587,5503.0,6084.0,6382.091450430615,1084.0,1084.0,204.9085495693853,204.9085495693853,41987.51368662923
2018-05-04 08:00:00,8,4,1,5771,6587.0,5289.0,5911.692164303181,-816.0,816.0,-140.69216430318102,140.69216430318102,19794.285096313284
2018-05-04 09:00:00,9,4,1,5156,5771.0,4763.0,5186.083727337555,-615.0,615.0,-30.083727337554592,30.083727337554592,905.0306505203295
2018-05-04 10:00:00,10,4,0,4982,5156.0,4987.0,4671.0638843482675,-174.0,174.0,310.9361156517325,310.9361156517325,96681.26801658758
2018-05-04 11:00:00,11,4,0,5275,4982.0,5210.0,5092.905420123642,293.0,293.0,182.09457987635778,182.09457987635778,33158.436020347246
2018-05-04 12:00:00,12,4,0,5528,5275.0,5332.0,5340.933567209892,253.0,253.0,187.06643279010768,187.06643279010768,34993.85027681587
2018-05-04 13:00:00,13,4,0,5557,5528.0,5462.0,5545.403757915308,29.0,29.0,11.596242084691767,11.596242084691767,134.47283048677645
2018-05-04 14:00:00,14,4,0,5869,5557.0,6103.0,5773.3381900448085,312.0,312.0,95.66180995519153,95.66180995519153,9151.18188390318
2018-05-04 15:00:00,15,4,0,6262,5869.0,6977.0,5909.434500324316,393.0,393.0,352.5654996756839,352.5654996756839,124302.43156156466
2018-05-04 16:00:00,16,4,0,6662,6262.0,6630.0,6440.58183763441,400.0,400.0,221.41816236559043,221.41816236559043,49026.002625354966
2018-05-04 17:00:00,17,4,1,6014,6662.0,5019.0,6070.3115163714265,-648.0,648.0,-56.31151637142648,56.31151637142648,3170.9868760494323
2018-05-04 18:00:00,18,4,1,5024,6014.0,3664.0,4829.581327477889,-990.0,990.0,194.41867252211068,194.41867252211068,37798.620225259714
2018-05-04 19:00:00,19,4,1,4000,5024.0,3325.0,3779.839033620346,-1024.0,1024.0,220.16096637965393,220.16096637965393,48470.85111722311
2018-05-04 20:00:00,20,4,0,3541,4000.0,2716.0,3327.4794443084165,-459.0,459.0,213.52055569158347,213.52055569158347,45591.0277028426
2018-05-04 21:00:00,21,4,0,3323,3541.0,1918.0,3223.585191210061,-218.0,218.0,99.41480878993889,99.41480878993889,9883.304206740111
2018-05-04 22:00:00,22,4,0,2718,3323.0,1308.0,2929.914392749828,-605.0,605.0,-211.91439274982804,211.91439274982804,44907.70985452837
2018-05-04 23:00:00,23,4,0,2103,2718.0,1308.0,2033.7404936362655,-615.0,615.0,69.25950636373454,69.25950636373454,4796.879221748186
2018-05-05 00:00:00,0,5,0,1446,2103.0,655.0,1350.284109371568,-657.0,657.0,95.71589062843191,95.71589062843191,9161.531718793938
2018-05-05 01:00:00,1,5,0,691,1446.0,393.0,897.5795958499264,-755.0,755.0,-206.57959584992636,206.57959584992636,42675.12942151891
2018-05-05 03:00:00,3,5,0,345,691.0,338.0,444.5392274894517,-346.0,346.0,-99.53922748945172,99.53922748945172,9908.05780919682
2018-05-05 04:00:00,4,5,0,399,345.0,409.0,370.8713342293684,54.0,54.0,28.128665770631585,28.128665770631585,791.221838035901
2018-05-05 05:00:00,5,5,0,687,399.0,882.0,733.0748879399783,288.0,288.0,-46.07488793997834,46.07488793997834,2122.8952986815616
2018-05-05 06:00:00,6,5,0,1382,687.0,2841.0,1275.442671713176,695.0,695.0,106.55732828682403,106.55732828682403,11354.46421162599
2018-05-05 07:00:00,7,5,1,2248,1382.0,5503.0,2102.73980999294,866.0,866.0,145.26019000705992,145.26019000705992,21100.52280088715
2018-05-05 08:00:00,8,5,1,3095,2248.0,6587.0,3157.3953283725796,847.0,847.0,-62.39532837257957,62.39532837257957,3893.177002722033
2018-05-05 09:00:00,9,5,1,3848,3095.0,5771.0,3609.9382788748003,753.0,753.0,238.0617211251997,238.0617211251997,56673.383065092356
2018-05-05 10:00:00,10,5,0,3915,3848.0,5156.0,4102.2274113342455,67.0,67.0,-187.22741133424552,187.22741133424552,35054.10355492277
2018-05-05 11:00:00,11,5,0,4280,3915.0,4982.0,4120.117609442585,365.0,365.0,159.88239055741542,159.88239055741542,25562.37881035392
2018-05-05 12:00:00,12,5,0,4775,4280.0,5275.0,4498.016842094018,495.0,495.0,276.9831579059819,276.9831579059819,76719.6697635701
2018-05-05 13:00:00,13,5,0,4730,4775.0,5528.0,4781.835771376274,-45.0,45.0,-51.83577137627435,51.83577137627435,2686.947194173383
2018-05-05 14:00:00,14,5,0,4394,4730.0,5557.0,4729.809380310598,-336.0,336.0,-335.8093803105976,335.8093803105976,112767.93990458756
2018-05-05 15:00:00,15,5,0,4699,4394.0,5869.0,4540.787138547194,305.0,305.0,158.21286145280556,158.21286145280556,25031.309529084647
2018-05-05 16:00:00,16,5,0,4580,4699.0,6262.0,4729.809380310598,-119.0,119.0,-149.8093803105976,149.8093803105976,22442.850429045266
2018-05-05 17:00:00,17,5,1,4539,4580.0,6662.0,4476.5285696404935,-41.0,41.0,62.471430359506485,62.471430359506485,3902.6796111626686
2018-05-05 18:00:00,18,5,1,4156,4539.0,6014.0,4246.629276379113,-383.0,383.0,-90.62927637911343,90.62927637911343,8213.66573700173
2018-05-05 18:00:00,18,5,1,4156,4156.0,5024.0,3950.011194102098,0.0,0.0,205.98880589790178,205.98880589790178,42431.388155243454
2018-05-05 19:00:00,19,5,1,3146,4156.0,4000.0,3468.08117215174,-1010.0,1010.0,-322.0811721517398,322.0811721517398,103736.28145463865
2018-05-05 19:00:00,19,5,1,3146,3146.0,3541.0,2948.6498863162915,0.0,0.0,197.3501136837085,197.3501136837085,38947.067370972676
2018-05-05 19:00:00,19,5,1,3146,3146.0,3323.0,2948.6498863162915,0.0,0.0,197.3501136837085,197.3501136837085,38947.067370972676
2018-05-05 20:00:00,20,5,0,2767,3146.0,2718.0,2909.0518623827065,-379.0,379.0,-142.05186238270653,142.05186238270653,20178.731606395395
2018-05-05 20:00:00,20,5,0,2767,2767.0,2103.0,2731.7113488413743,0.0,0.0,35.288651158625726,35.288651158625726,1245.2889005951768
2018-05-05 21:00:00,21,5,0,2922,2767.0,1446.0,2767.642646456146,155.0,155.0,154.35735354385406,154.35735354385406,23826.192593062355
2018-05-05 22:00:00,22,5,0,3145,2922.0,691.0,2850.3365483568136,223.0,223.0,294.66345164318636,294.66345164318636,86826.54973427643
2018-05-05 23:00:00,23,5,0,2432,3145.0,345.0,2328.1016013392104,-713.0,713.0,103.89839866078955,103.89839866078955,10794.877244276357
2018-05-06 00:00:00,0,6,0,1674,2432.0,399.0,1489.387213123801,-758.0,758.0,184.61278687619892,184.61278687619892,34081.88107819685
2018-05-06 01:00:00,1,6,0,784,1674.0,687.0,1090.690514548954,-890.0,890.0,-306.69051454895407,306.69051454895407,94059.0717143022
2018-05-06 01:00:00,1,6,0,784,784.0,1382.0,705.330861687953,0.0,0.0,78.66913831204704,78.66913831204704,6188.833322759987
2018-05-06 02:00:00,2,6,0,509,784.0,2248.0,594.4743115243404,-275.0,275.0,-85.47431152434035,85.47431152434035,7305.8579305599815
2018-05-06 03:00:00,3,6,0,346,509.0,3095.0,381.3995494033486,-163.0,163.0,-35.3995494033486,35.3995494033486,1253.1280979601183
2018-05-06 04:00:00,4,6,0,269,346.0,3848.0,303.60367377065677,-77.0,77.0,-34.60367377065677,34.60367377065677,1197.4142384260392
2018-05-06 05:00:00,5,6,0,459,269.0,3915.0,453.6975584765545,190.0,190.0,5.302441523445509,5.302441523445509,28.11588610955913
2018-05-06 06:00:00,6,6,0,998,459.0,4280.0,791.762589228025,539.0,539.0,206.23741077197496,206.23741077197496,42533.86960192834
2018-05-06 07:00:00,7,6,1,1332,998.0,4775.0,1208.2860582655765,334.0,334.0,123.71394173442354,123.71394173442354,15305.139379468343
2018-05-06 08:00:00,8,6,1,2390,1332.0,4730.0,1998.9353433097629,1058.0,1058.0,391.06465669023714,391.06465669023714,152931.56571225304
2018-05-06 09:00:00,9,6,1,3000,2390.0,4394.0,3018.7048580560663,610.0,610.0,-18.704858056066314,18.704858056066314,349.8717148975889
2018-05-06 10:00:00,10,6,0,3568,3000.0,4699.0,3457.463294307277,568.0,568.0,110.53670569272299,110.53670569272299,12218.363305399658
2018-05-06 11:00:00,11,6,0,3914,3568.0,4580.0,3783.79698227262,346.0,346.0,130.20301772738003,130.20301772738003,16952.82582531644
2018-05-06 12:00:00,12,6,0,4053,3914.0,4539.0,4059.299496710247,139.0,139.0,-6.299496710246785,6.299496710246785,39.68365880241007
2018-05-06 13:00:00,13,6,0,4237,4053.0,4156.0,4224.888579347384,184.0,184.0,12.111420652616289,12.111420652616289,146.68651022462038
2018-05-06 14:00:00,14,6,0,4295,4237.0,4156.0,4351.909512057777,58.0,58.0,-56.90951205777674,56.90951205777674,3238.692562654236
2018-05-06 15:00:00,15,6,0,4332,4295.0,3146.0,4401.123295294227,37.0,37.0,-69.12329529422732,69.12329529422732,4778.029952332949
2018-05-06 16:00:00,16,6,0,4181,4332.0,3146.0,4404.3421955238855,-151.0,151.0,-223.3421955238855,223.3421955238855,49881.7363014295
2018-05-06 17:00:00,17,6,1,3739,4181.0,3146.0,3964.493865230942,-442.0,442.0,-225.493865230942,225.493865230942,50847.48325679023
2018-05-06 18:00:00,18,6,1,3778,3739.0,2767.0,3468.3945880154915,39.0,39.0,309.60541198450846,309.60541198450846,95855.51113009722
2018-05-06 19:00:00,19,6,1,3041,3778.0,2767.0,3386.211363390255,-737.0,737.0,-345.211363390255,345.211363390255,119170.88541375867
2018-05-06 20:00:00,20,6,0,2658,3041.0,2922.0,2715.6304070472993,-383.0,383.0,-57.630407047299286,57.630407047299286,3321.2638164374034
2018-05-06 21:00:00,21,6,0,2350,2658.0,3145.0,2361.5240560133807,-308.0,308.0,-11.524056013380687,11.524056013380687,132.80386699953556
2018-05-06 22:00:00,22,6,0,1717,2350.0,2432.0,1745.0787978997903,-633.0,633.0,-28.07879789979029,28.07879789979029,788.4188914972675
2018-05-06 23:00:00,23,6,0,1248,1717.0,1674.0,1208.7186870339337,-469.0,469.0,39.28131296606625,39.28131296606625,1543.0215483380448
2018-05-07 00:00:00,0,0,0,597,1248.0,784.0,680.1547131916013,-651.0,651.0,-83.15471319160133,83.15471319160133,6914.706325977477
2018-05-07 01:00:00,1,0,0,353,597.0,784.0,372.51072320177775,-244.0,244.0,-19.51072320177775,19.51072320177775,380.6683198563886
2018-05-07 02:00:00,2,0,0,244,353.0,509.0,281.27136222100916,-109.0,109.0,-37.271362221009156,37.271362221009156,1389.1544418096685
2018-05-07 03:00:00,3,0,0,326,244.0,346.0,337.5847323365468,82.0,82.0,-11.584732336546779,11.584732336546779,134.2060233094326
2018-05-07 04:00:00,4,0,0,875,326.0,269.0,818.0895181251226,549.0,549.0,56.910481874877405,56.910481874877405,3238.80294723075
2018-05-07 05:00:00,5,0,0,2729,875.0,459.0,2892.541393103712,1854.0,1854.0,-163.54139310371193,163.54139310371193,26745.787258302833
2018-05-07 06:00:00,6,0,0,5780,2729.0,998.0,5538.3027165537505,3051.0,3051.0,241.69728344624946,241.69728344624946,58417.57682529665
2018-05-07 07:00:00,7,0,1,6339,5780.0,1332.0,6438.843009844983,559.0,559.0,-99.84300984498259,99.84300984498259,9968.62661490529
2018-05-07 08:00:00,8,0,1,5793,6339.0,2390.0,5884.203036699975,-546.0,546.0,-91.2030366999752,91.2030366999752,8317.993903297023
2018-05-07 09:00:00,9,0,1,4932,5793.0,3000.0,5031.236723281939,-861.0,861.0,-99.2367232819388,99.2367232819388,9847.927247736094
2018-05-07 10:00:00,10,0,0,4369,4932.0,3568.0,4454.214653849397,-563.0,563.0,-85.21465384939711,85.21465384939711,7261.537230672569
2018-05-07 11:00:00,11,0,0,4608,4369.0,3914.0,4516.720131097872,239.0,239.0,91.27986890212833,91.27986890212833,8332.014466789735
2018-05-07 12:00:00,12,0,0,4792,4608.0,4053.0,4860.474612853799,184.0,184.0,-68.47461285379904,68.47461285379904,4688.772605477661
2018-05-07 13:00:00,13,0,0,4815,4792.0,4237.0,4918.247489265515,23.0,23.0,-103.24748926551456,103.24748926551456,10660.044039632545
2018-05-07 14:00:00,14,0,0,4969,4815.0,4295.0,5115.256905448951,154.0,154.0,-146.25690544895133,146.25690544895133,21391.08239150349
2018-05-07 15:00:00,15,0,0,5799,4969.0,4332.0,5590.446894398043,830.0,830.0,208.5531056019572,208.5531056019572,43494.39785622112
2018-05-07 16:00:00,16,0,0,6663,5799.0,4181.0,6443.496294605738,864.0,864.0,219.5037053942624,219.5037053942624,48181.87668181114
2018-05-07 17:00:00,17,0,1,6197,6663.0,3739.0,6196.129252189865,-466.0,466.0,0.8707478101350716,0.8707478101350716,0.7582017488550228
2018-05-07 18:00:00,18,0,1,4502,6197.0,3778.0,4415.6166998525205,-1695.0,1695.0,86.38330014747953,86.38330014747953,7462.074544369537
2018-05-07 19:00:00,19,0,1,3292,4502.0,3041.0,3297.496262028945,-1210.0,1210.0,-5.496262028944784,5.496262028944784,30.208896290820235
2018-05-07 20:00:00,20,0,0,2791,3292.0,2658.0,2819.0483261607087,-501.0,501.0,-28.04832616070871,28.04832616070871,786.7086004174967
2018-05-07 21:00:00,21,0,0,2494,2791.0,2350.0,2493.5507971428938,-297.0,297.0,0.4492028571062292,0.4492028571062292,0.20178320683239936
2018-05-07 22:00:00,22,0,0,1591,2494.0,1717.0,1801.8258754597364,-903.0,903.0,-210.82587545973638,210.82587545973638,44447.54976336427
2018-05-07 23:00:00,23,0,0,1010,1591.0,1248.0,1027.3847139411341,-581.0,581.0,-17.384713941134123,17.384713941134123,302.22827881506316
2018-05-08 00:00:00,0,1,0,585,1010.0,597.0,555.0427707417814,-425.0,425.0,29.957229258218604,29.957229258218604,897.4355848294688
2018-05-08 01:00:00,1,1,0,356,585.0,353.0,362.8253031916606,-229.0,229.0,-6.825303191660623,6.825303191660623,46.58476365809269
2018-05-08 02:00:00,2,1,0,264,356.0,244.0,281.27136222100916,-92.0,92.0,-17.271362221009156,17.271362221009156,298.2999529693023
2018-05-08 03:00:00,3,1,0,331,264.0,326.0,352.438121417559,67.0,67.0,-21.43812141755899,21.43812141755899,459.5930499140014
2018-05-08 04:00:00,4,1,0,868,331.0,875.0,847.0727774804568,537.0,537.0,20.927222519543193,20.927222519543193,437.9486423824757
2018-05-08 05:00:00,5,1,0,2849,868.0,2729.0,2874.217778149233,1981.0,1981.0,-25.2177781492328,25.2177781492328,635.9363347839233
2018-05-08 06:00:00,6,1,0,5958,2849.0,5780.0,5770.2089599322935,3109.0,3109.0,187.7910400677065,187.7910400677065,35265.47472971094
2018-05-08 07:00:00,7,1,1,6651,5958.0,6339.0,6449.02490901071,693.0,693.0,201.97509098929004,201.97509098929004,40793.93738013199
2018-05-08 08:00:00,8,1,1,6203,6651.0,5793.0,5988.732391162097,-448.0,448.0,214.26760883790303,214.26760883790303,45910.60819711262
2018-05-08 09:00:00,9,1,1,5428,6203.0,4932.0,5186.083727337555,-775.0,775.0,241.9162726624454,241.9162726624454,58523.48297889063
2018-05-08 10:00:00,10,1,0,4500,5428.0,4369.0,4602.280019873688,-928.0,928.0,-102.2800198736877,102.2800198736877,10461.202465361952
2018-05-08 11:00:00,11,1,0,4614,4500.0,4608.0,4754.855466924872,114.0,114.0,-140.85546692487242,140.85546692487242,19840.262562623826
2018-05-08 12:00:00,12,1,0,4601,4614.0,4792.0,4860.474612853799,-13.0,13.0,-259.47461285379904,259.47461285379904,67327.0747156289
2018-05-08 12:00:00,12,1,0,4601,4601.0,4815.0,4847.165084881784,0.0,0.0,-246.16508488178442,246.16508488178442,60597.249014856134
2018-05-08 13:00:00,13,1,0,4583,4601.0,4969.0,4847.165084881784,-18.0,18.0,-264.1650848817844,264.1650848817844,69783.19207060037
2018-05-08 13:00:00,13,1,0,4583,4583.0,5799.0,4806.421460525129,0.0,0.0,-223.42146052512908,223.42146052512908,49917.14902318181
2018-05-08 14:00:00,14,1,0,5196,4583.0,6663.0,4806.421460525129,613.0,613.0,389.5785394748709,389.5785394748709,151771.43841937356
2018-05-08 14:00:00,14,1,0,5196,5196.0,6197.0,5447.714293876567,0.0,0.0,-251.71429387656735,251.71429387656735,63360.085741778916
2018-05-08 15:00:00,15,1,0,5855,5196.0,4502.0,5741.046066979624,659.0,659.0,113.9539330203761,113.9539330203761,12985.498850812362
2018-05-08 16:00:00,16,1,0,6578,5855.0,3292.0,6548.252431497727,723.0,723.0,29.74756850227277,29.74756850227277,884.917831797411
2018-05-08 17:00:00,17,1,1,6279,6578.0,2791.0,6164.705234093379,-299.0,299.0,114.29476590662125,114.29476590662125,13063.29351364935
2018-05-08 18:00:00,18,1,1,4545,6279.0,2494.0,4650.647178112397,-1734.0,1734.0,-105.64717811239734,105.64717811239734,11161.326243112608
2018-05-08 18:00:00,18,1,1,4545,4545.0,1591.0,4530.269784142684,0.0,0.0,14.73021585731567,14.73021585731567,216.97925920311403
2018-05-08 19:00:00,19,1,1,3274,4545.0,1010.0,3371.957859900797,-1271.0,1271.0,-97.95785990079685,97.95785990079685,9595.742316344144
2018-05-08 19:00:00,19,1,1,3274,3274.0,585.0,3138.6587166691725,0.0,0.0,135.34128333082754,135.34128333082754,18317.262973635337
2018-05-08 20:00:00,20,1,0,3044,3274.0,356.0,2888.9884119876115,-230.0,230.0,155.01158801238853,155.01158801238853,24028.592418122476
2018-05-08 21:00:00,21,1,0,2334,3044.0,264.0,2759.4397673071358,-710.0,710.0,-425.43976730713575,425.43976730713575,180998.9956063498
2018-05-08 21:00:00,21,1,0,2334,2334.0,331.0,2185.6506518835345,0.0,0.0,148.34934811646553,148.34934811646553,22007.529086580278
2018-05-08 22:00:00,22,1,0,1513,2334.0,868.0,1710.822238406572,-821.0,821.0,-197.82223840657207,197.82223840657207,39133.63800818664
2018-05-08 22:00:00,22,1,0,1513,1513.0,2849.0,1590.7412747082074,0.0,0.0,-77.74127470820736,77.74127470820736,6043.7057932569605
2018-05-08 23:00:00,23,1,0,1027,1513.0,5958.0,1073.800707447097,-486.0,486.0,-46.80070744709701,46.80070744709701,2190.3062175487617
2018-05-08 23:00:00,23,1,0,1027,1027.0,6651.0,1023.8340422994886,0.0,0.0,3.165957700511399,3.165957700511399,10.023288161427423
2018-05-09 00:00:00,0,2,0,516,1027.0,6203.0,570.16162542558,-511.0,511.0,-54.16162542558004,54.16162542558004,2933.4816687408384
2018-05-09 00:00:00,0,2,0,516,516.0,5428.0,517.2439363414866,0.0,0.0,-1.2439363414865738,1.2439363414865738,1.547377621671002
2018-05-09 00:00:00,0,2,0,516,516.0,4500.0,517.2439363414866,0.0,0.0,-1.2439363414865738,1.2439363414865738,1.547377621671002
2018-05-09 01:00:00,1,2,0,319,516.0,4614.0,340.47111421688334,-197.0,197.0,-21.471114216883336,21.471114216883336,461.00874571444973
2018-05-09 02:00:00,2,2,0,261,319.0,4601.0,271.4581857704314,-58.0,58.0,-10.458185770431385,10.458185770431385,109.3736496088535
2018-05-09 03:00:00,3,2,0,340,261.0,4601.0,345.8605583334007,79.0,79.0,-5.860558333400718,5.860558333400718,34.3461439791926
2018-05-09 03:00:00,3,2,0,340,340.0,4583.0,346.4200958178511,0.0,0.0,-6.42009581785112,6.42009581785112,41.217630310389445
2018-05-09 04:00:00,4,2,0,885,340.0,4583.0,845.8369177877777,545.0,545.0,39.16308221222232,39.16308221222232,1533.7470083612843
2018-05-09 05:00:00,5,2,0,2881,885.0,5196.0,2892.541393103712,1996.0,1996.0,-11.541393103711926,11.541393103711926,133.2037547744092
2018-05-09 06:00:00,6,2,0,6008,2881.0,5196.0,5728.900368584624,3127.0,3127.0,279.0996314153763,279.0996314153763,77896.60425619889
2018-05-09 07:00:00,7,2,1,6523,6008.0,5855.0,6439.272579709147,515.0,515.0,83.72742029085293,83.72742029085293,7010.280908561132
2018-05-09 07:00:00,7,2,1,6523,6523.0,6578.0,6449.955670035379,0.0,0.0,73.04432996462128,73.04432996462128,5335.474139980471
2018-05-09 08:00:00,8,2,1,6254,6523.0,6279.0,5932.032205763913,-269.0,269.0,321.9677942360868,321.9677942360868,103663.26052525111
2018-05-09 09:00:00,9,2,1,5210,6254.0,4545.0,5176.455034999984,-1044.0,1044.0,33.54496500001642,33.54496500001642,1125.2646768523266
2018-05-09 09:00:00,9,2,1,5210,5210.0,4545.0,5064.028583482082,0.0,0.0,145.97141651791844,145.97141651791844,21307.654440247632
2018-05-09 09:00:00,9,2,1,5210,5210.0,3274.0,5064.028583482082,0.0,0.0,145.97141651791844,145.97141651791844,21307.654440247632
2018-05-09 10:00:00,10,2,0,4720,5210.0,3274.0,4557.155138555848,-490.0,490.0,162.84486144415223,162.84486144415223,26518.44889876514
2018-05-09 11:00:00,11,2,0,4693,4720.0,3044.0,4894.609774391263,-27.0,27.0,-201.60977439126327,201.60977439126327,40646.501130096076
2018-05-09 11:00:00,11,2,0,4693,4693.0,2334.0,4892.376020448836,0.0,0.0,-199.37602044883624,199.37602044883624,39750.79753001477
2018-05-09 12:00:00,12,2,0,4840,4693.0,2334.0,4892.376020448836,147.0,147.0,-52.37602044883624,52.37602044883624,2743.247518056912
2018-05-09 13:00:00,13,2,0,4933,4840.0,1513.0,4943.19656748564,93.0,93.0,-10.196567485640117,10.196567485640117,103.96998848921321
2018-05-09 13:00:00,13,2,0,4933,4933.0,1513.0,4957.428554892595,0.0,0.0,-24.428554892594548,24.428554892594548,596.7542941405051
2018-05-09 14:00:00,14,2,0,5109,4933.0,1027.0,5214.954585827472,176.0,176.0,-105.95458582747233,105.95458582747233,11226.3742578712
2018-05-09 14:00:00,14,2,0,5109,5109.0,1027.0,5346.476774132778,0.0,0.0,-237.4767741327778,237.4767741327778,56395.218252510356
2018-05-09 15:00:00,15,2,0,6159,5109.0,516.0,5669.364601324466,1050.0,1050.0,489.6353986755339,489.6353986755339,239742.82363614903
2018-05-09 16:00:00,16,2,0,6844,6159.0,516.0,6577.4546302285,685.0,685.0,266.5453697715002,266.5453697715002,71046.43414662576
2018-05-09 16:00:00,16,2,0,6844,6844.0,516.0,6574.571121057407,0.0,0.0,269.42887894259275,269.42887894259275,72591.9208082623
2018-05-09 17:00:00,17,2,1,6436,6844.0,319.0,6422.025482381708,-408.0,408.0,13.974517618292339,13.974517618292339,195.28714266396298
2018-05-09 18:00:00,18,2,1,4768,6436.0,261.0,4665.18417056981,-1668.0,1668.0,102.8158294301902,102.8158294301902,10571.094781417967
2018-05-09 19:00:00,19,2,1,3511,4768.0,340.0,3445.715073550378,-1257.0,1257.0,65.28492644962216,65.28492644962216,4262.121621532576
2018-05-09 20:00:00,20,2,0,3287,3511.0,340.0,3098.124534824055,-224.0,224.0,188.875465175945,188.875465175945,35673.941345429615
2018-05-09 21:00:00,21,2,0,2734,3287.0,885.0,2904.851943382599,-553.0,553.0,-170.85194338259907,170.85194338259907,29190.38655761084
2018-05-09 22:00:00,22,2,0,1736,2734.0,2881.0,2386.7368536316294,-998.0,998.0,-650.7368536316294,650.7368536316294,423458.45267439267
2018-05-09 23:00:00,23,2,0,1466,1736.0,6008.0,1191.4139194461045,-270.0,270.0,274.5860805538955,274.5860805538955,75397.51563395039
2018-05-10 00:00:00,0,3,0,633,1466.0,6523.0,843.8530113708583,-833.0,833.0,-210.85301137085833,210.85301137085833,44458.99240415931
2018-05-10 01:00:00,1,3,0,364,633.0,6523.0,393.0024653323874,-269.0,269.0,-29.002465332387374,29.002465332387374,841.1429953563314
2018-05-10 02:00:00,2,3,0,270,364.0,6254.0,288.22776650072393,-94.0,94.0,-18.22776650072393,18.22776650072393,332.25147160491355
2018-05-10 03:00:00,3,3,0,374,270.0,5210.0,353.1596581347322,104.0,104.0,20.840341865267817,20.840341865267817,434.3198490612345
2018-05-10 04:00:00,4,3,0,928,374.0,5210.0,850.8675467088584,554.0,554.0,77.13245329114159,77.13245329114159,5949.415350710138
2018-05-10 05:00:00,5,3,0,2881,928.0,5210.0,2892.541393103712,1953.0,1953.0,-11.541393103711926,11.541393103711926,133.2037547744092
2018-05-10 06:00:00,6,3,0,5840,2881.0,4720.0,5778.242575382294,2959.0,2959.0,61.75742461770642,61.75742461770642,3813.979495411691
2018-05-10 07:00:00,7,3,1,6197,5840.0,4693.0,6452.016127590459,357.0,357.0,-255.0161275904593,255.0161275904593,65033.225331233414
2018-05-10 08:00:00,8,3,1,5690,6197.0,4693.0,5808.759135159763,-507.0,507.0,-118.75913515976299,118.75913515976299,14103.732183894854
2018-05-10 09:00:00,9,3,1,5568,5690.0,4840.0,5186.083727337555,-122.0,122.0,381.9162726624454,381.9162726624454,145860.03932437534
2018-05-10 10:00:00,10,3,0,4691,5568.0,4933.0,4669.251048364295,-877.0,877.0,21.748951635705453,21.748951635705453,473.01689725225486
2018-05-10 11:00:00,11,3,0,5120,4691.0,4933.0,4892.376020448836,429.0,429.0,227.62397955116376,227.62397955116376,51812.67606670861
2018-05-10 12:00:00,12,3,0,5268,5120.0,5109.0,5195.944223685372,148.0,148.0,72.05577631462802,72.05577631462802,5192.034900303708
2018-05-10 13:00:00,13,3,0,5140,5268.0,5109.0,5213.3695546583895,-128.0,128.0,-73.36955465838946,73.36955465838946,5383.0915507703985
2018-05-10 14:00:00,14,3,0,5599,5140.0,6159.0,5365.046737640833,459.0,459.0,233.95326235916673,233.95326235916673,54734.1289684971
2018-05-10 15:00:00,15,3,0,6364,5599.0,6844.0,5902.560638449952,765.0,765.0,461.4393615500476,461.4393615500476,212926.28438771554
2018-05-10 16:00:00,16,3,0,7074,6364.0,6844.0,6597.889752077233,710.0,710.0,476.1102479227666,476.1102479227666,226680.96817707826
2018-05-10 17:00:00,17,3,1,6722,7074.0,6436.0,6507.676615924659,-352.0,352.0,214.32338407534098,214.32338407534098,45934.51296150612
2018-05-10 18:00:00,18,3,1,5110,6722.0,4768.0,4949.670445959575,-1612.0,1612.0,160.32955404042514,160.32955404042514,25705.565898801604
2018-05-10 19:00:00,19,3,1,3824,5110.0,3511.0,3644.0913269417047,-1286.0,1286.0,179.90867305829534,179.90867305829534,32367.130641596603
2018-05-10 20:00:00,20,3,0,3310,3824.0,3287.0,3276.757186679802,-514.0,514.0,33.24281332019791,33.24281332019791,1105.0846374415275
2018-05-10 21:00:00,21,3,0,2906,3310.0,2734.0,3023.3478210574212,-404.0,404.0,-117.34782105742124,117.34782105742124,13770.511106924556
2018-05-10 22:00:00,22,3,0,2014,2906.0,1736.0,2217.944650639726,-892.0,892.0,-203.9446506397262,203.9446506397262,41593.42052455997
2018-05-10 23:00:00,23,3,0,1287,2014.0,1466.0,1306.5294534537504,-727.0,727.0,-19.52945345375042,19.52945345375042,381.39955220220423
2018-05-11 00:00:00,0,4,0,660,1287.0,633.0,714.5924264789112,-627.0,627.0,-54.59242647891119,54.59242647891119,2980.333028855324
2018-05-11 01:00:00,1,4,0,379,660.0,364.0,409.78138876970695,-281.0,281.0,-30.78138876970695,30.78138876970695,947.4938945918411
2018-05-11 02:00:00,2,4,0,302,379.0,270.0,292.2162304059431,-77.0,77.0,9.783769594056878,9.783769594056878,95.72214746959189
2018-05-11 03:00:00,3,4,0,342,302.0,374.0,353.3940162810561,40.0,40.0,-11.39401628105611,11.39401628105611,129.8236070129717
2018-05-11 04:00:00,4,4,0,814,342.0,928.0,810.1060213746377,472.0,472.0,3.8939786253622515,3.8939786253622515,15.16306953477809
2018-05-11 05:00:00,5,4,0,2640,814.0,2881.0,2844.13742070609,1826.0,1826.0,-204.13742070608987,204.13742070608987,41672.086532535126
2018-05-11 06:00:00,6,4,0,5561,2640.0,5840.0,5530.802422856609,2921.0,2921.0,30.197577143390845,30.197577143390845,911.8936653310412
2018-05-11 07:00:00,7,4,1,6472,5561.0,6197.0,6384.618669909751,911.0,911.0,87.38133009024932,87.38133009024932,7635.496848341111
2018-05-11 07:00:00,7,4,1,6472,6472.0,5690.0,6456.860020502609,0.0,0.0,15.139979497391323,15.139979497391323,229.21897918142963
2018-05-11 08:00:00,8,4,1,5594,6472.0,5568.0,5888.119940934681,-878.0,878.0,-294.1199409346809,294.1199409346809,86506.5396554202
2018-05-11 09:00:00,9,4,1,5189,5594.0,4691.0,5186.083727337555,-405.0,405.0,2.916272662445408,2.916272662445408,8.504646241726428
2018-05-11 10:00:00,10,4,0,4978,5189.0,5120.0,4690.982417605399,-211.0,211.0,287.01758239460105,287.01758239460105,82379.0926036416
2018-05-11 11:00:00,11,4,0,5292,4978.0,5268.0,5092.905420123642,314.0,314.0,199.09457987635778,199.09457987635778,39638.65173614341
2018-05-11 12:00:00,12,4,0,5530,5292.0,5140.0,5344.0943985067315,238.0,238.0,185.90560149326848,185.90560149326848,34560.89266657395
2018-05-11 13:00:00,13,4,0,5323,5530.0,5599.0,5549.095304558759,-207.0,207.0,-226.09530455875938,226.09530455875938,51119.08674351816
2018-05-11 14:00:00,14,4,0,5648,5323.0,6364.0,5531.883157707261,325.0,325.0,116.11684229273942,116.11684229273942,13483.121064036917
2018-05-11 15:00:00,15,4,0,6354,5648.0,7074.0,5902.560638449952,706.0,706.0,451.4393615500476,451.4393615500476,203797.49715671458
2018-05-11 16:00:00,16,4,0,6858,6354.0,6722.0,6450.356142770865,504.0,504.0,407.6438572291354,407.6438572291354,166173.51433664773
2018-05-11 17:00:00,17,4,1,5773,6858.0,5110.0,6355.495453010425,-1085.0,1085.0,-582.4954530104251,582.4954530104251,339300.95277782035
2018-05-11 18:00:00,18,4,1,5138,5773.0,3824.0,4827.392136677879,-635.0,635.0,310.6078633221214,310.6078633221214,96477.24475753363
2018-05-11 18:00:00,18,4,1,5138,5138.0,3310.0,4882.158509050661,0.0,0.0,255.84149094933855,255.84149094933855,65454.86849118048
2018-05-11 19:00:00,19,4,1,3863,5138.0,2906.0,3806.4623080487813,-1275.0,1275.0,56.537691951218676,56.537691951218676,3196.510611170897
2018-05-11 19:00:00,19,4,1,3863,3863.0,2014.0,3406.0949424632236,0.0,0.0,456.90505753677644,456.90505753677644,208762.231602685
2018-05-11 20:00:00,20,4,0,3108,3863.0,1287.0,3285.2557081309833,-755.0,755.0,-177.2557081309833,177.2557081309833,31419.586065016338
2018-05-11 20:00:00,20,4,0,3108,3108.0,660.0,2952.3240712981333,0.0,0.0,155.67592870186672,155.67592870186672,24234.99477718869
2018-05-11 21:00:00,21,4,0,3134,3108.0,379.0,3023.2737433911916,26.0,26.0,110.7262566088084,110.7262566088084,12260.303902599686
2018-05-11 22:00:00,22,4,0,2436,3134.0,302.0,2856.7443378338025,-698.0,698.0,-420.74433783380255,420.74433783380255,177025.79781920498
2018-05-11 23:00:00,23,4,0,1740,2436.0,342.0,1750.8144068052964,-696.0,696.0,-10.814406805296358,10.814406805296358,116.95139455044017
2018-05-12 00:00:00,0,5,0,1107,1740.0,814.0,1191.5944769070795,-633.0,633.0,-84.59447690707952,84.59447690707952,7156.225523182411
2018-05-12 01:00:00,1,5,0,642,1107.0,2640.0,730.508532197868,-465.0,465.0,-88.50853219786802,88.50853219786802,7833.76027182104
2018-05-12 02:00:00,2,5,0,427,642.0,5561.0,553.0908591452754,-215.0,215.0,-126.09085914527543,126.09085914527543,15898.90475999369
2018-05-12 03:00:00,3,5,0,482,427.0,6472.0,391.1648615628118,55.0,55.0,90.83513843718822,90.83513843718822,8251.022374903148
2018-05-12 04:00:00,4,5,0,440,482.0,6472.0,453.0443586830664,-42.0,42.0,-13.044358683066378,13.044358683066378,170.1552934524892
2018-05-12 05:00:00,5,5,0,809,440.0,5594.0,801.1019926074285,369.0,369.0,7.898007392571458,7.898007392571458,62.3785207731134
2018-05-12 06:00:00,6,5,0,1428,809.0,5189.0,1400.8216527768623,619.0,619.0,27.178347223137735,27.178347223137735,738.6625577814386
2018-05-12 07:00:00,7,5,1,2113,1428.0,4978.0,2078.8228203416525,685.0,685.0,34.17717965834754,34.17717965834754,1168.079609398965
2018-05-12 08:00:00,8,5,1,3110,2113.0,5292.0,3106.5366436850572,997.0,997.0,3.4633563149427573,3.4633563149427573,11.994836964253876
2018-05-12 09:00:00,9,5,1,3792,3110.0,5530.0,3593.507454609213,682.0,682.0,198.4925453907872,198.4925453907872,39399.29057571372
2018-05-12 10:00:00,10,5,0,4455,3792.0,5323.0,4079.586735766471,663.0,663.0,375.41326423352893,375.41326423352893,140935.1189624734
2018-05-12 11:00:00,11,5,0,4818,4455.0,5648.0,4631.225637463465,363.0,363.0,186.77436253653468,186.77436253653468,34884.66250092889
2018-05-12 12:00:00,12,5,0,5167,4818.0,6354.0,4988.898901400295,349.0,349.0,178.10109859970544,178.10109859970544,31720.001322422
2018-05-12 13:00:00,13,5,0,4769,5167.0,6858.0,5271.579286451588,-398.0,398.0,-502.5792864515879,502.5792864515879,252585.93917018725
2018-05-12 14:00:00,14,5,0,4631,4769.0,5773.0,4722.743994782133,-138.0,138.0,-91.74399478213309,91.74399478213309,8416.960578584063
2018-05-12 15:00:00,15,5,0,4283,4631.0,5138.0,4700.118827721621,-348.0,348.0,-417.1188277216206,417.1188277216206,173988.11643985903
2018-05-12 16:00:00,16,5,0,4148,4283.0,5138.0,4394.862304708053,-135.0,135.0,-246.86230470805276,246.86230470805276,60940.99748577149
2018-05-12 16:00:00,16,5,0,4148,4148.0,3863.0,4276.776607339365,0.0,0.0,-128.776607339365,128.776607339365,16583.414597836996
2018-05-12 17:00:00,17,5,1,3972,4148.0,3863.0,3973.572702318338,-176.0,176.0,-1.572702318338088,1.572702318338088,2.4733925821059963
2018-05-12 17:00:00,17,5,1,3972,3972.0,3108.0,3799.964482452818,0.0,0.0,172.03551754718183,172.03551754718183,29596.219297726704
2018-05-12 18:00:00,18,5,1,3736,3972.0,3108.0,3777.6673975697777,-236.0,236.0,-41.66739756977768,41.66739756977768,1736.1720202379147
2018-05-12 19:00:00,19,5,1,3060,3736.0,3134.0,3382.2110565195685,-676.0,676.0,-322.2110565195685,322.2110565195685,103819.96494345657
2018-05-12 20:00:00,20,5,0,2718,3060.0,2436.0,2888.2509411920228,-342.0,342.0,-170.25094119202276,170.25094119202276,28985.382976769593
2018-05-12 21:00:00,21,5,0,2727,2718.0,1740.0,2747.8385460884233,9.0,9.0,-20.8385460884233,20.8385460884233,434.245003079342
2018-05-12 22:00:00,22,5,0,2527,2727.0,1107.0,2790.709839523564,-200.0,200.0,-263.7098395235639,263.7098395235639,69542.87946154384
2018-05-12 23:00:00,23,5,0,2033,2527.0,642.0,1872.9417113777295,-494.0,494.0,160.05828862227054,160.05828862227054,25618.65575669006
2018-05-13 00:00:00,0,6,0,1191,2033.0,427.0,1332.7468408297366,-842.0,842.0,-141.74684082973658,141.74684082973658,20092.166885210678
2018-05-13 01:00:00,1,6,0,756,1191.0,482.0,770.1308044567851,-435.0,435.0,-14.130804456785086,14.130804456785086,199.67963459589723
2018-05-13 02:00:00,2,6,0,622,756.0,440.0,591.9604110642923,-134.0,134.0,30.039588935707684,30.039588935707684,902.3769034262915
2018-05-13 03:00:00,3,6,0,353,622.0,809.0,396.39717360677054,-269.0,269.0,-43.39717360677054,43.39717360677054,1883.3146770561812
2018-05-13 04:00:00,4,6,0,342,353.0,1428.0,309.7089396361586,-11.0,11.0,32.29106036384138,32.29106036384138,1042.712579421248
2018-05-13 05:00:00,5,6,0,460,342.0,2113.0,522.7789106932415,118.0,118.0,-62.77891069324153,62.77891069324153,3941.1916278299955
2018-05-13 06:00:00,6,6,0,868,460.0,3110.0,791.762589228025,408.0,408.0,76.23741077197496,76.23741077197496,5812.142801214844
2018-05-13 07:00:00,7,6,1,1304,868.0,3792.0,1156.3418690564013,436.0,436.0,147.65813094359874,147.65813094359874,21802.92363375695
2018-05-13 08:00:00,8,6,1,1965,1304.0,4455.0,1997.2531860712215,661.0,661.0,-32.253186071221535,32.253186071221535,1040.2680117448388
2018-05-13 09:00:00,9,6,1,3117,1965.0,4818.0,2940.5083975656676,1152.0,1152.0,176.49160243433244,176.49160243433244,31149.28572983846
2018-05-13 10:00:00,10,6,0,3725,3117.0,5167.0,3534.9550657740765,608.0,608.0,190.0449342259235,190.0449342259235,36117.07702493559
2018-05-13 11:00:00,11,6,0,3983,3725.0,4769.0,3978.692838650579,258.0,258.0,4.3071613494212215,4.3071613494212215,18.551638889948038
2018-05-13 12:00:00,12,6,0,4088,3983.0,4631.0,4131.683235682659,105.0,105.0,-43.68323568265896,43.68323568265896,1908.225079706729
2018-05-13 13:00:00,13,6,0,4184,4088.0,4283.0,4242.180960978745,96.0,96.0,-58.180960978745134,58.180960978745134,3385.0242204102638
2018-05-13 14:00:00,14,6,0,4091,4184.0,4148.0,4302.086263027229,-93.0,93.0,-211.0862630272286,211.0862630272286,44557.41043880033
2018-05-13 15:00:00,15,6,0,4072,4091.0,4148.0,4236.059574408287,-19.0,19.0,-164.0595744082866,164.0595744082866,26915.54395502813
2018-05-13 16:00:00,16,6,0,4169,4072.0,3972.0,4234.195158652435,97.0,97.0,-65.19515865243466,65.19515865243466,4250.408711716125
2018-05-13 17:00:00,17,6,1,3827,4169.0,3972.0,3962.813003201669,-342.0,342.0,-135.81300320166883,135.81300320166883,18445.171838656508
2018-05-13 18:00:00,18,6,1,3555,3827.0,3736.0,3617.1606036953267,-272.0,272.0,-62.1606036953267,62.1606036953267,3863.9406517674634
2018-05-13 19:00:00,19,6,1,3256,3555.0,3060.0,3146.522091932323,-299.0,299.0,109.47790806767716,109.47790806767716,11985.412354874772
2018-05-13 20:00:00,20,6,0,3049,3256.0,2718.0,2824.94068666648,-207.0,207.0,224.0593133335201,224.0593133335201,50202.57589148854
2018-05-13 21:00:00,21,6,0,2586,3049.0,2727.0,2661.6563343615762,-463.0,463.0,-75.65633436157623,75.65633436157623,5723.88092903062
2018-05-13 22:00:00,22,6,0,1759,2586.0,2527.0,1922.8868649346373,-827.0,827.0,-163.8868649346373,163.8868649346373,26858.904498104046
2018-05-13 23:00:00,23,6,0,1077,1759.0,2033.0,1239.3617372280135,-682.0,682.0,-162.36173722801345,162.36173722801345,26361.33371569849
2018-05-14 00:00:00,0,0,0,598,1077.0,1191.0,602.4473594901083,-479.0,479.0,-4.447359490108283,4.447359490108283,19.77900643425621
2018-05-14 01:00:00,1,0,0,366,598.0,756.0,372.7805676807448,-232.0,232.0,-6.780567680744809,6.780567680744809,45.97609807316104
2018-05-14 02:00:00,2,0,0,243,366.0,622.0,288.22776650072393,-123.0,123.0,-45.22776650072393,45.22776650072393,2045.5508626440057
2018-05-14 03:00:00,3,0,0,308,243.0,353.0,337.5847323365468,65.0,65.0,-29.58473233654678,29.58473233654678,875.2563874251166
2018-05-14 04:00:00,4,0,0,875,308.0,342.0,793.7971390100961,567.0,567.0,81.20286098990391,81.20286098990391,6593.904632945659
2018-05-14 05:00:00,5,0,0,2816,875.0,460.0,2892.541393103712,1941.0,1941.0,-76.54139310371193,76.54139310371193,5858.58485825696
2018-05-14 06:00:00,6,0,0,5792,2816.0,868.0,5599.972395326272,2976.0,2976.0,192.0276046737281,192.0276046737281,36874.6009567296
2018-05-14 06:00:00,6,0,0,5792,5792.0,1304.0,5765.101747365139,0.0,0.0,26.89825263486091,26.89825263486091,723.5159948088019
2018-05-14 07:00:00,7,0,1,6559,5792.0,1965.0,6438.843009844983,767.0,767.0,120.15699015501741,120.15699015501741,14437.70228311295
2018-05-14 08:00:00,8,0,1,5870,6559.0,3117.0,5939.994128400556,-689.0,689.0,-69.99412840055629,69.99412840055629,4899.178010553561
2018-05-14 09:00:00,9,0,1,5052,5870.0,3725.0,5031.236723281939,-818.0,818.0,20.763276718061206,20.763276718061206,431.11366007078254
2018-05-14 10:00:00,10,0,0,4392,5052.0,3983.0,4463.200162755289,-660.0,660.0,-71.20016275528906,71.20016275528906,5069.463176379651
2018-05-14 11:00:00,11,0,0,4573,4392.0,4088.0,4545.067915158402,181.0,181.0,27.932084841598225,27.932084841598225,780.2013635982414
2018-05-14 12:00:00,12,0,0,4794,4573.0,4184.0,4788.296758407129,221.0,221.0,5.703241592870654,5.703241592870654,32.526964666649796
2018-05-14 13:00:00,13,0,0,4831,4794.0,4091.0,4920.199960489309,37.0,37.0,-89.19996048930898,89.19996048930898,7956.632951294283
2018-05-14 14:00:00,14,0,0,5025,4831.0,4072.0,5116.950662824667,194.0,194.0,-91.95066282466723,91.95066282466723,8454.92439389564
2018-05-14 15:00:00,15,0,0,5598,5025.0,4169.0,5610.950176274459,573.0,573.0,-12.950176274459409,12.950176274459409,167.70706553957137
2018-05-14 15:00:00,15,0,0,5598,5598.0,3827.0,5850.770975966976,0.0,0.0,-252.77097596697604,252.77097596697604,63893.16629129758
2018-05-14 16:00:00,16,0,0,6463,5598.0,3555.0,6345.237053466043,865.0,865.0,117.76294653395689,117.76294653395689,13868.11157635959
2018-05-14 17:00:00,17,0,1,5971,6463.0,3256.0,6149.155426665292,-492.0,492.0,-178.155426665292,178.155426665292,31739.356050292234
2018-05-14 18:00:00,18,0,1,4545,5971.0,3049.0,4370.665578046292,-1426.0,1426.0,174.33442195370844,174.33442195370844,30392.49067793366
2018-05-14 19:00:00,19,0,1,3113,4545.0,2586.0,3356.1126885476215,-1432.0,1432.0,-243.11268854762147,243.11268854762147,59103.7793328528
2018-05-14 19:00:00,19,0,1,3113,3113.0,1759.0,3031.5187298779547,0.0,0.0,81.48127012204532,81.48127012204532,6639.197380701715
2018-05-14 19:00:00,19,0,1,3113,3113.0,1077.0,3006.582857432676,0.0,0.0,106.41714256732394,106.41714256732394,11324.608232194149
2018-05-14 20:00:00,20,0,0,2681,3113.0,598.0,2752.27069468973,-432.0,432.0,-71.27069468973013,71.27069468973013,5079.511921556727
2018-05-14 20:00:00,20,0,0,2681,2681.0,366.0,2444.74726409123,0.0,0.0,236.25273590876986,236.25273590876986,55815.35522437896
2018-05-14 20:00:00,20,0,0,2681,2681.0,243.0,2444.678848423688,0.0,0.0,236.32115157631188,236.32115157631188,55847.68668235417
2018-05-14 21:00:00,21,0,0,2293,2681.0,308.0,2432.637006340398,-388.0,388.0,-139.63700634039787,139.63700634039787,19498.493539708317
2018-05-14 21:00:00,21,0,0,2293,2293.0,875.0,2169.738837798403,0.0,0.0,123.26116220159702,123.26116220159702,15193.31410728841
2018-05-14 21:00:00,21,0,0,2293,2293.0,2816.0,2170.5283965670596,0.0,0.0,122.47160343294036,122.47160343294036,14999.293647435408
2018-05-14 22:00:00,22,0,0,2107,2293.0,5792.0,1739.4727275437572,-186.0,186.0,367.5272724562428,367.5272724562428,135076.29599912534
2018-05-14 22:00:00,22,0,0,2107,2107.0,5792.0,1746.8790975137817,0.0,0.0,360.12090248621826,360.12090248621826,129687.06440748832
2018-05-14 22:00:00,22,0,0,2107,2107.0,6559.0,1753.6607820670135,0.0,0.0,353.33921793298646,353.33921793298646,124848.6029294945
2018-05-14 23:00:00,23,0,0,1022,2107.0,5870.0,1357.4084517393464,-1085.0,1085.0,-335.40845173934645,335.40845173934645,112498.8294981855
2018-05-15 00:00:00,0,1,0,555,1022.0,5052.0,556.6594574797134,-467.0,467.0,-1.65945747971341,1.65945747971341,2.7537991269767828
2018-05-15 00:00:00,0,1,0,555,555.0,4392.0,537.2529316260475,0.0,0.0,17.747068373952516,17.747068373952516,314.9584358697456
2018-05-15 00:00:00,0,1,0,555,555.0,4573.0,537.2529316260475,0.0,0.0,17.747068373952516,17.747068373952516,314.9584358697456
2018-05-15 01:00:00,1,1,0,309,555.0,4794.0,351.0212991132919,-246.0,246.0,-42.02129911329189,42.02129911329189,1765.7895791687456
2018-05-15 01:00:00,1,1,0,309,309.0,4831.0,305.6565760737582,0.0,0.0,3.343423926241826,3.343423926241826,11.178483550566307
2018-05-15 02:00:00,2,1,0,248,309.0,5025.0,271.0808297773531,-61.0,61.0,-23.080829777353074,23.080829777353074,532.7247032111484
2018-05-15 02:00:00,2,1,0,248,248.0,5598.0,271.0808297773531,0.0,0.0,-23.080829777353074,23.080829777353074,532.7247032111484
2018-05-15 03:00:00,3,1,0,349,248.0,5598.0,342.8464907407772,101.0,101.0,6.153509259222801,6.153509259222801,37.86567620334075
2018-05-15 03:00:00,3,1,0,349,349.0,6463.0,348.42025229914054,0.0,0.0,0.5797477008594569,0.5797477008594569,0.3361073966518264
2018-05-15 03:00:00,3,1,0,349,349.0,5971.0,342.7001141078911,0.0,0.0,6.299885892108875,6.299885892108875,39.688562253592444
2018-05-15 04:00:00,4,1,0,934,349.0,4545.0,820.8640385245725,585.0,585.0,113.13596147542751,113.13596147542751,12799.745778969416
2018-05-15 04:00:00,4,1,0,934,934.0,3113.0,910.1245346195584,0.0,0.0,23.875465380441597,23.875465380441597,570.0378471326652
2018-05-15 04:00:00,4,1,0,934,934.0,3113.0,910.1245346195584,0.0,0.0,23.875465380441597,23.875465380441597,570.0378471326652
2018-05-15 05:00:00,5,1,0,3020,934.0,3113.0,2892.541393103712,2086.0,2086.0,127.45860689628807,127.45860689628807,16245.696471942494
2018-05-15 05:00:00,5,1,0,3020,3020.0,2681.0,2995.2195551373234,0.0,0.0,24.78044486267663,24.78044486267663,614.0704475921567
2018-05-15 06:00:00,6,1,0,5914,3020.0,2681.0,5628.682153384384,2894.0,2894.0,285.31784661561596,285.31784661561596,81406.27359737216
2018-05-15 07:00:00,7,1,1,6264,5914.0,2681.0,6438.843009844983,350.0,350.0,-174.8430098449826,174.8430098449826,30570.07809165268
2018-05-15 08:00:00,8,1,1,5433,6264.0,2293.0,5819.4461855305235,-831.0,831.0,-386.4461855305235,386.4461855305235,149340.65431109178
2018-05-15 09:00:00,9,1,1,5399,5433.0,2293.0,5027.227353609124,-34.0,34.0,371.7726463908757,371.7726463908757,138214.90060447511
2018-05-15 10:00:00,10,1,0,4528,5399.0,2293.0,4529.654272221631,-871.0,871.0,-1.6542722216308903,1.6542722216308903,2.736616583259601
2018-05-15 11:00:00,11,1,0,4808,4528.0,2107.0,4783.810167045508,280.0,280.0,24.189832954491976,24.189832954491976,585.148018366226
2018-05-15 12:00:00,12,1,0,4967,4808.0,2107.0,5032.54593103528,159.0,159.0,-65.54593103527986,65.54593103527986,4296.269075281664
2018-05-15 13:00:00,13,1,0,5017,4967.0,2107.0,4959.34402227159,50.0,50.0,57.65597772841011,57.65597772841011,3324.2117678189225
2018-05-15 14:00:00,14,1,0,5380,5017.0,1022.0,5299.605550791708,363.0,363.0,80.39444920829192,80.39444920829192,6463.267463504629
2018-05-15 15:00:00,15,1,0,6033,5380.0,555.0,5768.547786265429,653.0,653.0,264.45221373457116,264.45221373457116,69934.9733491153
2018-05-15 16:00:00,16,1,0,6888,6033.0,555.0,6577.020795958837,855.0,855.0,310.97920404116303,310.97920404116303,96708.06534607531
2018-05-15 17:00:00,17,1,1,6548,6888.0,555.0,6417.181561779219,-340.0,340.0,130.818438220781,130.818438220781,17113.463778524292
2018-05-15 18:00:00,18,1,1,4953,6548.0,309.0,4650.694018922405,-1595.0,1595.0,302.3059810775949,302.3059810775949,91388.90619528716
2018-05-15 19:00:00,19,1,1,3602,4953.0,309.0,3345.926021770333,-1351.0,1351.0,256.07397822966686,256.07397822966686,65573.8823263679
2018-05-15 20:00:00,20,1,0,3050,3602.0,248.0,3063.671792448646,-552.0,552.0,-13.671792448646102,13.671792448646102,186.91790875885656
2018-05-15 21:00:00,21,1,0,2773,3050.0,248.0,2764.7702507488593,-277.0,277.0,8.229749251140674,8.229749251140674,67.7287727366505
2018-05-15 22:00:00,22,1,0,3335,2773.0,349.0,2151.4873870902775,562.0,562.0,1183.5126129097225,1183.5126129097225,1400702.1049163986
2018-05-15 23:00:00,23,1,0,2286,3335.0,349.0,1283.643745823038,-1049.0,1049.0,1002.356254176962,1002.356254176962,1004718.0602876705
2018-05-16 00:00:00,0,2,0,720,2286.0,349.0,801.3236572445735,-1566.0,1566.0,-81.3236572445735,81.3236572445735,6613.537227632872
2018-05-16 01:00:00,1,2,0,442,720.0,934.0,435.7974567958141,-278.0,278.0,6.202543204185872,6.202543204185872,38.471542199792346
2018-05-16 02:00:00,2,2,0,352,442.0,934.0,334.1588136497683,-90.0,90.0,17.84118635023168,17.84118635023168,318.30793038369325
2018-05-16 03:00:00,3,2,0,367,352.0,934.0,358.07536121310864,15.0,15.0,8.924638786891364,8.924638786891364,79.64917747648576
2018-05-16 04:00:00,4,2,0,895,367.0,3020.0,850.2704065182423,528.0,528.0,44.72959348175766,44.72959348175766,2000.7365330432974
2018-05-16 05:00:00,5,2,0,3014,895.0,3020.0,2892.541393103712,2119.0,2119.0,121.45860689628807,121.45860689628807,14752.193189187037
2018-05-16 06:00:00,6,2,0,5844,3014.0,5914.0,5805.867752607795,2830.0,2830.0,38.13224739220459,38.13224739220459,1454.0682911802937
2018-05-16 07:00:00,7,2,1,5988,5844.0,6264.0,6447.518043059701,144.0,144.0,-459.5180430597011,459.5180430597011,211156.8318974173
2018-05-16 08:00:00,8,2,1,5293,5988.0,5433.0,5594.2221812507105,-695.0,695.0,-301.2221812507105,301.2221812507105,90734.80247743588
2018-05-16 09:00:00,9,2,1,5122,5293.0,5399.0,5042.790350813212,-171.0,171.0,79.20964918678783,79.20964918678783,6274.1685242939975
2018-05-16 10:00:00,10,2,0,4941,5122.0,4528.0,4592.377567048172,-181.0,181.0,348.62243295182816,348.62243295182816,121537.60075725192
2018-05-16 11:00:00,11,2,0,5110,4941.0,4808.0,5084.333016481692,169.0,169.0,25.66698351830837,25.66698351830837,658.7940429291135
2018-05-16 12:00:00,12,2,0,5042,5110.0,4967.0,5193.74634971847,-68.0,68.0,-151.7463497184699,151.7463497184699,23026.95465288017
2018-05-16 13:00:00,13,2,0,4952,5042.0,5017.0,4984.347179705842,-90.0,90.0,-32.34717970584188,32.34717970584188,1046.340034922029
2018-05-16 14:00:00,14,2,0,5286,4952.0,5380.0,5224.379877885311,334.0,334.0,61.620122114689366,61.620122114689366,3797.0394494292295
2018-05-16 15:00:00,15,2,0,5871,5286.0,6033.0,5745.5753011799125,585.0,585.0,125.42469882008754,125.42469882008754,15731.35507410967
2018-05-16 16:00:00,16,2,0,6775,5871.0,6888.0,6524.0826363021715,904.0,904.0,250.91736369782848,250.91736369782848,62959.523405068336
2018-05-16 17:00:00,17,2,1,6123,6775.0,6548.0,6384.1523235273,-652.0,652.0,-261.1523235272998,261.1523235272998,68200.53608370747
2018-05-16 18:00:00,18,2,1,4717,6123.0,4953.0,4718.645029161345,-1406.0,1406.0,-1.6450291613446097,1.6450291613446097,2.70612094167415
2018-05-16 19:00:00,19,2,1,3697,4717.0,3602.0,3459.8912024449737,-1020.0,1020.0,237.10879755502629,237.10879755502629,56220.58187799044
2018-05-16 20:00:00,20,2,0,3387,3697.0,3050.0,3079.9915280176037,-310.0,310.0,307.00847198239626,307.00847198239626,94254.20186896579
2018-05-16 21:00:00,21,2,0,3187,3387.0,2773.0,3005.2333382631596,-200.0,200.0,181.76666173684043,181.76666173684043,33039.119318954974
2018-05-16 22:00:00,22,2,0,2443,3187.0,3335.0,2511.7192896469273,-744.0,744.0,-68.71928964692734,68.71928964692734,4722.340769578294
2018-05-16 23:00:00,23,2,0,2291,2443.0,2286.0,1390.1288352065815,-152.0,152.0,900.8711647934185,900.8711647934185,811568.8555562507
2018-05-17 00:00:00,0,3,0,684,2291.0,720.0,827.7318509297257,-1607.0,1607.0,-143.73185092972574,143.73185092972574,20658.844971684903
2018-05-17 01:00:00,1,3,0,495,684.0,442.0,427.23159134735556,-189.0,189.0,67.76840865264444,67.76840865264444,4592.557211311813
2018-05-17 02:00:00,2,3,0,294,495.0,352.0,339.38245986847136,-201.0,201.0,-45.38245986847136,45.38245986847136,2059.5676637134134
2018-05-17 03:00:00,3,3,0,364,294.0,367.0,353.2775105317414,70.0,70.0,10.722489468258573,10.722489468258573,114.971780396916
2018-05-17 04:00:00,4,3,0,929,364.0,895.0,849.2161931018939,565.0,565.0,79.78380689810615,79.78380689810615,6365.45584315429
2018-05-17 05:00:00,5,3,0,2935,929.0,3014.0,2892.541393103712,2006.0,2006.0,42.458606896288074,42.458606896288074,1802.7332995735212
2018-05-17 06:00:00,6,3,0,5846,2935.0,5844.0,5798.1838139204665,2911.0,2911.0,47.81618607953351,47.81618607953351,2286.387651192574
2018-05-17 07:00:00,7,3,1,6323,5846.0,5988.0,6440.969758752701,477.0,477.0,-117.96975875270073,117.96975875270073,13916.86398017041
2018-05-17 08:00:00,8,3,1,5494,6323.0,5293.0,5854.044259652669,-829.0,829.0,-360.0442596526691,360.0442596526691,129631.8689088386
2018-05-17 09:00:00,9,3,1,5299,5494.0,5122.0,5155.149867736032,-195.0,195.0,143.85013226396768,143.85013226396768,20692.860552360995
2018-05-17 10:00:00,10,3,0,4444,5299.0,4941.0,4623.777121311772,-855.0,855.0,-179.77712131177213,179.77712131177213,32319.813347147636
2018-05-17 11:00:00,11,3,0,4913,4444.0,5110.0,4723.965511593374,469.0,469.0,189.03448840662622,189.03448840662622,35734.037807154906
2018-05-17 12:00:00,12,3,0,5120,4913.0,5042.0,5076.048152530688,207.0,207.0,43.95184746931227,43.95184746931227,1931.7648959656913
2018-05-17 13:00:00,13,3,0,5096,5120.0,4952.0,5137.128034981986,-24.0,24.0,-41.128034981986275,41.128034981986275,1691.5152614794868
2018-05-17 14:00:00,14,3,0,5480,5096.0,5286.0,5329.511103354413,384.0,384.0,150.48889664558737,150.48889664558737,22646.90801360628
2018-05-17 15:00:00,15,3,0,6289,5480.0,5871.0,5873.24044143287,809.0,809.0,415.7595585671297,415.7595585671297,172856.01053993456
2018-05-17 16:00:00,16,3,0,6594,6289.0,6775.0,6557.166120230624,305.0,305.0,36.833879769375926,36.833879769375926,1356.7346988648412
2018-05-17 17:00:00,17,3,1,6171,6594.0,6123.0,6165.662075503153,-423.0,423.0,5.337924496847336,5.337924496847336,28.493437934042884
2018-05-17 18:00:00,18,3,1,4989,6171.0,4717.0,4791.890990816196,-1182.0,1182.0,197.10900918380412,197.10900918380412,38851.96150142098
2018-05-17 19:00:00,19,3,1,3647,4989.0,3697.0,3635.4780022880377,-1342.0,1342.0,11.521997711962285,11.521997711962285,132.75643127446415
2018-05-17 20:00:00,20,3,0,3400,3647.0,3387.0,3178.458947193912,-247.0,247.0,221.54105280608792,221.54105280608792,49080.438078429834
2018-05-17 21:00:00,21,3,0,3238,3400.0,3187.0,3129.694173986567,-162.0,162.0,108.30582601343303,108.30582601343303,11730.151948452027
2018-05-17 22:00:00,22,3,0,2677,3238.0,2443.0,2747.201074145934,-561.0,561.0,-70.20107414593394,70.20107414593394,4928.1908112429155
2018-05-17 23:00:00,23,3,0,1852,2677.0,2291.0,1514.2203618010462,-825.0,825.0,337.77963819895376,337.77963819895376,114095.0839818161
2018-05-18 00:00:00,0,4,0,736,1852.0,684.0,849.911759811594,-1116.0,1116.0,-113.91175981159404,113.91175981159404,12975.889023374291
2018-05-18 01:00:00,1,4,0,453,736.0,495.0,443.18669691353176,-283.0,283.0,9.813303086468238,9.813303086468238,96.30091746688706
2018-05-18 02:00:00,2,4,0,365,453.0,294.0,339.32834392457016,-88.0,88.0,25.671656075429837,25.671656075429837,659.0339256551537
2018-05-18 03:00:00,3,4,0,351,365.0,364.0,373.97109881338895,-14.0,14.0,-22.97109881338895,22.97109881338895,527.6713806944791
2018-05-18 04:00:00,4,4,0,846,351.0,929.0,813.6815344071006,495.0,495.0,32.31846559289943,32.31846559289943,1044.4832182794241
2018-05-18 05:00:00,5,4,0,2786,846.0,2935.0,2855.212421305396,1940.0,1940.0,-69.21242130539622,69.21242130539622,4790.359262955664
2018-05-18 06:00:00,6,4,0,5552,2786.0,5846.0,5607.691135456788,2766.0,2766.0,-55.69113545678829,55.69113545678829,3101.5025684663415
2018-05-18 07:00:00,7,4,1,6583,5552.0,6323.0,6376.9511560532255,1031.0,1031.0,206.04884394677447,206.04884394677447,42456.126091802216
2018-05-18 08:00:00,8,4,1,5321,6583.0,5494.0,5887.336757081744,-1262.0,1262.0,-566.3367570817436,566.3367570817436,320737.3224218659
2018-05-18 09:00:00,9,4,1,4984,5321.0,5299.0,5065.44431083346,-337.0,337.0,-81.4443108334599,81.4443108334599,6633.1757671372325
2018-05-18 10:00:00,10,4,0,4736,4984.0,4444.0,4674.816404238377,-248.0,248.0,61.18359576162311,61.18359576162311,3743.4323903217055
2018-05-18 11:00:00,11,4,0,5133,4736.0,4913.0,4894.609774391263,397.0,397.0,238.39022560873673,238.39022560873673,56829.899665784396
2018-05-18 12:00:00,12,4,0,5337,5133.0,5120.0,5291.405084774601,204.0,204.0,45.594915225398836,45.594915225398836,2078.8962944113064
2018-05-18 13:00:00,13,4,0,5316,5337.0,5096.0,5310.928903509605,-21.0,21.0,5.071096490394666,5.071096490394666,25.7160196148931
2018-05-18 14:00:00,14,4,0,5810,5316.0,5480.0,5529.051071278447,494.0,494.0,280.9489287215529,280.9489287215529,78932.3005497882
2018-05-18 15:00:00,15,4,0,6400,5810.0,6289.0,5909.402943074425,590.0,590.0,490.5970569255751,490.5970569255751,240685.47226403595
2018-05-18 16:00:00,16,4,0,6496,6400.0,6594.0,6425.9707374531345,96.0,96.0,70.02926254686554,70.02926254686554,4904.097612857824
2018-05-18 17:00:00,17,4,1,6197,6496.0,6171.0,6024.51408904833,-299.0,299.0,172.48591095167012,172.48591095167012,29751.389476827473
2018-05-18 18:00:00,18,4,1,5241,6197.0,4989.0,4937.808971275461,-956.0,956.0,303.19102872453914,303.19102872453914,91924.79989904432
2018-05-18 19:00:00,19,4,1,3850,5241.0,3647.0,3875.5669142439237,-1391.0,1391.0,-25.566914243923748,25.566914243923748,653.667103956151
2018-05-18 20:00:00,20,4,0,3441,3850.0,3400.0,3284.9747441693153,-409.0,409.0,156.02525583068473,156.02525583068473,24343.88045703062
2018-05-18 21:00:00,21,4,0,3196,3441.0,3238.0,3224.931303671018,-245.0,245.0,-28.931303671018213,28.931303671018213,837.020332104672
2018-05-18 22:00:00,22,4,0,2728,3196.0,2677.0,2881.131898743113,-468.0,468.0,-153.1318987431132,153.1318987431132,23449.378412671074
2018-05-18 22:00:00,22,4,0,2728,2728.0,1852.0,2685.2983623612595,0.0,0.0,42.70163763874052,42.70163763874052,1823.4298570303013
2018-05-18 23:00:00,23,4,0,1797,2728.0,736.0,2013.3441167755084,-931.0,931.0,-216.34411677550838,216.34411677550838,46804.776863374806
2018-05-19 00:00:00,0,5,0,1420,1797.0,453.0,1184.5527804349588,-377.0,377.0,235.44721956504122,235.44721956504122,55435.39320090873
2018-05-19 01:00:00,1,5,0,855,1420.0,365.0,889.8597809312673,-565.0,565.0,-34.85978093126732,34.85978093126732,1215.204326575949
2018-05-19 02:00:00,2,5,0,639,855.0,351.0,675.4928385879616,-216.0,216.0,-36.492838587961614,36.492838587961614,1331.7272682070202
2018-05-19 03:00:00,3,5,0,494,639.0,846.0,414.7307466366926,-145.0,145.0,79.26925336330743,79.26925336330743,6283.614528776226
2018-05-19 04:00:00,4,5,0,477,494.0,2786.0,502.2795959105249,-17.0,17.0,-25.279595910524904,25.279595910524904,639.0579693994274
2018-05-19 05:00:00,5,5,0,806,477.0,5552.0,811.5006670312981,329.0,329.0,-5.500667031298121,5.500667031298121,30.257337789210087
2018-05-19 06:00:00,6,5,0,1430,806.0,6583.0,1402.3040477058964,624.0,624.0,27.695952294103563,27.695952294103563,767.0657734772604
2018-05-19 07:00:00,7,5,1,2062,1430.0,5321.0,2083.132089025308,632.0,632.0,-21.132089025307778,21.132089025307778,446.5651865735334
2018-05-19 08:00:00,8,5,1,3277,2062.0,4984.0,3099.099562253734,1215.0,1215.0,177.9004377462661,177.9004377462661,31648.565750313104
2018-05-19 09:00:00,9,5,1,3569,3277.0,4736.0,3649.313167947741,292.0,292.0,-80.31316794774102,80.31316794774102,6450.204945802056
2018-05-19 09:00:00,9,5,1,3569,3569.0,5133.0,3863.0897209941754,0.0,0.0,-294.0897209941754,294.0897209941754,86488.76399443194
2018-05-19 10:00:00,10,5,0,3857,3569.0,5337.0,3885.3313986777557,288.0,288.0,-28.331398677755715,28.331398677755715,802.6681510379383
2018-05-19 10:00:00,10,5,0,3857,3857.0,5316.0,4092.979891794663,0.0,0.0,-235.97989179466322,235.97989179466322,55686.50933142096
2018-05-19 11:00:00,11,5,0,4112,3857.0,5810.0,4105.748453711361,255.0,255.0,6.251546288638565,6.251546288638565,39.08183099899061
2018-05-19 12:00:00,12,5,0,4259,4112.0,6400.0,4309.098250102082,147.0,147.0,-50.09825010208169,50.09825010208169,2509.8346632907283
2018-05-19 13:00:00,13,5,0,4542,4259.0,6496.0,4406.3503114339655,283.0,283.0,135.64968856603446,135.64968856603446,18400.83800806214
2018-05-19 14:00:00,14,5,0,4802,4542.0,6197.0,4629.751143539808,260.0,260.0,172.24885646019175,172.24885646019175,29669.66855184374
2018-05-19 15:00:00,15,5,0,4598,4802.0,5241.0,4759.50445860114,-204.0,204.0,-161.50445860113996,161.50445860113996,26083.69014804733
2018-05-19 16:00:00,16,5,0,4398,4598.0,3850.0,4678.576262527664,-200.0,200.0,-280.57626252766386,280.57626252766386,78723.03909399256
2018-05-19 17:00:00,17,5,1,4133,4398.0,3441.0,4142.201805273964,-265.0,265.0,-9.201805273964055,9.201805273964055,84.6732202999527
2018-05-19 18:00:00,18,5,1,3640,4133.0,3196.0,3893.8560588687383,-493.0,493.0,-253.85605886873827,253.85605886873827,64442.89862436831
2018-05-19 19:00:00,19,5,1,2979,3640.0,2728.0,3303.998954121718,-661.0,661.0,-324.9989541217178,324.9989541217178,105624.32018021044
2018-05-19 20:00:00,20,5,0,2706,2979.0,2728.0,2856.4531324351447,-273.0,273.0,-150.45313243514465,150.45313243514465,22636.145059547176
2018-05-19 21:00:00,21,5,0,2705,2706.0,1797.0,2736.924219361947,-1.0,1.0,-31.924219361947053,31.924219361947053,1019.155781869715
2018-05-19 22:00:00,22,5,0,2714,2705.0,1420.0,2695.1567692222147,9.0,9.0,18.843230777785266,18.843230777785266,355.0673461448739
2018-05-19 23:00:00,23,5,0,2047,2714.0,855.0,2061.7674489105457,-667.0,667.0,-14.767448910545681,14.767448910545681,218.07754732557683
2018-05-20 00:00:00,0,6,0,1216,2047.0,639.0,1340.9488339171085,-831.0,831.0,-124.94883391710846,124.94883391710846,15612.211097245154
2018-05-20 01:00:00,1,6,0,761,1216.0,494.0,790.4600397870837,-455.0,455.0,-29.4600397870837,29.4600397870837,867.8939442565547
2018-05-20 02:00:00,2,6,0,525,761.0,477.0,591.9838235065062,-236.0,236.0,-66.98382350650616,66.98382350650616,4486.832611550766
2018-05-20 03:00:00,3,6,0,324,525.0,806.0,379.5824947521017,-201.0,201.0,-55.582494752101695,55.582494752101695,3089.4137228674126
2018-05-20 04:00:00,4,6,0,273,324.0,1430.0,280.5240664139088,-51.0,51.0,-7.524066413908827,7.524066413908827,56.61157540091083
2018-05-20 05:00:00,5,6,0,433,273.0,2062.0,461.12373883467046,160.0,160.0,-28.123738834670462,28.123738834670462,790.9446860407514
2018-05-20 06:00:00,6,6,0,850,433.0,3277.0,785.6456042976183,417.0,417.0,64.35439570238168,64.35439570238168,4141.4882462187215
2018-05-20 07:00:00,7,6,1,1242,850.0,3569.0,1149.136084283288,392.0,392.0,92.86391571671197,92.86391571671197,8623.706842240585
2018-05-20 08:00:00,8,6,1,1829,1242.0,3569.0,1936.6176967894366,587.0,587.0,-107.61769678943665,107.61769678943665,11581.568662263124
2018-05-20 09:00:00,9,6,1,2638,1829.0,3857.0,2487.8000058637017,809.0,809.0,150.1999941362983,150.1999941362983,22560.038238544043
2018-05-20 10:00:00,10,6,0,3501,2638.0,3857.0,3274.0750903532276,863.0,863.0,226.92490964677245,226.92490964677245,51494.91461819584
2018-05-20 11:00:00,11,6,0,4300,3501.0,4112.0,3783.82258299719,799.0,799.0,516.1774170028102,516.1774170028102,266439.125823693
2018-05-20 12:00:00,12,6,0,4661,4300.0,4259.0,4404.761594972878,361.0,361.0,256.2384050271221,256.2384050271221,65658.12021084347
2018-05-20 13:00:00,13,6,0,3956,4661.0,4542.0,4706.610416021482,-705.0,705.0,-750.6104160214818,750.6104160214818,563415.9966399419
2018-05-20 14:00:00,14,6,0,3932,3956.0,4802.0,4088.697866695856,-24.0,24.0,-156.6978666958562,156.6978666958562,24554.221427032317
2018-05-20 15:00:00,15,6,0,3920,3932.0,4598.0,4050.0274685847967,-12.0,12.0,-130.02746858479668,130.02746858479668,16907.142586570288
2018-05-20 16:00:00,16,6,0,3938,3920.0,4398.0,4018.908001586138,18.0,18.0,-80.9080015861382,80.9080015861382,6546.104720662541
2018-05-20 17:00:00,17,6,1,3768,3938.0,4133.0,3745.9051265196845,-170.0,170.0,22.094873480315528,22.094873480315528,488.1834341111504
2018-05-20 18:00:00,18,6,1,3378,3768.0,3640.0,3567.77902547532,-390.0,390.0,-189.77902547531994,189.77902547531994,36016.07851036214
2018-05-20 19:00:00,19,6,1,2842,3378.0,2979.0,2997.54724224679,-536.0,536.0,-155.54724224679012,155.54724224679012,24194.94457058161
2018-05-20 20:00:00,20,6,0,2692,2842.0,2706.0,2465.957584964771,-150.0,150.0,226.04241503522917,226.04241503522917,51095.1733949588
2018-05-20 21:00:00,21,6,0,2194,2692.0,2705.0,2392.7659158303045,-498.0,498.0,-198.7659158303045,198.7659158303045,39507.88929585969
2018-05-20 22:00:00,22,6,0,1696,2194.0,2714.0,1720.12404575534,-498.0,498.0,-24.12404575533992,24.12404575533992,581.9695836057341
2018-05-20 23:00:00,23,6,0,1107,1696.0,2047.0,1196.404706410618,-589.0,589.0,-89.40470641061802,89.40470641061802,7993.201528368802
2018-05-21 00:00:00,0,0,0,652,1107.0,1216.0,621.5307423946587,-455.0,455.0,30.46925760534134,30.46925760534134,928.3756590206511
2018-05-21 01:00:00,1,0,0,350,652.0,761.0,408.9161447430255,-302.0,302.0,-58.916144743025484,58.916144743025484,3471.1121113811296
2018-05-21 02:00:00,2,0,0,321,350.0,525.0,280.72896804678885,-29.0,29.0,40.27103195321115,40.27103195321115,1621.7560145765535
2018-05-21 03:00:00,3,0,0,333,321.0,324.0,337.74499653324676,12.0,12.0,-4.744996533246763,4.744996533246763,22.5149921005238
2018-05-21 04:00:00,4,0,0,860,333.0,273.0,818.3353630839051,527.0,527.0,41.66463691609488,41.66463691609488,1735.941969350016
2018-05-21 05:00:00,5,0,0,2796,860.0,433.0,2860.283384506422,1936.0,1936.0,-64.28338450642195,64.28338450642195,4132.35352360049
2018-05-21 06:00:00,6,0,0,5721,2796.0,850.0,5585.0031262682305,2925.0,2925.0,135.99687373176948,135.99687373176948,18495.149664814853
2018-05-21 07:00:00,7,0,1,6799,5721.0,1242.0,6415.997255226461,1078.0,1078.0,383.00274477353923,383.00274477353923,146691.10250406482
2018-05-21 07:00:00,7,0,1,6799,6799.0,1829.0,6478.688198802235,0.0,0.0,320.3118011977649,320.3118011977649,102599.64998655647
2018-05-21 08:00:00,8,0,1,5726,6799.0,2638.0,5984.852018867003,-1073.0,1073.0,-258.8520188670027,258.8520188670027,67004.36767152313
2018-05-21 08:00:00,8,0,1,5726,5726.0,3501.0,5572.708298784149,0.0,0.0,153.2917012158514,153.2917012158514,23498.345661649855
2018-05-21 09:00:00,9,0,1,4865,5726.0,4300.0,5057.296349341251,-861.0,861.0,-192.2963493412508,192.2963493412508,36977.88596997236
2018-05-21 10:00:00,10,0,0,4254,4865.0,4661.0,4530.106533640691,-611.0,611.0,-276.10653364069094,276.10653364069094,76234.81791907799
2018-05-21 11:00:00,11,0,0,4454,4254.0,3956.0,4478.132575268678,200.0,200.0,-24.13257526867801,24.13257526867801,582.3811890984095
2018-05-21 12:00:00,12,0,0,4810,4454.0,3932.0,4724.407784514124,356.0,356.0,85.5922154858763,85.5922154858763,7326.027351780682
2018-05-21 13:00:00,13,0,0,2040,4810.0,3920.0,4941.647930692714,-2770.0,2770.0,-2901.647930692714,2901.647930692714,8419560.71369331
2018-05-21 14:00:00,14,0,0,4224,2040.0,3938.0,2961.555351205161,2184.0,2184.0,1262.444648794839,1262.444648794839,1593766.4912707242
2018-05-21 15:00:00,15,0,0,5895,4224.0,3768.0,4426.426642761682,1671.0,1671.0,1468.5733572383178,1468.5733572383178,2156707.705590224
2018-05-21 16:00:00,16,0,0,6968,5895.0,3378.0,6558.760558118785,1073.0,1073.0,409.2394418812146,409.2394418812146,167476.920791248
2018-05-21 17:00:00,17,0,1,6134,6968.0,2842.0,6428.865971704917,-834.0,834.0,-294.8659717049168,294.8659717049168,86945.94126948479
2018-05-21 18:00:00,18,0,1,4586,6134.0,2692.0,4440.090497939,-1548.0,1548.0,145.90950206100024,145.90950206100024,21289.582791689034
2018-05-21 19:00:00,19,0,1,3249,4586.0,2194.0,3364.176966452102,-1337.0,1337.0,-115.17696645210208,115.17696645210208,13265.733601108648
2018-05-21 20:00:00,20,0,0,2699,3249.0,1696.0,2838.4724015779793,-550.0,550.0,-139.47240157797933,139.47240157797933,19452.55080192913
2018-05-21 21:00:00,21,0,0,2318,2699.0,1107.0,2467.7612900203094,-381.0,381.0,-149.7612900203094,149.7612900203094,22428.44398854722
2018-05-21 22:00:00,22,0,0,1668,2318.0,652.0,1685.7197772851114,-650.0,650.0,-17.719777285111377,17.719777285111377,313.99050703394914
2018-05-21 23:00:00,23,0,0,1060,1668.0,350.0,1160.15675961176,-608.0,608.0,-100.15675961175998,100.15675961175998,10031.376495927876
2018-05-22 00:00:00,0,1,0,554,1060.0,321.0,599.5534975957074,-506.0,506.0,-45.55349759570743,45.55349759570743,2075.1211432021223
2018-05-22 01:00:00,1,1,0,333,554.0,333.0,348.9632257382924,-221.0,221.0,-15.963225738292408,15.963225738292408,254.82457597168118
2018-05-22 02:00:00,2,1,0,249,333.0,860.0,271.94150620311103,-84.0,84.0,-22.941506203111032,22.941506203111032,526.312706867382
2018-05-22 03:00:00,3,1,0,337,249.0,2796.0,352.438121417559,88.0,88.0,-15.438121417558989,15.438121417558989,238.33559290329356
2018-05-22 04:00:00,4,1,0,886,337.0,5721.0,849.6354404635085,549.0,549.0,36.36455953649147,36.36455953649147,1322.3811902830328
2018-05-22 05:00:00,5,1,0,3026,886.0,6799.0,2892.541393103712,2140.0,2140.0,133.45860689628807,133.45860689628807,17811.19975469795
2018-05-22 05:00:00,5,1,0,3026,3026.0,6799.0,3011.9838061311248,0.0,0.0,14.016193868875234,14.016193868875234,196.4536905698957
2018-05-22 06:00:00,6,1,0,5875,3026.0,5726.0,5802.4871822817695,2849.0,2849.0,72.51281771823051,72.51281771823051,5258.108733437324
2018-05-22 06:00:00,6,1,0,5875,5875.0,5726.0,5767.127672610238,0.0,0.0,107.87232738976218,107.87232738976218,11636.439016484035
2018-05-22 07:00:00,7,1,1,6019,5875.0,4865.0,6441.363961848072,144.0,144.0,-422.363961848072,422.363961848072,178391.31626799962
2018-05-22 08:00:00,8,1,1,5752,6019.0,4254.0,5719.9888541150585,-267.0,267.0,32.01114588494147,32.01114588494147,1024.7134608670053
2018-05-22 09:00:00,9,1,1,5085,5752.0,4454.0,5184.925059158736,-667.0,667.0,-99.92505915873608,99.92505915873608,9985.017447876904
2018-05-22 10:00:00,10,1,0,4450,5085.0,4810.0,4553.941291697996,-635.0,635.0,-103.94129169799635,103.94129169799635,10803.792119847965
2018-05-22 11:00:00,11,1,0,4631,4450.0,2040.0,4724.407784514124,181.0,181.0,-93.4077845141237,93.4077845141237,8725.014207836968
2018-05-22 12:00:00,12,1,0,4760,4631.0,4224.0,4865.81154279814,129.0,129.0,-105.81154279814018,105.81154279814018,11196.082589322652
2018-05-22 13:00:00,13,1,0,4840,4760.0,5895.0,4896.508882770451,80.0,80.0,-56.50888277045124,56.50888277045124,3193.2538319646005
2018-05-22 14:00:00,14,1,0,5197,4840.0,6968.0,5147.511798278939,357.0,357.0,49.48820172106116,49.48820172106116,2449.082109584441
2018-05-22 15:00:00,15,1,0,5901,5197.0,6134.0,5741.046066979624,704.0,704.0,159.9539330203761,159.9539330203761,25585.26068868696
2018-05-22 16:00:00,16,1,0,6907,5901.0,4586.0,6453.361992922384,1006.0,1006.0,453.63800707761584,453.63800707761584,205787.44146535103
2018-05-22 17:00:00,17,1,1,6371,6907.0,3249.0,6421.244795970767,-536.0,536.0,-50.24479597076697,50.24479597076697,2524.539522144001
2018-05-22 18:00:00,18,1,1,4649,6371.0,2699.0,4668.300529758682,-1722.0,1722.0,-19.300529758682387,19.300529758682387,372.5104489657844
2018-05-22 19:00:00,19,1,1,3367,4649.0,2318.0,3414.854933994766,-1282.0,1282.0,-47.854933994765815,47.854933994765815,2290.0947076433927
2018-05-22 20:00:00,20,1,0,3028,3367.0,1668.0,2972.253556687426,-339.0,339.0,55.746443312573774,55.746443312573774,3107.6659420020014
2018-05-22 21:00:00,21,1,0,3047,3028.0,1060.0,2771.9976474765554,19.0,19.0,275.00235252344464,275.00235252344464,75626.29389342893
2018-05-22 22:00:00,22,1,0,1953,3047.0,554.0,2519.2811652301893,-1094.0,1094.0,-566.2811652301893,566.2811652301893,320674.35809446103
2018-05-22 23:00:00,23,1,0,1084,1953.0,333.0,1309.9012466834674,-869.0,869.0,-225.90124668346743,225.90124668346743,51031.373253144804
2018-05-23 00:00:00,0,2,0,599,1084.0,249.0,638.6065518334159,-485.0,485.0,-39.60655183341589,39.60655183341589,1568.6789481330597
2018-05-23 01:00:00,1,2,0,363,599.0,337.0,371.01901842949474,-236.0,236.0,-8.019018429494736,8.019018429494736,64.30465657257622
2018-05-23 02:00:00,2,2,0,303,363.0,886.0,288.22776650072393,-60.0,60.0,14.77223349927607,14.77223349927607,218.2188825571341
2018-05-23 03:00:00,3,2,0,349,303.0,3026.0,353.3940162810561,46.0,46.0,-4.3940162810561105,4.3940162810561105,19.307379078186173
2018-05-23 04:00:00,4,2,0,919,349.0,3026.0,850.0034478135484,570.0,570.0,68.9965521864516,68.9965521864516,4760.5242136177385
2018-05-23 05:00:00,5,2,0,2989,919.0,5875.0,2892.541393103712,2070.0,2070.0,96.45860689628807,96.45860689628807,9304.262844372633
2018-05-23 06:00:00,6,2,0,5979,2989.0,5875.0,5845.913197886919,2990.0,2990.0,133.08680211308092,133.08680211308092,17712.096896686362
2018-05-23 07:00:00,7,2,1,6641,5979.0,6019.0,6447.868817999879,662.0,662.0,193.13118200012104,193.13118200012104,37299.653460763875
2018-05-23 07:00:00,7,2,1,6641,6641.0,5752.0,6476.499015370839,0.0,0.0,164.5009846291614,164.5009846291614,27060.573943963595
2018-05-23 08:00:00,8,2,1,5557,6641.0,5085.0,5996.464718399724,-1084.0,1084.0,-439.464718399724,439.464718399724,193129.23871814873
2018-05-23 09:00:00,9,2,1,5217,5557.0,4450.0,5186.083727337555,-340.0,340.0,30.916272662445408,30.916272662445408,955.8159153386692
2018-05-23 10:00:00,10,2,0,4728,5217.0,4631.0,4593.707490992263,-489.0,489.0,134.29250900773695,134.29250900773695,18034.477975593112
2018-05-23 11:00:00,11,2,0,4956,4728.0,4760.0,4894.609774391263,228.0,228.0,61.39022560873673,61.39022560873673,3768.7598002915947
2018-05-23 12:00:00,12,2,0,4760,4956.0,4840.0,5086.8475863958,-196.0,196.0,-326.84758639580014,326.84758639580014,106829.34473276003
2018-05-23 13:00:00,13,2,0,4912,4760.0,5197.0,4896.508882770451,152.0,152.0,15.491117229548763,15.491117229548763,239.97471301962256
2018-05-23 14:00:00,14,2,0,5221,4912.0,5901.0,5188.213599404444,309.0,309.0,32.78640059555619,32.78640059555619,1074.9480640122872
2018-05-23 15:00:00,15,2,0,5959,5221.0,6907.0,5746.720066366527,738.0,738.0,212.27993363347287,212.27993363347287,45062.770223431646
2018-05-23 16:00:00,16,2,0,6897,5959.0,6371.0,6582.751861562807,938.0,938.0,314.2481384371931,314.2481384371931,98751.8925112413
2018-05-23 17:00:00,17,2,1,6228,6897.0,4649.0,6421.244795970767,-669.0,669.0,-193.24479597076697,193.24479597076697,37343.55116978336
2018-05-23 18:00:00,18,2,1,4632,6228.0,3367.0,4667.572068770277,-1596.0,1596.0,-35.57206877027693,35.57206877027693,1265.3720765973112
2018-05-23 19:00:00,19,2,1,3359,4632.0,3028.0,3452.1323941665537,-1273.0,1273.0,-93.1323941665537,93.1323941665537,8673.642843194324
2018-05-23 20:00:00,20,2,0,2993,3359.0,3047.0,2982.3415571062405,-366.0,366.0,10.658442893759457,10.658442893759457,113.60240491953147
2018-05-23 21:00:00,21,2,0,2888,2993.0,1953.0,2745.4731100697645,-105.0,105.0,142.52688993023548,142.52688993023548,20313.91435318546
2018-05-23 22:00:00,22,2,0,2028,2888.0,1084.0,2121.3308629288153,-860.0,860.0,-93.33086292881535,93.33086292881535,8710.649975037319
2018-05-23 23:00:00,23,2,0,1215,2028.0,599.0,1343.690316575853,-813.0,813.0,-128.6903165758531,128.6903165758531,16561.19758039329
2018-05-24 00:00:00,0,3,0,628,1215.0,363.0,682.368660031151,-587.0,587.0,-54.36866003115097,54.36866003115097,2955.9511935828727
2018-05-24 01:00:00,1,3,0,356,628.0,303.0,392.38425056962194,-272.0,272.0,-36.38425056962194,36.38425056962194,1323.8136895130344
2018-05-24 02:00:00,2,3,0,261,356.0,349.0,281.27136222100916,-95.0,95.0,-20.271362221009156,20.271362221009156,410.92812629535723
2018-05-24 03:00:00,3,3,0,363,261.0,919.0,353.1596581347322,102.0,102.0,9.840341865267817,9.840341865267817,96.8323280253425
2018-05-24 04:00:00,4,3,0,883,363.0,2989.0,849.6609704850882,520.0,520.0,33.33902951491177,33.33902951491177,1111.4908889961582
2018-05-24 05:00:00,5,3,0,3012,883.0,5979.0,2892.541393103712,2129.0,2129.0,119.45860689628807,119.45860689628807,14270.358761601885
2018-05-24 06:00:00,6,3,0,5763,3012.0,6641.0,5825.9819586300755,2751.0,2751.0,-62.981958630075496,62.981958630075496,3966.7271128805414
2018-05-24 07:00:00,7,3,1,6298,5763.0,6641.0,6457.351517697639,535.0,535.0,-159.35151769763888,159.35151769763888,25392.90619254092
2018-05-24 08:00:00,8,3,1,5695,6298.0,5557.0,5872.725303659308,-603.0,603.0,-177.72530365930834,177.72530365930834,31586.28356079336
2018-05-24 09:00:00,9,3,1,5232,5695.0,5217.0,5184.925059158736,-463.0,463.0,47.074940841263924,47.074940841263924,2216.050055208498
2018-05-24 10:00:00,10,3,0,4532,5232.0,4728.0,4619.070727471391,-700.0,700.0,-87.07072747139136,87.07072747139136,7581.311582397307
2018-05-24 11:00:00,11,3,0,4923,4532.0,4956.0,4783.810167045508,391.0,391.0,139.18983295449198,139.18983295449198,19373.80959789938
2018-05-24 12:00:00,12,3,0,4969,4923.0,4760.0,5086.601898381423,46.0,46.0,-117.60189838142287,117.60189838142287,13830.20650291451
2018-05-24 13:00:00,13,3,0,5036,4969.0,4912.0,4969.693749539547,67.0,67.0,66.30625046045316,66.30625046045316,4396.518850124345
2018-05-24 14:00:00,14,3,0,5414,5036.0,5221.0,5313.876158321954,378.0,378.0,100.12384167804612,100.12384167804612,10024.783672370446
2018-05-24 15:00:00,15,3,0,6184,5414.0,5959.0,5830.465721696853,770.0,770.0,353.5342783031474,353.5342783031474,124986.48593532728
2018-05-24 16:00:00,16,3,0,6193,6184.0,6897.0,6598.5629870355115,9.0,9.0,-405.56298703551147,405.56298703551147,164481.33645316644
2018-05-24 17:00:00,17,3,1,6107,6193.0,6228.0,5909.243088218563,-86.0,86.0,197.75691178143734,197.75691178143734,39107.79615733119
2018-05-24 18:00:00,18,3,1,4787,6107.0,4632.0,4726.462938475249,-1320.0,1320.0,60.53706152475115,60.53706152475115,3664.735818051506
2018-05-24 19:00:00,19,3,1,3746,4787.0,3359.0,3576.3044532869762,-1041.0,1041.0,169.69554671302376,169.69554671302376,28796.57857423203
2018-05-24 20:00:00,20,3,0,2938,3746.0,2993.0,3268.567382301795,-808.0,808.0,-330.5673823017951,330.5673823017951,109274.79424186113
2018-05-24 20:00:00,20,3,0,2938,2938.0,2888.0,2863.509834917795,0.0,0.0,74.49016508220484,74.49016508220484,5548.784693974129
2018-05-24 20:00:00,20,3,0,2938,2938.0,2028.0,2861.483503965717,0.0,0.0,76.51649603428314,76.51649603428314,5854.774165364467
2018-05-24 21:00:00,21,3,0,2626,2938.0,1215.0,2919.7194433589043,-312.0,312.0,-293.7194433589043,293.7194433589043,86271.11140706459
2018-05-24 21:00:00,21,3,0,2626,2626.0,628.0,2638.2674591938166,0.0,0.0,-12.267459193816649,12.267459193816649,150.4905550719566
2018-05-24 21:00:00,21,3,0,2626,2626.0,356.0,2642.809962937038,0.0,0.0,-16.809962937038108,16.809962937038108,282.57485394459485
2018-05-24 22:00:00,22,3,0,1938,2626.0,261.0,1924.3353973696308,-688.0,688.0,13.664602630369245,13.664602630369245,186.7213650458941
2018-05-24 22:00:00,22,3,0,1938,1938.0,363.0,1680.06673025657,0.0,0.0,257.93326974342995,257.93326974342995,66529.57164053699
2018-05-24 23:00:00,23,3,0,1261,1938.0,883.0,1308.5457987504672,-677.0,677.0,-47.545798750467156,47.545798750467156,2260.6029788199244
2018-05-24 23:00:00,23,3,0,1261,1261.0,3012.0,1132.9089785758622,0.0,0.0,128.0910214241378,128.0910214241378,16407.309769478932
2018-05-25 00:00:00,0,4,0,648,1261.0,5763.0,712.8412327535206,-613.0,613.0,-64.84123275352056,64.84123275352056,4204.385464996227
2018-05-25 00:00:00,0,4,0,648,648.0,6298.0,639.1429869115766,0.0,0.0,8.8570130884234,8.8570130884234,78.44668084850342
2018-05-25 01:00:00,1,4,0,430,648.0,5695.0,409.929752861009,-218.0,218.0,20.07024713899102,20.07024713899102,402.8148202201773
2018-05-25 01:00:00,1,4,0,430,430.0,5232.0,354.9693905037229,0.0,0.0,75.03060949627712,75.03060949627712,5629.592361382831
2018-05-25 01:00:00,1,4,0,430,430.0,4532.0,355.471052259416,0.0,0.0,74.52894774058399,74.52894774058399,5554.564051318699
2018-05-25 02:00:00,2,4,0,300,430.0,4923.0,346.3206202073974,-130.0,130.0,-46.32062020739738,46.32062020739738,2145.5998563979506
2018-05-25 03:00:00,3,4,0,329,300.0,4969.0,345.6856013738862,29.0,29.0,-16.685601373886186,16.685601373886186,278.40929320823255
2018-05-25 04:00:00,4,4,0,788,329.0,5036.0,786.0052470954372,459.0,459.0,1.9947529045628016,1.9947529045628016,3.9790391502617335
2018-05-25 04:00:00,4,4,0,788,788.0,5414.0,809.1853810430918,0.0,0.0,-21.185381043091752,21.185381043091752,448.8203699409914
2018-05-25 04:00:00,4,4,0,788,788.0,6184.0,809.2495116938568,0.0,0.0,-21.24951169385679,21.24951169385679,451.54174722735644
2018-05-25 05:00:00,5,4,0,2645,788.0,6193.0,2650.784584143646,1857.0,1857.0,-5.784584143646043,5.784584143646043,33.46141371492123
2018-05-25 05:00:00,5,4,0,2645,2645.0,6107.0,2648.2528619306145,0.0,0.0,-3.252861930614472,3.252861930614472,10.58111073964091
2018-05-25 06:00:00,6,4,0,5111,2645.0,4787.0,5392.072140066107,2466.0,2466.0,-281.07214006610684,281.07214006610684,79001.54792134119
2018-05-25 06:00:00,6,4,0,5111,5111.0,3746.0,5099.98421570792,0.0,0.0,11.015784292079843,11.015784292079843,121.347503569633
2018-05-25 07:00:00,7,4,1,6075,5111.0,2938.0,5807.546410800013,964.0,964.0,267.4535891999867,267.4535891999867,71531.42237595524
2018-05-25 08:00:00,8,4,1,5206,6075.0,2938.0,5551.669522519329,-869.0,869.0,-345.6695225193289,345.6695225193289,119487.41879874082
2018-05-25 09:00:00,9,4,1,4859,5206.0,2938.0,4787.23007104555,-347.0,347.0,71.76992895444982,71.76992895444982,5150.922702126775
2018-05-25 10:00:00,10,4,0,4534,4859.0,2626.0,4521.722525861,-325.0,325.0,12.277474139000333,12.277474139000333,150.73637123382196
2018-05-25 11:00:00,11,4,0,4928,4534.0,2626.0,4782.985601920935,394.0,394.0,145.01439807906536,145.01439807906536,21029.175650233636
2018-05-25 12:00:00,12,4,0,5139,4928.0,2626.0,5082.456857845363,211.0,211.0,56.54314215463728,56.54314215463728,3197.1269247195196
2018-05-25 13:00:00,13,4,0,5148,5139.0,1938.0,5281.074483652903,9.0,9.0,-133.07448365290293,133.07448365290293,17708.81819948673
2018-05-25 14:00:00,14,4,0,5403,5148.0,1938.0,5363.37559101894,255.0,255.0,39.62440898105979,39.62440898105979,1570.0937870982916
2018-05-25 15:00:00,15,4,0,6083,5403.0,1261.0,5822.001242281429,680.0,680.0,260.99875771857114,260.99875771857114,68120.3515306374
2018-05-25 16:00:00,16,4,0,5753,6083.0,1261.0,6357.507110818904,-330.0,330.0,-604.507110818904,604.507110818904,365428.84703061875
2018-05-25 17:00:00,17,4,1,4904,5753.0,648.0,5428.6891136918075,-849.0,849.0,-524.6891136918075,524.6891136918075,275298.6660266945
2018-05-25 17:00:00,17,4,1,4904,4904.0,648.0,5320.013313489868,0.0,0.0,-416.01331348986787,416.01331348986787,173067.0770008191
2018-05-25 18:00:00,18,4,1,4023,4904.0,430.0,4505.831470311591,-881.0,881.0,-482.83147031159115,482.83147031159115,233126.22872325292
2018-05-25 18:00:00,18,4,1,4023,4023.0,430.0,3931.9137648453075,0.0,0.0,91.08623515469253,91.08623515469253,8296.702234655946
2018-05-25 19:00:00,19,4,1,3334,4023.0,430.0,3413.7758904281304,-689.0,689.0,-79.77589042813042,79.77589042813042,6364.192693601071
2018-05-25 20:00:00,20,4,0,3026,3334.0,300.0,3045.829658091835,-308.0,308.0,-19.829658091834972,19.829658091834972,393.2153400390762
2018-05-25 21:00:00,21,4,0,2953,3026.0,329.0,3001.5523467824823,-73.0,73.0,-48.552346782482346,48.552346782482346,2357.330378086424
2018-05-25 22:00:00,22,4,0,2863,2953.0,788.0,2847.2385626329815,-90.0,90.0,15.761437367018516,15.761437367018516,248.42290787444756
2018-05-25 23:00:00,23,4,0,1828,2863.0,788.0,2178.078738533398,-1035.0,1035.0,-350.0787385333979,350.0787385333979,122555.12317313516
2018-05-26 00:00:00,0,5,0,1300,1828.0,788.0,1230.0860491719975,-528.0,528.0,69.9139508280025,69.9139508280025,4887.960520380351
2018-05-26 01:00:00,1,5,0,719,1300.0,2645.0,854.9252468513474,-581.0,581.0,-135.92524685134742,135.92524685134742,18475.672731599734
2018-05-26 02:00:00,2,5,0,579,719.0,2645.0,588.7040445735215,-140.0,140.0,-9.704044573521514,9.704044573521514,94.16848108489235
2018-05-26 03:00:00,3,5,0,363,579.0,5111.0,393.4107871560649,-216.0,216.0,-30.410787156064885,30.410787156064885,924.815975451481
2018-05-26 04:00:00,4,5,0,376,363.0,5111.0,369.54478062062765,13.0,13.0,6.455219379372352,6.455219379372352,41.669857235824374
2018-05-26 05:00:00,5,5,0,649,376.0,6075.0,700.6565950244351,273.0,273.0,-51.65659502443509,51.65659502443509,2668.4038095184924
2018-05-26 06:00:00,6,5,0,1263,649.0,5206.0,1129.1167230943722,614.0,614.0,133.88327690562778,133.88327690562778,17924.731834989005
2018-05-26 07:00:00,7,5,1,1690,1263.0,4859.0,1858.399828822182,427.0,427.0,-168.39982882218192,168.39982882218192,28358.50234734017
2018-05-26 08:00:00,8,5,1,2392,1690.0,4534.0,2412.4916164360325,702.0,702.0,-20.491616436032473,20.491616436032473,419.90634416147617
2018-05-26 09:00:00,9,5,1,3360,2392.0,4928.0,3150.101459261899,968.0,968.0,209.89854073810102,209.89854073810102,44057.39740398425
2018-05-26 10:00:00,10,5,0,3540,3360.0,5139.0,3691.631876566995,180.0,180.0,-151.63187656699483,151.63187656699483,22992.225991228355
2018-05-26 11:00:00,11,5,0,3937,3540.0,5148.0,3856.817431449879,397.0,397.0,80.18256855012078,80.18256855012078,6429.244299294817
2018-05-26 12:00:00,12,5,0,4176,3937.0,5403.0,4109.2454448982935,239.0,239.0,66.7545551017065,66.7545551017065,4456.17062682677
2018-05-26 13:00:00,13,5,0,4130,4176.0,6083.0,4302.104437101457,-46.0,46.0,-172.10443710145682,172.10443710145682,29619.937270009308
2018-05-26 14:00:00,14,5,0,3887,4130.0,5753.0,4282.020106708258,-243.0,243.0,-395.020106708258,395.020106708258,156040.88470380355
2018-05-26 15:00:00,15,5,0,3761,3887.0,4904.0,4048.07321968367,-126.0,126.0,-287.0732196836698,287.0732196836698,82411.03345954853
2018-05-26 16:00:00,16,5,0,3970,3761.0,4904.0,3917.6288198762736,209.0,209.0,52.37118012372639,52.37118012372639,2742.740507551794
2018-05-26 17:00:00,17,5,1,3858,3970.0,4023.0,3774.2193579560094,-112.0,112.0,83.78064204399061,83.78064204399061,7019.195981303287
2018-05-26 18:00:00,18,5,1,3714,3858.0,4023.0,3718.7633279081615,-144.0,144.0,-4.7633279081615,4.7633279081615,22.689292760670213
2018-05-26 19:00:00,19,5,1,2965,3714.0,3334.0,3325.281965629813,-749.0,749.0,-360.28196562981293,360.28196562981293,129803.0947580817
2018-05-26 20:00:00,20,5,0,2855,2965.0,3026.0,2803.838134826729,-110.0,110.0,51.16186517327105,51.16186517327105,2617.5364480079656
2018-05-26 21:00:00,21,5,0,2956,2855.0,2953.0,2768.691627645932,101.0,101.0,187.30837235406807,187.30837235406807,35084.42635393021
2018-05-26 22:00:00,22,5,0,3036,2956.0,2863.0,2913.808633497161,80.0,80.0,122.19136650283917,122.19136650283917,14930.730047831166
2018-05-26 23:00:00,23,5,0,2141,3036.0,1828.0,2398.7608858732233,-895.0,895.0,-257.7608858732233,257.7608858732233,66440.67428614885
2018-05-27 00:00:00,0,6,0,1633,2141.0,1300.0,1392.214610585513,-508.0,508.0,240.7853894144871,240.7853894144871,57977.6037554862
2018-05-27 01:00:00,1,6,0,829,1633.0,719.0,1081.3105733396897,-804.0,804.0,-252.31057333968965,252.31057333968965,63660.625419002914
2018-05-27 02:00:00,2,6,0,712,829.0,579.0,636.8593288024946,-117.0,117.0,75.14067119750541,75.14067119750541,5646.12046801162
2018-05-27 03:00:00,3,6,0,486,712.0,363.0,418.81636491341436,-226.0,226.0,67.18363508658564,67.18363508658564,4513.640823447501
2018-05-27 04:00:00,4,6,0,401,486.0,376.0,428.66984969778787,-85.0,85.0,-27.669849697787868,27.669849697787868,765.6205822981714
2018-05-27 05:00:00,5,6,0,844,401.0,649.0,579.454863212106,443.0,443.0,264.54513678789397,264.54513678789397,69984.12939812553
2018-05-27 06:00:00,6,6,0,1192,844.0,1263.0,1067.8176316104432,348.0,348.0,124.18236838955681,124.18236838955681,15421.260618839598
2018-05-27 07:00:00,7,6,1,1205,1192.0,1690.0,1630.6458280415975,13.0,13.0,-425.6458280415975,425.6458280415975,181174.3709292172
2018-05-27 08:00:00,8,6,1,1819,1205.0,2392.0,1904.8445585636637,614.0,614.0,-85.84455856366367,85.84455856366367,7369.288234990281
2018-05-27 09:00:00,9,6,1,2660,1819.0,3360.0,2453.2587794147303,841.0,841.0,206.74122058526973,206.74122058526973,42741.932289087155
2018-05-27 10:00:00,10,6,0,3431,2660.0,3540.0,3240.5430173672007,771.0,771.0,190.45698263279928,190.45698263279928,36273.86223359041
2018-05-27 11:00:00,11,6,0,3782,3431.0,3937.0,3752.394912012742,351.0,351.0,29.605087987257775,29.605087987257775,876.4612347332746
2018-05-27 12:00:00,12,6,0,4190,3782.0,4176.0,4000.990103693988,408.0,408.0,189.0098963060118,189.0098963060118,35724.74090160933
2018-05-27 13:00:00,13,6,0,4139,4190.0,4130.0,4304.043123657593,-51.0,51.0,-165.04312365759324,165.04312365759324,27239.232666655615
2018-05-27 14:00:00,14,6,0,3963,4139.0,3887.0,4250.938749747668,-176.0,176.0,-287.9387497476682,287.9387497476682,82908.7236062503
2018-05-27 15:00:00,15,6,0,3821,3963.0,3761.0,4054.8842988065708,-142.0,142.0,-233.88429880657077,233.88429880657077,54701.86522824128
2018-05-27 16:00:00,16,6,0,3739,3821.0,3970.0,3961.043929026496,-82.0,82.0,-222.0439290264958,222.0439290264958,49303.5064175235
2018-05-27 17:00:00,17,6,1,3266,3739.0,3858.0,3464.6831412752854,-473.0,473.0,-198.68314127528538,198.68314127528538,39474.99062701501
2018-05-27 18:00:00,18,6,1,3127,3266.0,3714.0,3158.1797019819855,-139.0,139.0,-31.179701981985545,31.179701981985545,972.1738156854333
2018-05-27 19:00:00,19,6,1,2830,3127.0,2965.0,2780.094029378308,-297.0,297.0,49.90597062169218,49.90597062169218,2490.6059036932024
2018-05-27 20:00:00,20,6,0,2825,2830.0,2855.0,2514.259438049703,-5.0,5.0,310.740561950297,310.740561950297,96559.69684118635
2018-05-27 21:00:00,21,6,0,2656,2825.0,2956.0,2499.9441888740953,-169.0,169.0,156.0558111259047,156.0558111259047,24353.416186164046
2018-05-27 22:00:00,22,6,0,2565,2656.0,3036.0,2128.5738568844536,-91.0,91.0,436.42614311554644,436.42614311554644,190467.7783947114
2018-05-27 23:00:00,23,6,0,1660,2565.0,2141.0,1774.8345616591096,-905.0,905.0,-114.83456165910957,114.83456165910957,13186.976551439837
2018-05-28 00:00:00,0,0,0,1088,1660.0,1633.0,867.3267870255545,-572.0,572.0,220.6732129744455,220.6732129744455,48696.66692446498
2018-05-28 01:00:00,1,0,0,559,1088.0,829.0,512.2802944862501,-529.0,529.0,46.71970551374989,46.71970551374989,2182.7308832915114
2018-05-28 02:00:00,2,0,0,440,559.0,712.0,352.8078036898251,-119.0,119.0,87.1921963101749,87.1921963101749,7602.479097392076
2018-05-28 03:00:00,3,0,0,332,440.0,486.0,405.68333889330904,-108.0,108.0,-73.68333889330904,73.68333889330904,5429.234430466229
2018-05-28 04:00:00,4,0,0,314,332.0,401.0,772.5498758771896,-18.0,18.0,-458.5498758771896,458.5498758771896,210267.988666986
2018-05-28 05:00:00,5,0,0,488,314.0,844.0,962.2608979248316,174.0,174.0,-474.2608979248316,474.2608979248316,224923.39930046757
2018-05-28 06:00:00,6,0,0,882,488.0,1192.0,880.2467214720652,394.0,394.0,1.7532785279347536,1.7532785279347536,3.0739855965170566
2018-05-28 07:00:00,7,0,1,989,882.0,1205.0,2871.309140288402,107.0,107.0,-1882.309140288402,1882.309140288402,3543087.699613263
2018-05-28 08:00:00,8,0,1,1294,989.0,1819.0,1405.6635097715232,305.0,305.0,-111.6635097715232,111.6635097715232,12468.739414495056
2018-05-28 09:00:00,9,0,1,1873,1294.0,2660.0,1826.2229156343633,579.0,579.0,46.77708436563671,46.77708436563671,2188.0956217498942
2018-05-28 10:00:00,10,0,0,2576,1873.0,3431.0,2036.932145077463,703.0,703.0,539.067854922537,539.067854922537,290594.15221078537
2018-05-28 11:00:00,11,0,0,3037,2576.0,3782.0,3226.2174875553906,461.0,461.0,-189.21748755539056,189.21748755539056,35803.25759677438
2018-05-28 12:00:00,12,0,0,3375,3037.0,4190.0,3504.6958696913316,338.0,338.0,-129.6958696913316,129.6958696913316,16821.01861499087
2018-05-28 13:00:00,13,0,0,3611,3375.0,4139.0,3444.16384535108,236.0,236.0,166.83615464892,166.83615464892,27834.302498038352
2018-05-28 14:00:00,14,0,0,4032,3611.0,3963.0,3756.629441999658,421.0,421.0,275.37055800034204,275.37055800034204,75828.94421341975
2018-05-28 15:00:00,15,0,0,3812,4032.0,3821.0,4193.310717412228,-220.0,220.0,-381.31071741222786,381.31071741222786,145397.8632134279
2018-05-28 16:00:00,16,0,0,3810,3812.0,3739.0,3959.1015569153083,-2.0,2.0,-149.10155691530827,149.10155691530827,22231.27427456891
2018-05-28 17:00:00,17,0,1,3822,3810.0,3266.0,3631.075543259761,12.0,12.0,190.92445674023884,190.92445674023884,36452.148181555334
2018-05-28 18:00:00,18,0,1,3749,3822.0,3127.0,3614.570803956294,-73.0,73.0,134.42919604370582,134.42919604370582,18071.20874895709
2018-05-28 18:00:00,18,0,1,3749,3749.0,2830.0,3460.677403358115,0.0,0.0,288.32259664188496,288.32259664188496,83129.91973431909
2018-05-28 19:00:00,19,0,1,3145,3749.0,2825.0,3026.2323029914655,-604.0,604.0,118.76769700853447,118.76769700853447,14105.765852711047
2018-05-28 19:00:00,19,0,1,3145,3145.0,2656.0,2735.0838024014897,0.0,0.0,409.9161975985103,409.9161975985103,168031.28905362092
2018-05-28 20:00:00,20,0,0,2611,3145.0,2565.0,2685.319653964944,-534.0,534.0,-74.31965396494388,74.31965396494388,5523.410965468999
2018-05-28 20:00:00,20,0,0,2611,2611.0,1660.0,2323.2054604125374,0.0,0.0,287.7945395874626,287.7945395874626,82825.6970163596
2018-05-28 21:00:00,21,0,0,2338,2611.0,1088.0,2325.869046231018,-273.0,273.0,12.130953768982181,12.130953768982181,147.16003934518298
2018-05-28 21:00:00,21,0,0,2338,2338.0,559.0,2180.4513232151508,0.0,0.0,157.54867678484925,157.54867678484925,24821.585556656897
2018-05-28 22:00:00,22,0,0,1936,2338.0,440.0,1738.3193026926438,-402.0,402.0,197.68069730735624,197.68069730735624,39077.6580879226
2018-05-28 23:00:00,23,0,0,1141,1936.0,332.0,1323.2155521118991,-795.0,795.0,-182.21555211189911,182.21555211189911,33202.507431444224
2018-05-29 00:00:00,0,1,0,565,1141.0,314.0,629.8519421789956,-576.0,576.0,-64.85194217899561,64.85194217899561,4205.77440438779
2018-05-29 01:00:00,1,1,0,347,565.0,488.0,353.2414800836206,-218.0,218.0,-6.2414800836206155,6.2414800836206155,38.95607363423281
2018-05-29 02:00:00,2,1,0,239,347.0,882.0,273.0244257813811,-108.0,108.0,-34.024425781381126,34.024425781381126,1157.6615497527127
2018-05-29 03:00:00,3,1,0,340,239.0,989.0,338.1546584854152,101.0,101.0,1.8453415145847885,1.8453415145847885,3.405285305450081
2018-05-29 04:00:00,4,1,0,828,340.0,1294.0,770.2297597908021,488.0,488.0,57.77024020919794,57.77024020919794,3337.40065382843
2018-05-29 05:00:00,5,1,0,2911,828.0,1873.0,2852.933935831569,2083.0,2083.0,58.066064168430785,58.066064168430785,3371.6678080123215
2018-05-29 06:00:00,6,1,0,5723,2911.0,2576.0,5632.421046417814,2812.0,2812.0,90.57895358218593,90.57895358218593,8204.546832043794
2018-05-29 07:00:00,7,1,1,6106,5723.0,3037.0,6422.1486004140925,383.0,383.0,-316.14860041409247,316.14860041409247,99949.9375437895
2018-05-29 08:00:00,8,1,1,5530,6106.0,3375.0,5560.768070942534,-576.0,576.0,-30.768070942533996,30.768070942533996,946.6741895248048
2018-05-29 09:00:00,9,1,1,5117,5530.0,3611.0,5044.3056190518655,-413.0,413.0,72.6943809481345,72.6943809481345,5284.473021432499
2018-05-29 10:00:00,10,1,0,4530,5117.0,4032.0,4460.934389779811,-587.0,587.0,69.06561022018923,69.06561022018923,4770.058515087107
2018-05-29 11:00:00,11,1,0,4436,4530.0,3812.0,4772.988465883507,-94.0,94.0,-336.98846588350716,336.98846588350716,113561.22613851968
2018-05-29 12:00:00,12,1,0,4866,4436.0,3810.0,4674.487002629216,430.0,430.0,191.51299737078443,191.51299737078443,36677.22816194208
2018-05-29 13:00:00,13,1,0,4973,4866.0,3822.0,4938.466152347601,107.0,107.0,34.533847652399345,34.533847652399345,1192.5866336791278
2018-05-29 14:00:00,14,1,0,5159,4973.0,3749.0,5237.510240120436,186.0,186.0,-78.51024012043581,78.51024012043581,6163.857803768488
2018-05-29 15:00:00,15,1,0,6018,5159.0,3749.0,5728.40388864129,859.0,859.0,289.59611135871,289.59611135871,83865.90771408637
2018-05-29 16:00:00,16,1,0,6820,6018.0,3145.0,6448.97698129507,802.0,802.0,371.0230187049301,371.0230187049301,137658.0804089189
2018-05-29 16:00:00,16,1,0,6820,6820.0,3145.0,6541.748860559199,0.0,0.0,278.2511394408011,278.2511394408011,77423.69660010416
2018-05-29 17:00:00,17,1,1,5990,6820.0,2611.0,6417.257499464266,-830.0,830.0,-427.2574994642664,427.2574994642664,182548.9708484576
2018-05-29 17:00:00,17,1,1,5990,5990.0,2611.0,5907.958206834068,0.0,0.0,82.04179316593218,82.04179316593218,6730.855825881596
2018-05-29 18:00:00,18,1,1,4267,5990.0,2338.0,4491.676533998883,-1723.0,1723.0,-224.67653399888331,224.67653399888331,50479.54492975137
2018-05-29 18:00:00,18,1,1,4267,4267.0,2338.0,4373.5590724396,0.0,0.0,-106.55907243959973,106.55907243959973,11354.835919187863
2018-05-29 19:00:00,19,1,1,3036,4267.0,1936.0,3110.9144413693757,-1231.0,1231.0,-74.91444136937571,74.91444136937571,5612.173525685631
2018-05-29 19:00:00,19,1,1,3036,3036.0,1141.0,2999.708327072916,0.0,0.0,36.291672927084164,36.291672927084164,1317.0855238464537
2018-05-29 19:00:00,19,1,1,3036,3036.0,565.0,2989.981590559423,0.0,0.0,46.018409440577216,46.018409440577216,2117.694007440606
2018-05-29 20:00:00,20,1,0,2466,3036.0,347.0,2768.310810427608,-570.0,570.0,-302.310810427608,302.310810427608,91391.82610139712
2018-05-29 20:00:00,20,1,0,2466,2466.0,239.0,2338.196214104527,0.0,0.0,127.80378589547308,127.80378589547308,16333.807689215924
2018-05-29 20:00:00,20,1,0,2466,2466.0,340.0,2323.7057228331173,0.0,0.0,142.2942771668827,142.2942771668827,20247.661314445635
2018-05-29 21:00:00,21,1,0,2154,2466.0,828.0,2324.6834083360836,-312.0,312.0,-170.68340833608363,170.68340833608363,29132.825881222263
2018-05-29 21:00:00,21,1,0,2154,2154.0,2911.0,2095.523079921884,0.0,0.0,58.47692007811611,58.47692007811611,3419.550181822379
2018-05-29 21:00:00,21,1,0,2154,2154.0,5723.0,2096.5317383270562,0.0,0.0,57.468261672943754,57.468261672943754,3302.601099709936
2018-05-29 22:00:00,22,1,0,1595,2154.0,6106.0,1775.731369343829,-559.0,559.0,-180.7313693438291,180.7313693438291,32663.82786489557
2018-05-29 22:00:00,22,1,0,1595,1595.0,5530.0,1598.8304259772112,0.0,0.0,-3.8304259772112346,3.8304259772112346,14.672163166894642
2018-05-29 22:00:00,22,1,0,1595,1595.0,5117.0,1597.886688134594,0.0,0.0,-2.8866881345938964,2.8866881345938964,8.33296838640519
2018-05-29 23:00:00,23,1,0,969,1595.0,4530.0,1069.1825936645212,-626.0,626.0,-100.18259366452116,100.18259366452116,10036.552073350556
2018-05-29 23:00:00,23,1,0,969,969.0,4436.0,982.9424526565504,0.0,0.0,-13.942452656550358,13.942452656550358,194.39198608014814
2018-05-29 23:00:00,23,1,0,969,969.0,4866.0,982.6323118204508,0.0,0.0,-13.63231182045081,13.63231182045081,185.83992557000286
2018-05-30 00:00:00,0,2,0,527,969.0,4973.0,548.6865253993484,-442.0,442.0,-21.686525399348398,21.686525399348398,470.3053838965832
2018-05-30 00:00:00,0,2,0,527,527.0,5159.0,537.0281062371984,0.0,0.0,-10.028106237198358,10.028106237198358,100.56291470453661
2018-05-30 00:00:00,0,2,0,527,527.0,6018.0,535.1726297141485,0.0,0.0,-8.172629714148457,8.172629714148457,66.79187644458229
2018-05-30 01:00:00,1,2,0,351,527.0,6820.0,345.8722779916767,-176.0,176.0,5.127722008323303,5.127722008323303,26.293532994643172
2018-05-30 01:00:00,1,2,0,351,351.0,6820.0,319.82102783401774,0.0,0.0,31.17897216598226,31.17897216598226,972.1283053270964
2018-05-30 02:00:00,2,2,0,306,351.0,5990.0,280.9769558690919,-45.0,45.0,25.02304413090809,25.02304413090809,626.1527375773738
2018-05-30 02:00:00,2,2,0,306,306.0,5990.0,271.0808297773531,0.0,0.0,34.919170222646926,34.919170222646926,1219.3484490381918
2018-05-30 02:00:00,2,2,0,306,306.0,4267.0,271.0808297773531,0.0,0.0,34.919170222646926,34.919170222646926,1219.3484490381918
2018-05-30 03:00:00,3,2,0,329,306.0,4267.0,337.2485293241703,23.0,23.0,-8.248529324170306,8.248529324170306,68.03823601169745
2018-05-30 04:00:00,4,2,0,893,329.0,3036.0,811.0933456296906,564.0,564.0,81.90665437030941,81.90665437030941,6708.7000301373255
2018-05-30 05:00:00,5,2,0,3023,893.0,3036.0,2892.541393103712,2130.0,2130.0,130.45860689628807,130.45860689628807,17019.44811332022
2018-05-30 06:00:00,6,2,0,6046,3023.0,3036.0,5607.973883980071,3023.0,3023.0,438.02611601992885,438.02611601992885,191866.87831550417
2018-05-30 07:00:00,7,2,1,6326,6046.0,2466.0,6438.843009844983,280.0,280.0,-112.84300984498259,112.84300984498259,12733.544870874837
2018-05-30 08:00:00,8,2,1,5716,6326.0,2466.0,5832.684466001317,-610.0,610.0,-116.68446600131665,116.68446600131665,13615.26460601242
2018-05-30 09:00:00,9,2,1,5283,5716.0,2466.0,5044.3056190518655,-433.0,433.0,238.6943809481345,238.6943809481345,56975.007496213155
2018-05-30 10:00:00,10,2,0,4554,5283.0,2154.0,4477.6648730943825,-729.0,729.0,76.33512690561747,76.33512690561747,5827.051599696724
2018-05-30 10:00:00,10,2,0,4554,4554.0,2154.0,4488.984210522134,0.0,0.0,65.01578947786584,65.01578947786584,4227.05288143017
2018-05-30 11:00:00,11,2,0,4744,4554.0,2154.0,4785.68804573709,190.0,190.0,-41.68804573708985,41.68804573708985,1737.8931573776954
2018-05-30 12:00:00,12,2,0,4923,4744.0,1595.0,4894.609774391263,179.0,179.0,28.390225608736728,28.390225608736728,806.0049101149707
2018-05-30 13:00:00,13,2,0,4823,4923.0,1595.0,4954.34311287203,-100.0,100.0,-131.34311287203036,131.34311287203036,17251.013298914906
2018-05-30 13:00:00,13,2,0,4823,4823.0,1595.0,4940.009992698119,0.0,0.0,-117.00999269811928,117.00999269811928,13691.338391213927
2018-05-30 14:00:00,14,2,0,5343,4823.0,969.0,5145.292482599359,520.0,520.0,197.70751740064134,197.70751740064134,39088.26243672489
2018-05-30 14:00:00,14,2,0,5343,5343.0,969.0,5529.770664903821,0.0,0.0,-186.77066490382094,186.77066490382094,34883.28126861537
2018-05-30 15:00:00,15,2,0,6062,5343.0,969.0,5761.431479537926,719.0,719.0,300.56852046207405,300.56852046207405,90341.43549276023
2018-05-30 15:00:00,15,2,0,6062,6062.0,527.0,5910.468869982436,0.0,0.0,151.53113001756356,151.53113001756356,22961.683364399752
2018-05-30 15:00:00,15,2,0,6062,6062.0,527.0,5910.468869982436,0.0,0.0,151.53113001756356,151.53113001756356,22961.683364399752
2018-05-30 16:00:00,16,2,0,7042,6062.0,527.0,6578.127865186779,980.0,980.0,463.87213481322124,463.87213481322124,215177.3574561753
2018-05-30 16:00:00,16,2,0,7042,7042.0,351.0,6575.244356015685,0.0,0.0,466.7556439843147,466.7556439843147,217860.83119121235
2018-05-30 17:00:00,17,2,1,6429,7042.0,351.0,6505.42201889664,-613.0,613.0,-76.42201889664011,76.42201889664011,5840.324972238418
2018-05-30 18:00:00,18,2,1,4621,6429.0,306.0,4701.313539569371,-1808.0,1808.0,-80.31353956937073,80.31353956937073,6450.264638160878
2018-05-30 18:00:00,18,2,1,4621,4621.0,306.0,4553.084453036101,0.0,0.0,67.91554696389903,67.91554696389903,4612.521519405575
2018-05-30 19:00:00,19,2,1,3555,4621.0,306.0,3416.4747669723706,-1066.0,1066.0,138.52523302762938,138.52523302762938,19189.240185359024
2018-05-30 20:00:00,20,2,0,2788,3555.0,329.0,3097.10675277174,-767.0,767.0,-309.10675277174005,309.10675277174005,95546.98460908962
2018-05-30 21:00:00,21,2,0,2612,2788.0,893.0,2686.386529816921,-176.0,176.0,-74.38652981692121,74.38652981692121,5533.355818203709
2018-05-30 22:00:00,22,2,0,1932,2612.0,3023.0,1936.7971732497906,-680.0,680.0,-4.797173249790603,4.797173249790603,23.012871188506537
2018-05-30 23:00:00,23,2,0,1233,1932.0,6046.0,1356.6463842906792,-699.0,699.0,-123.64638429067918,123.64638429067918,15288.428348158315
2018-05-31 00:00:00,0,3,0,695,1233.0,6326.0,709.2376634064079,-538.0,538.0,-14.237663406407933,14.237663406407933,202.71105927416752
2018-05-31 01:00:00,1,3,0,382,695.0,5716.0,428.96083526246747,-313.0,313.0,-46.96083526246747,46.96083526246747,2205.320048548608
2018-05-31 01:00:00,1,3,0,382,382.0,5283.0,332.5679110523366,0.0,0.0,49.432088947663374,49.432088947663374,2443.5314177297037
2018-05-31 01:00:00,1,3,0,382,382.0,4554.0,332.5679110523366,0.0,0.0,49.432088947663374,49.432088947663374,2443.5314177297037
2018-05-31 02:00:00,2,3,0,307,382.0,4554.0,297.8773700658202,-75.0,75.0,9.122629934179827,9.122629934179827,83.22237691599383
2018-05-31 02:00:00,2,3,0,307,307.0,4744.0,271.0808297773531,0.0,0.0,35.919170222646926,35.919170222646926,1290.1867894834857
2018-05-31 02:00:00,2,3,0,307,307.0,4923.0,271.0808297773531,0.0,0.0,35.919170222646926,35.919170222646926,1290.1867894834857
2018-05-31 03:00:00,3,3,0,343,307.0,4823.0,349.822033388482,36.0,36.0,-6.822033388481998,6.822033388481998,46.54013955356317
2018-05-31 03:00:00,3,3,0,343,343.0,4823.0,353.1954818531025,0.0,0.0,-10.195481853102478,10.195481853102478,103.94785021694194
2018-05-31 03:00:00,3,3,0,343,343.0,5343.0,351.3894158479445,0.0,0.0,-8.38941584794452,8.38941584794452,70.38229826974266
2018-05-31 04:00:00,4,3,0,922,343.0,5343.0,845.8590837001128,579.0,579.0,76.14091629988718,76.14091629988718,5797.439134986425
2018-05-31 04:00:00,4,3,0,922,922.0,6062.0,902.9970868065732,0.0,0.0,19.00291319342682,19.00291319342682,361.11070983691513
2018-05-31 04:00:00,4,3,0,922,922.0,6062.0,902.9970868065732,0.0,0.0,19.00291319342682,19.00291319342682,361.11070983691513
2018-05-31 05:00:00,5,3,0,3013,922.0,6062.0,2892.541393103712,2091.0,2091.0,120.45860689628807,120.45860689628807,14510.275975394461
2018-05-31 05:00:00,5,3,0,3013,3013.0,7042.0,3013.909756220068,0.0,0.0,-0.909756220068175,0.909756220068175,0.8276563799527337
2018-05-31 05:00:00,5,3,0,3013,3013.0,7042.0,3008.126880139062,0.0,0.0,4.873119860938004,4.873119860938004,23.747297179068436
2018-05-31 06:00:00,6,3,0,6007,3013.0,6429.0,5496.32339815699,2994.0,2994.0,510.67660184300985,510.67660184300985,260790.591669924
2018-05-31 06:00:00,6,3,0,6007,6007.0,4621.0,5775.212045849048,0.0,0.0,231.78795415095192,231.78795415095192,53725.65568948379
2018-05-31 06:00:00,6,3,0,6007,6007.0,4621.0,5775.212045849048,0.0,0.0,231.78795415095192,231.78795415095192,53725.65568948379
2018-05-31 07:00:00,7,3,1,6420,6007.0,3555.0,6438.843009844983,413.0,413.0,-18.84300984498259,18.84300984498259,355.0590200181108
2018-05-31 07:00:00,7,3,1,6420,6420.0,2788.0,6441.363961848072,0.0,0.0,-21.363961848071995,21.363961848071995,456.41886584587576
2018-05-31 07:00:00,7,3,1,6420,6420.0,2612.0,6449.070084713894,0.0,0.0,-29.070084713894175,29.070084713894175,845.0698252729838
2018-05-31 08:00:00,8,3,1,5912,6420.0,1932.0,5932.714173880729,-508.0,508.0,-20.714173880728595,20.714173880728595,429.07699956105876
2018-05-31 08:00:00,8,3,1,5912,5912.0,1233.0,5742.184241139408,0.0,0.0,169.8157588605918,169.8157588605918,28837.391957398668
2018-05-31 08:00:00,8,3,1,5912,5912.0,695.0,5742.184241139408,0.0,0.0,169.8157588605918,169.8157588605918,28837.391957398668
2018-05-31 09:00:00,9,3,1,5313,5912.0,382.0,5186.083727337555,-599.0,599.0,126.91627266244541,126.91627266244541,16107.740266528188
2018-05-31 09:00:00,9,3,1,5313,5313.0,382.0,5065.210983894878,0.0,0.0,247.78901610512185,247.78901610512185,61399.39650234433
2018-05-31 10:00:00,10,3,0,4734,5313.0,382.0,4586.615385794834,-579.0,579.0,147.38461420516614,147.38461420516614,21722.22450440566
2018-05-31 11:00:00,11,3,0,5008,4734.0,307.0,4894.609774391263,274.0,274.0,113.39022560873673,113.39022560873673,12857.343263600214
2018-05-31 12:00:00,12,3,0,5031,5008.0,307.0,5092.35640201098,23.0,23.0,-61.356402010979764,61.356402010979764,3764.6080677329614
2018-05-31 13:00:00,13,3,0,5199,5031.0,307.0,4970.404994160757,168.0,168.0,228.59500583924273,228.59500583924273,52255.67669464342
2018-05-31 14:00:00,14,3,0,5407,5199.0,343.0,5423.802199706265,208.0,208.0,-16.802199706265128,16.802199706265128,282.31391496921594
2018-05-31 15:00:00,15,3,0,5950,5407.0,343.0,5826.772160124608,543.0,543.0,123.22783987539242,123.22783987539242,15185.100520355354
2018-05-31 16:00:00,16,3,0,6860,5950.0,343.0,6433.718555127957,910.0,910.0,426.2814448720428,426.2814448720428,181715.87024219648
2018-05-31 17:00:00,17,3,1,6358,6860.0,922.0,6410.728721459242,-502.0,502.0,-52.72872145924157,52.72872145924157,2780.3180667262823
2018-05-31 18:00:00,18,3,1,5042,6358.0,922.0,4759.344408162382,-1316.0,1316.0,282.655591837618,282.655591837618,79894.1835970741
2018-05-31 19:00:00,19,3,1,3671,5042.0,922.0,3638.846596571301,-1371.0,1371.0,32.15340342869922,32.15340342869922,1033.8413520486868
2018-05-31 20:00:00,20,3,0,3037,3671.0,3013.0,3185.5758368135093,-634.0,634.0,-148.57583681350934,148.57583681350934,22074.779284834556
2018-05-31 21:00:00,21,3,0,3102,3037.0,3013.0,2997.484962055711,65.0,65.0,104.5150379442889,104.5150379442889,10923.39315649615
2018-05-31 22:00:00,22,3,0,2222,3102.0,3013.0,2621.44932351456,-880.0,880.0,-399.4493235145601,399.4493235145601,159559.76205623968
2018-05-31 23:00:00,23,3,0,1446,2222.0,6007.0,1591.8786846887344,-776.0,776.0,-145.87868468873444,145.87868468873444,21280.590646515204
2018-06-01 00:00:00,0,4,0,786,1446.0,6007.0,888.9522992930762,-660.0,660.0,-102.95229929307618,102.95229929307618,10599.175929731135
2018-06-01 01:00:00,1,4,0,497,786.0,6007.0,527.0962115467278,-289.0,289.0,-30.096211546727773,30.096211546727773,905.7819494653901
2018-06-01 02:00:00,2,4,0,346,497.0,6420.0,352.20973589726515,-151.0,151.0,-6.209735897265148,6.209735897265148,38.56081991378339
2018-06-01 03:00:00,3,4,0,395,346.0,6420.0,358.07536121310864,49.0,49.0,36.924638786891364,36.924638786891364,1363.4289495424023
2018-06-01 04:00:00,4,4,0,872,395.0,6420.0,831.0006299274936,477.0,477.0,40.999370072506395,40.999370072506395,1680.948346342333
2018-06-01 05:00:00,5,4,0,2965,872.0,5912.0,2891.6913215994746,2093.0,2093.0,73.30867840052542,73.30867840052542,5374.162328831662
2018-06-01 06:00:00,6,4,0,5345,2965.0,5912.0,5702.5283159367345,2380.0,2380.0,-357.52831593673454,357.52831593673454,127826.49669655747
2018-06-01 07:00:00,7,4,1,6658,5345.0,5912.0,6138.500585475628,1313.0,1313.0,519.4994145243718,519.4994145243718,269879.64169116504
2018-06-01 08:00:00,8,4,1,5639,6658.0,5313.0,5916.887451406013,-1019.0,1019.0,-277.8874514060126,277.8874514060126,77221.43564892901
2018-06-01 09:00:00,9,4,1,5132,5639.0,5313.0,5183.724728240862,-507.0,507.0,-51.72472824086162,51.72472824086162,2675.447511590988
2018-06-01 10:00:00,10,4,0,4739,5132.0,4734.0,4688.892762118919,-393.0,393.0,50.107237881081346,50.107237881081346,2510.7352880712733
2018-06-01 11:00:00,11,4,0,5043,4739.0,5008.0,4894.609774391263,304.0,304.0,148.39022560873673,148.39022560873673,22019.659056211785
2018-06-01 12:00:00,12,4,0,5387,5043.0,5031.0,5133.319371825281,344.0,344.0,253.68062817471855,253.68062817471855,64353.861111119804
2018-06-01 13:00:00,13,4,0,5381,5387.0,5199.0,5365.268703385714,-6.0,6.0,15.731296614286293,15.731296614286293,247.4736931666554
2018-06-01 14:00:00,14,4,0,5742,5381.0,5407.0,5590.967154416546,361.0,361.0,151.03284558345422,151.03284558345422,22810.920445035525
2018-06-01 15:00:00,15,4,0,6352,5742.0,5950.0,5909.192109175953,610.0,610.0,442.8078908240468,442.8078908240468,196078.82817604096
2018-06-01 16:00:00,16,4,0,6860,6352.0,6860.0,6406.0794147252045,508.0,508.0,453.9205852747955,453.9205852747955,206043.89773621288
2018-06-01 17:00:00,17,4,1,5983,6860.0,6358.0,6353.933821422143,-877.0,877.0,-370.9338214221434,370.9338214221434,137591.89987483458
2018-06-01 18:00:00,18,4,1,4926,5983.0,5042.0,4996.527161636526,-1057.0,1057.0,-70.52716163652622,70.52716163652622,4974.080528504695
2018-06-01 19:00:00,19,4,1,3804,4926.0,3671.0,3832.5778165279294,-1122.0,1122.0,-28.57781652792937,28.57781652792937,816.6915975039932
2018-06-01 20:00:00,20,4,0,3446,3804.0,3037.0,3268.9233358483116,-358.0,358.0,177.07666415168842,177.07666415168842,31356.144987089854
2018-06-01 21:00:00,21,4,0,3519,3446.0,3102.0,3205.0158164627846,73.0,73.0,313.98418353721536,313.98418353721536,98586.06751153174
2018-06-01 22:00:00,22,4,0,2865,3519.0,2222.0,3216.519619411583,-654.0,654.0,-351.5196194115829,351.5196194115829,123566.04283126407
2018-06-01 23:00:00,23,4,0,2218,2865.0,1446.0,2342.8877881833814,-647.0,647.0,-124.88778818338142,124.88778818338142,15596.959637337142
2018-06-02 00:00:00,0,5,0,1601,2218.0,786.0,1441.0722789596546,-617.0,617.0,159.92772104034543,159.92772104034543,25576.875957158547
2018-06-02 01:00:00,1,5,0,830,1601.0,497.0,920.7000177842529,-771.0,771.0,-90.70001778425285,90.70001778425285,8226.493226063783
2018-06-02 03:00:00,3,5,0,446,830.0,346.0,492.6293595955665,-384.0,384.0,-46.629359595566484,46.629359595566484,2174.297176292648
2018-06-02 04:00:00,4,5,0,424,446.0,395.0,449.13299425673586,-22.0,22.0,-25.132994256735856,25.132994256735856,631.6674003091175
2018-06-02 05:00:00,5,5,0,746,424.0,872.0,802.4237130775703,322.0,322.0,-56.423713077570255,56.423713077570255,3183.635397459973
2018-06-02 06:00:00,6,5,0,1385,746.0,2965.0,1710.8964625983783,639.0,639.0,-325.8964625983783,325.8964625983783,106208.5043341362
2018-06-02 07:00:00,7,5,1,1928,1385.0,5345.0,2108.737758538798,543.0,543.0,-180.73775853879806,180.73775853879806,32666.137361628873
2018-06-02 08:00:00,8,5,1,2730,1928.0,6658.0,2882.393779982218,802.0,802.0,-152.3937799822179,152.3937799822179,23223.864177268635
2018-06-02 09:00:00,9,5,1,3707,2730.0,5639.0,3542.802642605393,977.0,977.0,164.19735739460702,164.19735739460702,26960.77217537231
2018-06-02 09:00:00,9,5,1,3707,3707.0,5132.0,3988.6474219978436,0.0,0.0,-281.6474219978436,281.6474219978436,79325.2703180314
2018-06-02 10:00:00,10,5,0,3864,3707.0,4739.0,4071.2120621625318,157.0,157.0,-207.21206216253177,207.21206216253177,42936.83870564893
2018-06-02 11:00:00,11,5,0,4260,3864.0,5043.0,4112.858520077561,396.0,396.0,147.14147992243943,147.14147992243943,21650.615113765645
2018-06-02 11:00:00,11,5,0,4260,4260.0,5387.0,4486.589630582155,0.0,0.0,-226.58963058215522,226.58963058215522,51342.86068735757
2018-06-02 12:00:00,12,5,0,4671,4260.0,5381.0,4477.138704605428,411.0,411.0,193.86129539457215,193.86129539457215,37582.20185206156
2018-06-02 12:00:00,12,5,0,4671,4671.0,5742.0,4734.466470843511,0.0,0.0,-63.46647084351116,63.46647084351116,4027.992921330252
2018-06-02 12:00:00,12,5,0,4671,4671.0,6352.0,4733.059822985964,0.0,0.0,-62.059822985964274,62.059822985964274,3851.4216290492195
2018-06-02 13:00:00,13,5,0,4741,4671.0,6860.0,4714.858845934808,70.0,70.0,26.141154065191586,26.141154065191586,683.3599358600826
2018-06-02 13:00:00,13,5,0,4741,4741.0,5983.0,4715.392794930907,0.0,0.0,25.607205069092743,25.607205069092743,655.7289514505691
2018-06-02 13:00:00,13,5,0,4741,4741.0,4926.0,4715.392794930907,0.0,0.0,25.607205069092743,25.607205069092743,655.7289514505691
2018-06-02 14:00:00,14,5,0,4896,4741.0,3804.0,4715.392794930907,155.0,155.0,180.60720506909274,180.60720506909274,32618.96252286932
2018-06-02 14:00:00,14,5,0,4896,4896.0,3446.0,4793.8920506115355,0.0,0.0,102.10794938846448,102.10794938846448,10426.033328317222
2018-06-02 14:00:00,14,5,0,4896,4896.0,3519.0,4793.8920506115355,0.0,0.0,102.10794938846448,102.10794938846448,10426.033328317222
2018-06-02 15:00:00,15,5,0,4509,4896.0,2865.0,4787.796752576177,-387.0,387.0,-278.7967525761769,278.7967525761769,77727.629247022
2018-06-02 15:00:00,15,5,0,4509,4509.0,2218.0,4620.143977499592,0.0,0.0,-111.14397749959244,111.14397749959244,12352.98373442991
2018-06-02 16:00:00,16,5,0,4560,4509.0,1601.0,4620.143977499592,51.0,51.0,-60.14397749959244,60.14397749959244,3617.2980294714816
2018-06-02 16:00:00,16,5,0,4560,4560.0,830.0,4630.284618863985,0.0,0.0,-70.28461886398509,70.28461886398509,4939.927648855649
2018-06-02 17:00:00,17,5,1,4221,4560.0,446.0,4451.203817860735,-339.0,339.0,-230.2038178607354,230.2038178607354,52993.797757658635
2018-06-02 17:00:00,17,5,1,4221,4221.0,424.0,4071.1369559900713,0.0,0.0,149.86304400992867,149.86304400992867,22458.931959921818
2018-06-02 17:00:00,17,5,1,4221,4221.0,746.0,4072.5522837278813,0.0,0.0,148.44771627211867,148.44771627211867,22036.724466407446
2018-06-02 18:00:00,18,5,1,4013,4221.0,1385.0,4029.1739241416367,-208.0,208.0,-16.17392414163669,16.17392414163669,261.59582213941815
2018-06-02 19:00:00,19,5,1,3480,4013.0,1928.0,3427.970120141223,-533.0,533.0,52.029879858776894,52.029879858776894,2707.1083981187576
2018-06-02 20:00:00,20,5,0,3074,3480.0,2730.0,3129.578111320443,-406.0,406.0,-55.578111320442986,55.578111320442986,3088.926457947553
2018-06-02 21:00:00,21,5,0,2905,3074.0,3707.0,3050.381463034328,-169.0,169.0,-145.38146303432814,145.38146303432814,21135.769794001717
2018-06-02 22:00:00,22,5,0,2808,2905.0,3707.0,2842.291772967402,-97.0,97.0,-34.29177296740181,34.29177296740181,1175.9256932478297
2018-06-02 22:00:00,22,5,0,2808,2808.0,3864.0,2795.5774687342177,0.0,0.0,12.422531265782254,12.422531265782254,154.31928304933766
2018-06-02 23:00:00,23,5,0,2103,2808.0,4260.0,2356.0803671485573,-705.0,705.0,-253.08036714855734,253.08036714855734,64049.67223604858
2018-06-03 00:00:00,0,6,0,1516,2103.0,4260.0,1427.7215787384616,-587.0,587.0,88.27842126153837,88.27842126153837,7793.079660429629
2018-06-03 01:00:00,1,6,0,905,1516.0,4671.0,908.4563021705956,-611.0,611.0,-3.4563021705955634,3.4563021705955634,11.946024694463603
2018-06-03 02:00:00,2,6,0,647,905.0,4671.0,713.8591256818753,-258.0,258.0,-66.8591256818753,66.8591256818753,4470.142686944797
2018-06-03 03:00:00,3,6,0,477,647.0,4671.0,416.56797767080207,-170.0,170.0,60.432022329197935,60.432022329197935,3652.0293227966777
2018-06-03 04:00:00,4,6,0,419,477.0,4741.0,424.6181314875419,-58.0,58.0,-5.618131487541916,5.618131487541916,31.563401411309943
2018-06-03 05:00:00,5,6,0,643,419.0,4741.0,595.3615614360397,224.0,224.0,47.638438563960335,47.638438563960335,2269.420828812223
2018-06-03 06:00:00,6,6,0,1103,643.0,4741.0,1024.789889141982,460.0,460.0,78.21011085801797,78.21011085801797,6116.82144042346
2018-06-03 07:00:00,7,6,1,1519,1103.0,4896.0,1306.9581823280294,416.0,416.0,212.04181767197065,212.04181767197065,44961.73244163324
2018-06-03 08:00:00,8,6,1,2380,1519.0,4896.0,2258.9462872743807,861.0,861.0,121.05371272561933,121.05371272561933,14654.001364656773
2018-06-03 09:00:00,9,6,1,3350,2380.0,4896.0,3081.549540821588,970.0,970.0,268.4504591784121,268.4504591784121,72065.64903310029
2018-06-03 10:00:00,10,6,0,3820,3350.0,4509.0,3613.1515979491064,470.0,470.0,206.84840205089358,206.84840205089358,42786.26143100812
2018-06-03 11:00:00,11,6,0,4453,3820.0,4509.0,4045.5268560037243,633.0,633.0,407.47314399627567,407.47314399627567,166034.3630782096
2018-06-03 12:00:00,12,6,0,4858,4453.0,4560.0,4593.449054929533,405.0,405.0,264.5509450704667,264.5509450704667,69987.20253767709
2018-06-03 13:00:00,13,6,0,4563,4858.0,4560.0,4886.910882935092,-295.0,295.0,-323.91088293509165,323.91088293509165,104918.26008379065
2018-06-03 14:00:00,14,6,0,4458,4563.0,4221.0,4630.284618863985,-105.0,105.0,-172.2846188639851,172.2846188639851,29681.989897108608
2018-06-03 15:00:00,15,6,0,4554,4458.0,4221.0,4589.510955637368,96.0,96.0,-35.51095563736817,35.51095563736817,1261.0279702791302
2018-06-03 16:00:00,16,6,0,4547,4554.0,4221.0,4629.751143539808,-7.0,7.0,-82.75114353980825,82.75114353980825,6847.751757145949
2018-06-03 17:00:00,17,6,1,4262,4547.0,4013.0,4399.399652708458,-285.0,285.0,-137.39965270845823,137.39965270845823,18878.664564404935
2018-06-03 18:00:00,18,6,1,3972,4262.0,3480.0,4000.625282619333,-290.0,290.0,-28.62528261933312,28.62528261933312,819.4068050366948
2018-06-03 19:00:00,19,6,1,3527,3972.0,3074.0,3454.69523578308,-445.0,445.0,72.30476421691992,72.30476421691992,5227.978928464383
2018-06-03 20:00:00,20,6,0,3043,3527.0,2905.0,3075.1876245729336,-484.0,484.0,-32.1876245729336,32.1876245729336,1036.043175648119
2018-06-03 21:00:00,21,6,0,2490,3043.0,2808.0,2667.9443010477553,-553.0,553.0,-177.9443010477553,177.9443010477553,31664.174275374164
2018-06-03 22:00:00,22,6,0,2051,2490.0,2808.0,2124.577967998144,-439.0,439.0,-73.57796799814378,73.57796799814378,5413.717374735869
2018-06-03 23:00:00,23,6,0,1166,2051.0,2103.0,1346.2061253139016,-885.0,885.0,-180.20612531390157,180.20612531390157,32474.247600649596
2018-06-04 00:00:00,0,0,0,667,1166.0,1516.0,637.661517517987,-499.0,499.0,29.338482482012978,29.338482482012978,860.7465543473824
2018-06-04 01:00:00,1,0,0,377,667.0,905.0,419.4427157869988,-290.0,290.0,-42.442715786998804,42.442715786998804,1801.3841233759574
2018-06-04 02:00:00,2,0,0,285,377.0,647.0,288.4846238143783,-92.0,92.0,-3.484623814378324,3.484623814378324,12.14260312773254
2018-06-04 03:00:00,3,0,0,375,285.0,477.0,340.8062746802769,90.0,90.0,34.193725319723114,34.193725319723114,1169.2108512406735
2018-06-04 04:00:00,4,0,0,928,375.0,419.0,833.7717280016083,553.0,553.0,94.22827199839173,94.22827199839173,8878.967243802896
2018-06-04 05:00:00,5,0,0,3021,928.0,643.0,2892.541393103712,2093.0,2093.0,128.45860689628807,128.45860689628807,16501.61368573507
2018-06-04 06:00:00,6,0,0,5765,3021.0,1103.0,5652.419967805004,2744.0,2744.0,112.58003219499642,112.58003219499642,12674.26364902643
2018-06-04 07:00:00,7,0,1,6081,5765.0,1519.0,6376.256199380107,316.0,316.0,-295.2561993801073,295.2561993801073,87176.22327238569
2018-06-04 08:00:00,8,0,1,5546,6081.0,2380.0,5558.4721118421385,-535.0,535.0,-12.472111842138474,12.472111842138474,155.55357380281077
2018-06-04 09:00:00,9,0,1,5108,5546.0,3350.0,5031.236723281939,-438.0,438.0,76.7632767180612,76.7632767180612,5892.600652493637
2018-06-04 10:00:00,10,0,0,4334,5108.0,3820.0,4460.934389779811,-774.0,774.0,-126.93438977981077,126.93438977981077,16112.33930877293
2018-06-04 11:00:00,11,0,0,4489,4334.0,4453.0,4502.820514178305,155.0,155.0,-13.82051417830462,13.82051417830462,191.00661215271904
2018-06-04 12:00:00,12,0,0,4741,4489.0,4858.0,4754.030901800299,252.0,252.0,-13.030901800299034,13.030901800299034,169.8044017290366
2018-06-04 13:00:00,13,0,0,4873,4741.0,4563.0,4894.609774391263,132.0,132.0,-21.609774391263272,21.609774391263272,466.9823492412979
2018-06-04 14:00:00,14,0,0,5170,4873.0,4458.0,5127.73837582479,297.0,297.0,42.26162417521027,42.26162417521027,1786.0448779267174
2018-06-04 15:00:00,15,0,0,5797,5170.0,4554.0,5737.544918711751,627.0,627.0,59.45508128824895,59.45508128824895,3534.9066909922904
2018-06-04 16:00:00,16,0,0,7024,5797.0,4547.0,6443.496294605738,1227.0,1227.0,580.5037053942624,580.5037053942624,336984.5519764686
2018-06-04 17:00:00,17,0,1,6234,7024.0,4262.0,6504.584125594675,-790.0,790.0,-270.58412559467524,270.58412559467524,73215.76902383499
2018-06-04 18:00:00,18,0,1,4374,6234.0,3972.0,4442.083574374763,-1860.0,1860.0,-68.08357437476297,68.08357437476297,4635.373099643882
2018-06-04 19:00:00,19,0,1,3279,4374.0,3527.0,3199.733938538527,-1095.0,1095.0,79.26606146147287,79.26606146147287,6283.108499613995
2018-06-04 20:00:00,20,0,0,2941,3279.0,3043.0,2853.6296219495202,-338.0,338.0,87.37037805047976,87.37037805047976,7633.582960683755
2018-06-04 21:00:00,21,0,0,2776,2941.0,2490.0,2644.3677368914864,-165.0,165.0,131.6322631085136,131.6322631085136,17327.05269106895
2018-06-04 22:00:00,22,0,0,1871,2776.0,2051.0,2163.0403040164124,-905.0,905.0,-292.0403040164124,292.0403040164124,85287.53916999858
2018-06-04 23:00:00,23,0,0,1115,1871.0,1166.0,1248.100442746987,-756.0,756.0,-133.10044274698703,133.10044274698703,17715.72785944397
2018-06-05 00:00:00,0,1,0,635,1115.0,667.0,626.317511703477,-480.0,480.0,8.682488296523047,8.682488296523047,75.38560301925969
2018-06-05 01:00:00,1,1,0,399,635.0,377.0,393.0780877296283,-236.0,236.0,5.921912270371706,5.921912270371706,35.06904493797897
2018-06-05 02:00:00,2,1,0,297,399.0,285.0,315.1210908995465,-102.0,102.0,-18.121090899546516,18.121090899546516,328.37393538962755
2018-06-05 03:00:00,3,1,0,355,297.0,375.0,352.98565704192674,58.0,58.0,2.0143429580732573,2.0143429580732573,4.05757755273932
2018-06-05 04:00:00,4,1,0,952,355.0,928.0,852.4455731385665,597.0,597.0,99.55442686143351,99.55442686143351,9911.083907708515
2018-06-05 05:00:00,5,1,0,3078,952.0,3021.0,2892.541393103712,2126.0,2126.0,185.45860689628807,185.45860689628807,34394.89487191191
2018-06-05 06:00:00,6,1,0,5970,3078.0,5765.0,5842.084135270358,2892.0,2892.0,127.91586472964173,127.91586472964173,16362.468449532
2018-06-05 07:00:00,7,1,1,5972,5970.0,6081.0,6394.60219456421,2.0,2.0,-422.60219456420964,422.60219456420964,178592.6148504861
2018-06-05 08:00:00,8,1,1,5645,5972.0,5546.0,5633.459860485043,-327.0,327.0,11.540139514957445,11.540139514957445,133.17482002468228
2018-06-05 09:00:00,9,1,1,5046,5645.0,5108.0,5183.724728240862,-599.0,599.0,-137.72472824086162,137.72472824086162,18968.100769019187
2018-06-05 10:00:00,10,1,0,4592,5046.0,4334.0,4539.261250565487,-454.0,454.0,52.73874943451301,52.73874943451301,2781.3756919163466
2018-06-05 11:00:00,11,1,0,4778,4592.0,4489.0,4819.456554728204,186.0,186.0,-41.45655472820363,41.45655472820363,1718.6459299325425
2018-06-05 12:00:00,12,1,0,5256,4778.0,4741.0,4941.17190799398,478.0,478.0,314.8280920060197,314.8280920060197,99116.7275161508
2018-06-05 13:00:00,13,1,0,5285,5256.0,4873.0,5209.505953566748,29.0,29.0,75.49404643325215,75.49404643325215,5699.3510468660315
2018-06-05 14:00:00,14,1,0,5340,5285.0,5170.0,5520.592628195444,55.0,55.0,-180.59262819544438,180.59262819544438,32613.69735853801
2018-06-05 15:00:00,15,1,0,6102,5340.0,5797.0,5758.394973016966,762.0,762.0,343.6050269830339,343.6050269830339,118064.41456801145
2018-06-05 16:00:00,16,1,0,7037,6102.0,7024.0,6597.889752077233,935.0,935.0,439.1102479227666,439.1102479227666,192817.80983079353
2018-06-05 17:00:00,17,1,1,6431,7037.0,6234.0,6508.303679714528,-606.0,606.0,-77.30367971452779,77.30367971452779,5975.858897406295
2018-06-05 18:00:00,18,1,1,4582,6431.0,4374.0,4712.118914438681,-1849.0,1849.0,-130.1189144386808,130.1189144386808,16930.931894700734
2018-06-05 19:00:00,19,1,1,3510,4582.0,3279.0,3411.463504467447,-1072.0,1072.0,98.53649553255309,98.53649553255309,9709.440951836856
2018-06-05 20:00:00,20,1,0,3012,3510.0,2941.0,3069.4425001465,-498.0,498.0,-57.44250014650015,57.44250014650015,3299.64082308067
2018-06-05 21:00:00,21,1,0,2754,3012.0,2776.0,2734.908776590335,-258.0,258.0,19.091223409664963,19.091223409664963,364.4748112777395
2018-06-05 22:00:00,22,1,0,2212,2754.0,1871.0,2158.9842049677427,-542.0,542.0,53.0157950322573,53.0157950322573,2810.674522902318
2018-06-05 23:00:00,23,1,0,1227,2212.0,1115.0,1371.695461869505,-985.0,985.0,-144.69546186950492,144.69546186950492,20936.776685629353
2018-06-06 00:00:00,0,2,0,663,1227.0,635.0,674.9600085801753,-564.0,564.0,-11.960008580175327,11.960008580175327,143.04180523786744
2018-06-06 01:00:00,1,2,0,415,663.0,399.0,409.63065407954963,-248.0,248.0,5.369345920450371,5.369345920450371,28.82987561345704
2018-06-06 02:00:00,2,2,0,318,415.0,297.0,319.03879666461495,-97.0,97.0,-1.0387966646149493,1.0387966646149493,1.0790985104151436
2018-06-06 03:00:00,3,2,0,362,318.0,355.0,353.55428047775604,44.0,44.0,8.445719522243962,8.445719522243962,71.33017824841278
2018-06-06 04:00:00,4,2,0,934,362.0,952.0,852.8217202368135,572.0,572.0,81.17827976318654,81.17827976318654,6589.913105310181
2018-06-06 05:00:00,5,2,0,2980,934.0,3078.0,2892.541393103712,2046.0,2046.0,87.45860689628807,87.45860689628807,7649.007920239448
2018-06-06 06:00:00,6,2,0,5195,2980.0,5970.0,5847.570088920739,2215.0,2215.0,-652.5700889207392,652.5700889207392,425847.72095402144
2018-06-06 06:00:00,6,2,0,5195,5195.0,5972.0,5235.764781754661,0.0,0.0,-40.76478175466127,40.76478175466127,1661.7674315051645
2018-06-06 07:00:00,7,2,1,6083,5195.0,5645.0,6085.4426980109165,888.0,888.0,-2.4426980109165015,2.4426980109165015,5.966773572535433
2018-06-06 07:00:00,7,2,1,6083,6083.0,5046.0,6394.60219456421,0.0,0.0,-311.60219456420964,311.60219456420964,97095.92765723156
2018-06-06 07:00:00,7,2,1,6083,6083.0,4592.0,6402.592047135196,0.0,0.0,-319.59204713519557,319.59204713519557,102139.07659206507
2018-06-06 08:00:00,8,2,1,5301,6083.0,4778.0,5749.132873074325,-782.0,782.0,-448.1328730743253,448.1328730743253,200823.07192984933
2018-06-06 08:00:00,8,2,1,5301,5301.0,5256.0,5091.374657064348,0.0,0.0,209.62534293565204,209.62534293565204,43942.78440088972
2018-06-06 09:00:00,9,2,1,5324,5301.0,5285.0,5064.028583482082,23.0,23.0,259.97141651791844,259.97141651791844,67585.13740633304
2018-06-06 10:00:00,10,2,0,4621,5324.0,5340.0,4595.252496780568,-703.0,703.0,25.747503219431565,25.747503219431565,662.9339220346387
2018-06-06 11:00:00,11,2,0,4915,4621.0,6102.0,4860.474612853799,294.0,294.0,54.525387146200956,54.525387146200956,2973.0178434430964
2018-06-06 12:00:00,12,2,0,5098,4915.0,7037.0,5071.859467779691,183.0,183.0,26.14053222030907,26.14053222030907,683.3274247610166
2018-06-06 13:00:00,13,2,0,4799,5098.0,6431.0,5099.214663418272,-299.0,299.0,-300.2146634182718,300.2146634182718,90128.84413134622
2018-06-06 14:00:00,14,2,0,5226,4799.0,4582.0,5086.751243888375,427.0,427.0,139.24875611162497,139.24875611162497,19390.216078634814
2018-06-06 15:00:00,15,2,0,6264,5226.0,3510.0,5741.968850624843,1038.0,1038.0,522.0311493751569,522.0311493751569,272516.5209179474
2018-06-06 16:00:00,16,2,0,6925,6264.0,3012.0,6569.933172330677,661.0,661.0,355.0668276693232,355.0668276693232,126072.45211115685
2018-06-06 17:00:00,17,2,1,6637,6925.0,2754.0,6426.48001778104,-288.0,288.0,210.51998221895974,210.51998221895974,44318.662913471126
2018-06-06 18:00:00,18,2,1,5055,6637.0,2212.0,4814.3261995137345,-1582.0,1582.0,240.67380048626546,240.67380048626546,57923.878240502716
2018-06-06 19:00:00,19,2,1,3648,5055.0,1227.0,3501.397144025209,-1407.0,1407.0,146.60285597479105,146.60285597479105,21492.39737996533
2018-06-06 20:00:00,20,2,0,3157,3648.0,663.0,3097.977851861844,-491.0,491.0,59.0221481381559,59.0221481381559,3483.61397084242
2018-06-06 21:00:00,21,2,0,2723,3157.0,415.0,2821.1832598323886,-434.0,434.0,-98.18325983238856,98.18325983238856,9639.952511314325
2018-06-06 22:00:00,22,2,0,2224,2723.0,318.0,2017.9243893296348,-499.0,499.0,206.07561067036522,206.07561067036522,42467.157313163945
2018-06-06 23:00:00,23,2,0,1303,2224.0,362.0,1375.7096388795821,-921.0,921.0,-72.70963887958214,72.70963887958214,5286.691585999243
2018-06-07 00:00:00,0,3,0,685,1303.0,934.0,733.2632263045211,-618.0,618.0,-48.26322630452114,48.26322630452114,2329.339013321421
2018-06-07 01:00:00,1,3,0,439,685.0,2980.0,430.3075657542254,-246.0,246.0,8.69243424577462,8.69243424577462,75.55841311711539
2018-06-07 02:00:00,2,3,0,328,439.0,5195.0,338.2176168070897,-111.0,111.0,-10.217616807089712,10.217616807089712,104.39969321652217
2018-06-07 03:00:00,3,3,0,380,328.0,5195.0,353.55428047775604,52.0,52.0,26.445719522243962,26.445719522243962,699.3760810491955
2018-06-07 04:00:00,4,3,0,977,380.0,6083.0,861.8673690176748,597.0,597.0,115.13263098232517,115.13263098232517,13255.52271691226
2018-06-07 05:00:00,5,3,0,3018,977.0,6083.0,2892.541393103712,2041.0,2041.0,125.45860689628807,125.45860689628807,15739.862044357342
2018-06-07 06:00:00,6,3,0,5885,3018.0,6083.0,5838.328467135568,2867.0,2867.0,46.671532864432265,46.671532864432265,2178.231979915781
2018-06-07 07:00:00,7,3,1,6097,5885.0,5301.0,6394.60219456421,212.0,212.0,-297.60219456420964,297.60219456420964,88567.06620943369
2018-06-07 08:00:00,8,3,1,5871,6097.0,5301.0,5735.278381649247,-226.0,226.0,135.72161835075258,135.72161835075258,18420.35768774734
2018-06-07 09:00:00,9,3,1,5136,5871.0,5324.0,5184.925059158736,-735.0,735.0,-48.925059158736076,48.925059158736076,2393.6614136858248
2018-06-07 10:00:00,10,3,0,4691,5136.0,4621.0,4622.903325552759,-445.0,445.0,68.09667444724073,68.09667444724073,4637.157070773488
2018-06-07 11:00:00,11,3,0,5168,4691.0,4915.0,4892.376020448836,477.0,477.0,275.62397955116376,275.62397955116376,75968.57810362034
2018-06-07 12:00:00,12,3,0,5220,5168.0,5098.0,5242.214967445861,52.0,52.0,-22.214967445860566,22.214967445860566,493.50477862064474
2018-06-07 13:00:00,13,3,0,5094,5220.0,4799.0,5211.904319129721,-126.0,126.0,-117.90431912972144,117.90431912972144,13901.428469443197
2018-06-07 14:00:00,14,3,0,5399,5094.0,5226.0,5330.767487631121,305.0,305.0,68.23251236887882,68.23251236887882,4655.675744169201
2018-06-07 15:00:00,15,3,0,6202,5399.0,6264.0,5823.572013369623,803.0,803.0,378.42798663037684,378.42798663037684,143207.74106512067
2018-06-07 16:00:00,16,3,0,6858,6202.0,6925.0,6597.889752077233,656.0,656.0,260.1102479227666,260.1102479227666,67657.34107444309
2018-06-07 17:00:00,17,3,1,6286,6858.0,6637.0,6419.644179601783,-572.0,572.0,-133.64417960178343,133.64417960178343,17860.76674143375
2018-06-07 18:00:00,18,3,1,4858,6286.0,5055.0,4872.716623466399,-1428.0,1428.0,-14.716623466399142,14.716623466399142,216.5790062517699
2018-06-07 18:00:00,18,3,1,4858,4858.0,3648.0,4797.12182228893,0.0,0.0,60.87817771106984,60.87817771106984,3706.1525214206004
2018-06-07 19:00:00,19,3,1,3715,4858.0,3157.0,3588.9761265755164,-1143.0,1143.0,126.02387342448355,126.02387342448355,15882.016672910253
2018-06-07 20:00:00,20,3,0,3222,3715.0,2723.0,3240.2639790447593,-493.0,493.0,-18.263979044759253,18.263979044759253,333.5729305474051
2018-06-07 21:00:00,21,3,0,2912,3222.0,2224.0,3007.590178986773,-310.0,310.0,-95.59017898677303,95.59017898677303,9137.482318723303
2018-06-07 22:00:00,22,3,0,2215,2912.0,1303.0,2236.741191619597,-697.0,697.0,-21.741191619596975,21.741191619596975,472.67941304003375
2018-06-07 23:00:00,23,3,0,1398,2215.0,685.0,1374.3471110231833,-817.0,817.0,23.652888976816712,23.652888976816712,559.4591569496175
2018-06-08 00:00:00,0,4,0,800,1398.0,439.0,789.2889459164114,-598.0,598.0,10.711054083588579,10.711054083588579,114.72667958155957
2018-06-08 01:00:00,1,4,0,480,800.0,328.0,478.59172317872464,-320.0,320.0,1.408276821275365,1.408276821275365,1.9832436053414462
2018-06-08 01:00:00,1,4,0,480,480.0,380.0,348.51687958800704,0.0,0.0,131.48312041199296,131.48312041199296,17287.81095327464
2018-06-08 02:00:00,2,4,0,354,480.0,977.0,347.22909341431495,-126.0,126.0,6.770906585685054,6.770906585685054,45.84517599207324
2018-06-08 03:00:00,3,4,0,364,354.0,3018.0,359.5679861993613,10.0,10.0,4.4320138006386856,4.4320138006386856,19.642746329051768
2018-06-08 04:00:00,4,4,0,884,364.0,5885.0,816.6216277087043,520.0,520.0,67.3783722912957,67.3783722912957,4539.845052624445
2018-06-08 04:00:00,4,4,0,884,884.0,6097.0,861.4105891726895,0.0,0.0,22.58941082731053,22.58941082731053,510.2814815250142
2018-06-08 04:00:00,4,4,0,884,884.0,5871.0,858.7384496500675,0.0,0.0,25.261550349932463,25.261550349932463,638.145926082173
2018-06-08 05:00:00,5,4,0,2793,884.0,5136.0,2892.541393103712,1909.0,1909.0,-99.54139310371193,99.54139310371193,9908.488941027708
2018-06-08 06:00:00,6,4,0,5554,2793.0,4691.0,5643.697031410404,2761.0,2761.0,-89.69703141040372,89.69703141040372,8045.557443838952
2018-06-08 06:00:00,6,4,0,5554,5554.0,5168.0,5623.997473178792,0.0,0.0,-69.99747317879155,69.99747317879155,4899.646251415643
2018-06-08 07:00:00,7,4,1,6584,5554.0,5220.0,6352.611577469224,1030.0,1030.0,231.38842253077564,231.38842253077564,53540.60208128076
2018-06-08 07:00:00,7,4,1,6584,6584.0,5094.0,6419.772794919848,0.0,0.0,164.2272050801521,164.2272050801521,26970.574888438332
2018-06-08 07:00:00,7,4,1,6584,6584.0,5399.0,6419.772794919848,0.0,0.0,164.2272050801521,164.2272050801521,26970.574888438332
2018-06-08 08:00:00,8,4,1,5442,6584.0,6202.0,5909.733978859477,-1142.0,1142.0,-467.73397885947725,467.73397885947725,218775.0749797179
2018-06-08 09:00:00,9,4,1,5011,5442.0,6858.0,5180.511192612304,-431.0,431.0,-169.5111926123036,169.5111926123036,28734.04442084549
2018-06-08 09:00:00,9,4,1,5011,5011.0,6286.0,5059.210279179213,0.0,0.0,-48.2102791792131,48.2102791792131,2324.231018537668
2018-06-08 10:00:00,10,4,0,4681,5011.0,4858.0,4663.606235475859,-330.0,330.0,17.39376452414126,17.39376452414126,302.5430443212751
2018-06-08 11:00:00,11,4,0,4996,4681.0,4858.0,4887.0179564261725,315.0,315.0,108.98204357382747,108.98204357382747,11877.08582152763
2018-06-08 12:00:00,12,4,0,5415,4996.0,3715.0,5088.949371344641,419.0,419.0,326.0506286553591,326.0506286553591,106309.01244655489
2018-06-08 13:00:00,13,4,0,5563,5415.0,3222.0,5443.460205559262,148.0,148.0,119.53979444073775,119.53979444073775,14289.762454933836
2018-06-08 14:00:00,14,4,0,5936,5563.0,2912.0,5773.3381900448085,373.0,373.0,162.66180995519153,162.66180995519153,26458.864417898847
2018-06-08 15:00:00,15,4,0,6290,5936.0,2215.0,5909.434500324316,354.0,354.0,380.5654996756839,380.5654996756839,144830.09954340296
2018-06-08 16:00:00,16,4,0,6727,6290.0,1398.0,6435.657420324956,437.0,437.0,291.34257967504436,291.34257967504436,84880.49873170957
2018-06-08 17:00:00,17,4,1,5865,6727.0,800.0,6151.500245520172,-862.0,862.0,-286.50024552017203,286.50024552017203,82082.39068311885
2018-06-08 18:00:00,18,4,1,4959,5865.0,480.0,4851.098493188841,-906.0,906.0,107.90150681115938,107.90150681115938,11642.735172118673
2018-06-08 19:00:00,19,4,1,3792,4959.0,480.0,3791.9955012051482,-1167.0,1167.0,0.0044987948517700715,0.0044987948517700715,2.02391551183129e-05
2018-06-08 20:00:00,20,4,0,3251,3792.0,354.0,3267.017437566473,-541.0,541.0,-16.017437566472836,16.017437566472836,256.55830619585527
2018-06-08 21:00:00,21,4,0,3050,3251.0,364.0,3039.0016939869543,-201.0,201.0,10.998306013045749,10.998306013045749,120.96273515659827
2018-06-08 22:00:00,22,4,0,3360,3050.0,884.0,2834.095788578036,310.0,310.0,525.9042114219642,525.9042114219642,276575.239591358
2018-06-08 23:00:00,23,4,0,2903,3360.0,884.0,2414.169533425958,-457.0,457.0,488.830466574042,488.830466574042,238955.22505099562
2018-06-09 00:00:00,0,5,0,1511,2903.0,884.0,1793.5019222091876,-1392.0,1392.0,-282.50192220918757,282.50192220918757,79807.33605188587
2018-06-09 01:00:00,1,5,0,1110,1511.0,2793.0,918.7560239660921,-401.0,401.0,191.24397603390787,191.24397603390787,36574.25836925793
2018-06-09 02:00:00,2,5,0,866,1110.0,5554.0,724.1815980967876,-244.0,244.0,141.81840190321236,141.81840190321236,20112.459118381066
2018-06-09 03:00:00,3,5,0,614,866.0,5554.0,498.00545717669985,-252.0,252.0,115.99454282330015,115.99454282330015,13454.733964786412
2018-06-09 04:00:00,4,5,0,517,614.0,6584.0,511.29512819201756,-97.0,97.0,5.7048718079824425,5.7048718079824425,32.54556234551286
2018-06-09 05:00:00,5,5,0,795,517.0,6584.0,887.2373380038701,278.0,278.0,-92.23733800387015,92.23733800387015,8507.726522040188
2018-06-09 06:00:00,6,5,0,1398,795.0,6584.0,1422.7972901359194,603.0,603.0,-24.79729013591941,24.79729013591941,614.9055980849661
2018-06-09 07:00:00,7,5,1,2172,1398.0,5442.0,2099.1788216406517,774.0,774.0,72.82117835934832,72.82117835934832,5302.924017644021
2018-06-09 08:00:00,8,5,1,2686,2172.0,5011.0,3120.174707613935,514.0,514.0,-434.17470761393497,434.17470761393497,188507.67673164592
2018-06-09 09:00:00,9,5,1,3367,2686.0,5011.0,3429.3090828721697,681.0,681.0,-62.30908287216971,62.30908287216971,3882.421808370913
2018-06-09 10:00:00,10,5,0,3684,3367.0,4681.0,3719.3152965932777,317.0,317.0,-35.31529659327771,35.31529659327771,1247.1701734711721
2018-06-09 10:00:00,10,5,0,3684,3684.0,4996.0,4032.388171137672,0.0,0.0,-348.3881711376721,348.3881711376721,121374.3177886519
2018-06-09 10:00:00,10,5,0,3684,3684.0,5415.0,4032.388171137672,0.0,0.0,-348.3881711376721,348.3881711376721,121374.3177886519
2018-06-09 11:00:00,11,5,0,4085,3684.0,5563.0,4036.3698222933604,401.0,401.0,48.63017770663964,48.63017770663964,2364.8941837793514
2018-06-09 11:00:00,11,5,0,4085,4085.0,5936.0,4300.232613899516,0.0,0.0,-215.23261389951585,215.23261389951585,46325.07808601807
2018-06-09 11:00:00,11,5,0,4085,4085.0,6290.0,4302.780811497431,0.0,0.0,-217.7808114974314,217.7808114974314,47428.481856479746
2018-06-09 11:00:00,11,5,0,4085,4085.0,6727.0,4301.662970608357,0.0,0.0,-216.66297060835677,216.66297060835677,46942.84283283767
2018-06-09 12:00:00,12,5,0,4257,4085.0,5865.0,4276.79407510357,172.0,172.0,-19.79407510357032,19.79407510357032,391.80540920578244
2018-06-09 12:00:00,12,5,0,4257,4257.0,4959.0,4384.830069311666,0.0,0.0,-127.8300693116662,127.8300693116662,16340.526620225382
2018-06-09 12:00:00,12,5,0,4257,4257.0,3792.0,4384.830069311666,0.0,0.0,-127.8300693116662,127.8300693116662,16340.526620225382
2018-06-09 12:00:00,12,5,0,4257,4257.0,3251.0,4384.830069311666,0.0,0.0,-127.8300693116662,127.8300693116662,16340.526620225382
2018-06-09 13:00:00,13,5,0,4186,4257.0,3050.0,4384.899228810042,-71.0,71.0,-198.89922881004168,198.89922881004168,39560.90322122931
2018-06-09 13:00:00,13,5,0,4186,4186.0,3360.0,4323.735693254834,0.0,0.0,-137.73569325483368,137.73569325483368,18971.121196389635
2018-06-09 13:00:00,13,5,0,4186,4186.0,2903.0,4325.480212635444,0.0,0.0,-139.48021263544433,139.48021263544433,19454.729716828766
2018-06-09 14:00:00,14,5,0,4196,4186.0,1511.0,4324.130499799448,10.0,10.0,-128.13049979944844,128.13049979944844,16417.42497885646
2018-06-09 14:00:00,14,5,0,4196,4196.0,1110.0,4325.318701824839,0.0,0.0,-129.31870182483908,129.31870182483908,16723.32664166164
2018-06-09 14:00:00,14,5,0,4196,4196.0,866.0,4327.415284885297,0.0,0.0,-131.4152848852973,131.4152848852973,17269.977101483848
2018-06-09 15:00:00,15,5,0,3957,4196.0,614.0,4325.986703043432,-239.0,239.0,-368.9867030434316,368.9867030434316,136151.18702286156
2018-06-09 15:00:00,15,5,0,3957,3957.0,517.0,4073.3622681645093,0.0,0.0,-116.36226816450926,116.36226816450926,13540.177452389165
2018-06-09 15:00:00,15,5,0,3957,3957.0,795.0,4075.7333035446263,0.0,0.0,-118.73330354462632,118.73330354462632,14097.597370620373
2018-06-09 16:00:00,16,5,0,3940,3957.0,1398.0,4062.291784617048,-17.0,17.0,-122.29178461704805,122.29178461704805,14955.28058482247
2018-06-09 16:00:00,16,5,0,3940,3940.0,2172.0,4019.3804482535447,0.0,0.0,-79.38044825354473,79.38044825354473,6301.255564933692
2018-06-09 16:00:00,16,5,0,3940,3940.0,2686.0,4020.368082558248,0.0,0.0,-80.3680825582478,80.3680825582478,6459.028694089336
2018-06-09 17:00:00,17,5,1,3589,3940.0,3367.0,3765.0215786038807,-351.0,351.0,-176.0215786038807,176.0215786038807,30983.59613420215
2018-06-09 17:00:00,17,5,1,3589,3589.0,3684.0,3478.6864893397087,0.0,0.0,110.31351066029129,110.31351066029129,12169.070634198199
2018-06-09 18:00:00,18,5,1,3571,3589.0,3684.0,3467.9350617419277,-18.0,18.0,103.06493825807229,103.06493825807229,10622.381498140252
2018-06-09 18:00:00,18,5,1,3571,3571.0,3684.0,3457.897670710399,0.0,0.0,113.10232928960113,113.10232928960113,12792.136890733365
2018-06-09 18:00:00,18,5,1,3571,3571.0,4085.0,3457.897670710399,0.0,0.0,113.10232928960113,113.10232928960113,12792.136890733365
2018-06-09 19:00:00,19,5,1,3128,3571.0,4085.0,3313.718183849425,-443.0,443.0,-185.7181838494248,185.7181838494248,34491.24381232875
2018-06-09 20:00:00,20,5,0,2782,3128.0,4085.0,2948.9002602368764,-346.0,346.0,-166.90026023687642,166.90026023687642,27855.69686713707
2018-06-09 21:00:00,21,5,0,2835,2782.0,4085.0,2772.4059702953696,53.0,53.0,62.59402970463043,62.59402970463043,3918.0125546641566
2018-06-09 22:00:00,22,5,0,2863,2835.0,4257.0,2802.0684329044784,28.0,28.0,60.93156709552159,60.93156709552159,3712.655868716049
2018-06-09 23:00:00,23,5,0,1928,2863.0,4257.0,2382.794190588145,-935.0,935.0,-454.79419058814483,454.79419058814483,206837.7557927258
2018-06-10 00:00:00,0,6,0,1226,1928.0,4257.0,1365.525508810683,-702.0,702.0,-139.52550881068305,139.52550881068305,19467.367608879995
2018-06-10 01:00:00,1,6,0,777,1226.0,4257.0,921.317149878083,-449.0,449.0,-144.317149878083,144.317149878083,20827.439748933073
2018-06-10 02:00:00,2,6,0,570,777.0,4186.0,594.0650145486544,-207.0,207.0,-24.065014548654403,24.065014548654403,579.1249252269481
2018-06-10 03:00:00,3,6,0,350,570.0,4186.0,389.1377966712347,-220.0,220.0,-39.137796671234696,39.137796671234696,1531.7671282789097
2018-06-10 04:00:00,4,6,0,293,350.0,4186.0,315.1866015120105,-57.0,57.0,-22.186601512010498,22.186601512010498,492.2452866527465
2018-06-10 05:00:00,5,6,0,427,293.0,4196.0,465.646363371036,134.0,134.0,-38.64636337103599,38.64636337103599,1493.5414018061522
2018-06-10 06:00:00,6,6,0,808,427.0,4196.0,797.33416486046,381.0,381.0,10.665835139540036,10.665835139540036,113.76003922384702
2018-06-10 07:00:00,7,6,1,1012,808.0,4196.0,1124.5209239534724,204.0,204.0,-112.52092395347245,112.52092395347245,12660.958327343129
2018-06-10 08:00:00,8,6,1,1617,1012.0,3957.0,1661.9775204373782,605.0,605.0,-44.97752043737819,44.97752043737819,2022.9773446947727
2018-06-10 09:00:00,9,6,1,2417,1617.0,3957.0,2372.1560206878676,800.0,800.0,44.84397931213243,44.84397931213243,2010.9824805469616
2018-06-10 10:00:00,10,6,0,3075,2417.0,3957.0,2972.979533900623,658.0,658.0,102.02046609937679,102.02046609937679,10408.175503134089
2018-06-10 11:00:00,11,6,0,3656,3075.0,3940.0,3513.2072737331764,581.0,581.0,142.7927262668236,142.7927262668236,20389.762674712012
2018-06-10 12:00:00,12,6,0,3993,3656.0,3940.0,3815.9553851453256,337.0,337.0,177.04461485467436,177.04461485467436,31344.79564903998
2018-06-10 13:00:00,13,6,0,3888,3993.0,3940.0,4118.3585397813795,-105.0,105.0,-230.35853978137948,230.35853978137948,53065.05685020939
2018-06-10 14:00:00,14,6,0,4125,3888.0,3589.0,4017.7981494536057,237.0,237.0,107.20185054639433,107.20185054639433,11492.236760571466
2018-06-10 15:00:00,15,6,0,4062,4125.0,3589.0,4247.163870138916,-63.0,63.0,-185.16387013891563,185.16387013891563,34285.65880482121
2018-06-10 16:00:00,16,6,0,3901,4062.0,3571.0,4223.099276712153,-161.0,161.0,-322.09927671215337,322.09927671215337,103747.94405849234
2018-06-10 17:00:00,17,6,1,3584,3901.0,3571.0,3748.4354701504544,-317.0,317.0,-164.43547015045442,164.43547015045442,27039.023843600986
2018-06-10 18:00:00,18,6,1,3477,3584.0,3571.0,3427.5263719687246,-107.0,107.0,49.47362803127544,49.47362803127544,2447.639870577003
2018-06-10 19:00:00,19,6,1,3010,3477.0,3128.0,3063.8847789410893,-467.0,467.0,-53.88477894108928,53.88477894108928,2903.5694015300587
2018-06-10 20:00:00,20,6,0,2979,3010.0,2782.0,2706.885855393855,-31.0,31.0,272.11414460614515,272.11414460614515,74046.10769473408
2018-06-10 21:00:00,21,6,0,2353,2979.0,2835.0,2604.840171284338,-626.0,626.0,-251.84017128433788,251.84017128433788,63423.47187252464
2018-06-10 22:00:00,22,6,0,1834,2353.0,2863.0,1833.328723155378,-519.0,519.0,0.6712768446220707,0.6712768446220707,0.45061260212576365
2018-06-10 23:00:00,23,6,0,1101,1834.0,1928.0,1272.7132164848204,-733.0,733.0,-171.71321648482035,171.71321648482035,29485.42871556278
2018-06-11 00:00:00,0,0,0,642,1101.0,1226.0,621.009902606644,-459.0,459.0,20.990097393355995,20.990097393355995,440.58418858257016
2018-06-11 01:00:00,1,0,0,396,642.0,777.0,401.27148311127627,-246.0,246.0,-5.271483111276268,5.271483111276268,27.788534192470923
2018-06-11 02:00:00,2,0,0,291,396.0,570.0,312.13587631984393,-105.0,105.0,-21.13587631984393,21.13587631984393,446.7252678077394
2018-06-11 03:00:00,3,0,0,310,291.0,350.0,337.36190978563326,19.0,19.0,-27.36190978563326,27.36190978563326,748.6741071171331
2018-06-11 04:00:00,4,0,0,873,310.0,293.0,753.0371902530477,563.0,563.0,119.9628097469523,119.9628097469523,14391.075722383475
2018-06-11 05:00:00,5,0,0,2947,873.0,427.0,2892.541393103712,2074.0,2074.0,54.458606896288074,54.458606896288074,2965.739865084435
2018-06-11 06:00:00,6,0,0,5476,2947.0,808.0,5640.331265990344,2529.0,2529.0,-164.33126599034404,164.33126599034404,27004.764981989203
2018-06-11 07:00:00,7,0,1,6336,5476.0,1012.0,6309.605826107328,860.0,860.0,26.39417389267237,26.39417389267237,696.6524154766278
2018-06-11 08:00:00,8,0,1,5676,6336.0,1617.0,5884.203036699975,-660.0,660.0,-208.2030366999752,208.2030366999752,43348.50449109122
2018-06-11 09:00:00,9,0,1,4588,5676.0,2417.0,5031.236723281939,-1088.0,1088.0,-443.2367232819388,443.2367232819388,196458.79286570998
2018-06-11 10:00:00,10,0,0,4270,4588.0,3075.0,4336.355579159124,-318.0,318.0,-66.35557915912432,66.35557915912432,4403.062885542813
2018-06-11 11:00:00,11,0,0,4435,4270.0,3656.0,4421.572256765061,165.0,165.0,13.427743234939044,13.427743234939044,180.30428838345125
2018-06-11 12:00:00,12,0,0,4763,4435.0,3993.0,4650.308473840728,328.0,328.0,112.69152615927214,112.69152615927214,12699.380068105918
2018-06-11 12:00:00,12,0,0,4763,4763.0,3888.0,4899.448481980777,0.0,0.0,-136.4484819807767,136.4484819807767,18618.188234858346
2018-06-11 13:00:00,13,0,0,4658,4763.0,4125.0,4895.120373721436,-105.0,105.0,-237.1203737214364,237.1203737214364,56226.07163379367
2018-06-11 14:00:00,14,0,0,4923,4658.0,4062.0,4873.939856673026,265.0,265.0,49.06014332697396,49.06014332697396,2406.8976632632275
2018-06-11 15:00:00,15,0,0,5691,4923.0,3901.0,5554.7673520294065,768.0,768.0,136.23264797059346,136.23264797059346,18559.334373079644
2018-06-11 16:00:00,16,0,0,6556,5691.0,3584.0,6341.843582213441,865.0,865.0,214.15641778655936,214.15641778655936,45862.97127917136
2018-06-11 17:00:00,17,0,1,5922,6556.0,3477.0,6161.878817518458,-634.0,634.0,-239.87881751845816,239.87881751845816,57541.84709405375
2018-06-11 18:00:00,18,0,1,4512,5922.0,3010.0,4363.934282931343,-1410.0,1410.0,148.06571706865725,148.06571706865725,21923.45657105566
2018-06-11 18:00:00,18,0,1,4512,4512.0,2979.0,4437.227955513321,0.0,0.0,74.77204448667908,74.77204448667908,5590.858636717915
2018-06-11 18:00:00,18,0,1,4512,4512.0,2353.0,4438.113597874431,0.0,0.0,73.88640212556857,73.88640212556857,5459.200419061223
2018-06-11 19:00:00,19,0,1,3078,4512.0,1834.0,3327.0817473033303,-1434.0,1434.0,-249.0817473033303,249.0817473033303,62041.71683968009
2018-06-11 19:00:00,19,0,1,3078,3078.0,1101.0,2966.2911209257086,0.0,0.0,111.70887907429142,111.70887907429142,12478.873664034663
2018-06-11 20:00:00,20,0,0,2611,3078.0,642.0,2729.352833579973,-467.0,467.0,-118.35283357997287,118.35283357997287,14007.393216408753
2018-06-11 21:00:00,21,0,0,2240,2611.0,396.0,2389.4685441144566,-371.0,371.0,-149.46854411445656,149.46854411445656,22340.84567969525
2018-06-11 22:00:00,22,0,0,1861,2240.0,291.0,1654.280997437606,-379.0,379.0,206.71900256239405,206.71900256239405,42732.74602039108
2018-06-11 23:00:00,23,0,0,1109,1861.0,310.0,1257.3249500626914,-752.0,752.0,-148.3249500626914,148.3249500626914,22000.2908110999
2018-06-12 00:00:00,0,1,0,621,1109.0,873.0,623.534556400466,-488.0,488.0,-2.5345564004660446,2.5345564004660446,6.423976147143392
2018-06-12 01:00:00,1,1,0,396,621.0,2947.0,389.78811305442593,-225.0,225.0,6.211886945574065,6.211886945574065,38.58753942459349
2018-06-12 02:00:00,2,1,0,314,396.0,5476.0,312.55753215405855,-82.0,82.0,1.4424678459414508,1.4424678459414508,2.080713486574969
2018-06-12 03:00:00,3,1,0,362,314.0,6336.0,352.8327437605829,48.0,48.0,9.1672562394171,9.1672562394171,84.03858695913175
2018-06-12 03:00:00,3,1,0,362,362.0,5676.0,366.7186127713757,0.0,0.0,-4.718612771375717,4.718612771375717,22.265306486190028
2018-06-12 04:00:00,4,1,0,912,362.0,4588.0,850.8375957679971,550.0,550.0,61.16240423200293,61.16240423200293,3740.8396914389295
2018-06-12 05:00:00,5,1,0,3013,912.0,4270.0,2892.541393103712,2101.0,2101.0,120.45860689628807,120.45860689628807,14510.275975394461
2018-06-12 06:00:00,6,1,0,5905,3013.0,4435.0,5766.334975805328,2892.0,2892.0,138.6650241946718,138.6650241946718,19227.988934908914
2018-06-12 07:00:00,7,1,1,6283,5905.0,4763.0,6377.834801381129,378.0,378.0,-94.83480138112918,94.83480138112918,8993.639552998222
2018-06-12 08:00:00,8,1,1,5656,6283.0,4763.0,5844.9753239000065,-627.0,627.0,-188.97532390000652,188.97532390000652,35711.67304311237
2018-06-12 09:00:00,9,1,1,4948,5656.0,4658.0,5177.655365917858,-708.0,708.0,-229.65536591785803,229.65536591785803,52741.58709486527
2018-06-12 10:00:00,10,1,0,4574,4948.0,4923.0,4471.032465544198,-374.0,374.0,102.9675344558018,102.9675344558018,10602.31315190673
2018-06-12 11:00:00,11,1,0,4531,4574.0,5691.0,4794.314748008075,-43.0,43.0,-263.3147480080752,263.3147480080752,69334.65651855613
2018-06-12 12:00:00,12,1,0,4911,4531.0,6556.0,4783.810167045508,380.0,380.0,127.18983295449198,127.18983295449198,16177.253606991573
2018-06-12 13:00:00,13,1,0,4777,4911.0,5922.0,4949.3812217851055,-134.0,134.0,-172.38122178510548,172.38122178510548,29715.285624125725
2018-06-12 14:00:00,14,1,0,5185,4777.0,4512.0,4965.061753987385,408.0,408.0,219.9382460126153,219.9382460126153,48372.83205910569
2018-06-12 15:00:00,15,1,0,6092,5185.0,4512.0,5738.931340183989,907.0,907.0,353.06865981601095,353.06865981601095,124657.47854427407
2018-06-12 16:00:00,16,1,0,6777,6092.0,4512.0,6498.121733646935,685.0,685.0,278.87826635306465,278.87826635306465,77773.08744409087
2018-06-12 17:00:00,17,1,1,6366,6777.0,3078.0,6384.507989679558,-411.0,411.0,-18.507989679557795,18.507989679557795,342.54568197861784
2018-06-12 18:00:00,18,1,1,4701,6366.0,3078.0,4631.701724655298,-1665.0,1665.0,69.29827534470223,69.29827534470223,4802.250965750165
2018-06-12 19:00:00,19,1,1,3235,4701.0,2611.0,3389.5279082347784,-1466.0,1466.0,-154.52790823477835,154.52790823477835,23878.87442341608
2018-06-12 20:00:00,20,1,0,2975,3235.0,2240.0,2862.2816698661163,-260.0,260.0,112.71833013388368,112.71833013388368,12705.42194817119
2018-06-12 21:00:00,21,1,0,2990,2975.0,1861.0,2703.303483267701,15.0,15.0,286.6965167322992,286.6965167322992,82194.89270643351
2018-06-12 22:00:00,22,1,0,2332,2990.0,1109.0,2476.83206797118,-658.0,658.0,-144.8320679711801,144.8320679711801,20976.32791280853
2018-06-12 23:00:00,23,1,0,1250,2332.0,621.0,1358.386447131701,-1082.0,1082.0,-108.38644713170106,108.38644713170106,11747.62192183303
2018-06-13 00:00:00,0,2,0,684,1250.0,396.0,672.6778570612178,-566.0,566.0,11.322142938782235,11.322142938782235,128.19092072621643
2018-06-13 01:00:00,1,2,0,439,684.0,314.0,427.23159134735556,-245.0,245.0,11.768408652644439,11.768408652644439,138.4954422156365
2018-06-13 02:00:00,2,2,0,328,439.0,362.0,334.1588136497683,-111.0,111.0,-6.1588136497683195,6.1588136497683195,37.93098557257257
2018-06-13 03:00:00,3,2,0,387,328.0,362.0,353.55428047775604,59.0,59.0,33.44571952224396,33.44571952224396,1118.6161543606108
2018-06-13 04:00:00,4,2,0,922,387.0,912.0,871.0482222777073,535.0,535.0,50.95177772229272,50.95177772229272,2596.0836530619245
2018-06-13 05:00:00,5,2,0,3022,922.0,3013.0,2892.541393103712,2100.0,2100.0,129.45860689628807,129.45860689628807,16759.530899527646
2018-06-13 06:00:00,6,2,0,5767,3022.0,5905.0,5844.422378514097,2745.0,2745.0,-77.42237851409664,77.42237851409664,5994.224694780052
2018-06-13 07:00:00,7,2,1,6127,5767.0,6283.0,6394.035767655694,360.0,360.0,-267.03576765569414,267.03576765569414,71308.10120746586
2018-06-13 08:00:00,8,2,1,5664,6127.0,5656.0,5636.931497068979,-463.0,463.0,27.068502931020703,27.068502931020703,732.7038509266764
2018-06-13 09:00:00,9,2,1,5157,5664.0,4948.0,5180.296260193931,-507.0,507.0,-23.29626019393072,23.29626019393072,542.715739023321
2018-06-13 10:00:00,10,2,0,4579,5157.0,4574.0,4587.583802597662,-578.0,578.0,-8.583802597661816,8.583802597661816,73.68166703562574
2018-06-13 11:00:00,11,2,0,4687,4579.0,4531.0,4797.577012457058,108.0,108.0,-110.57701245705812,110.57701245705812,12227.275683928387
2018-06-13 12:00:00,12,2,0,5110,4687.0,4911.0,4887.0179564261725,423.0,423.0,222.98204357382747,222.98204357382747,49720.991756360294
2018-06-13 13:00:00,13,2,0,4998,5110.0,4777.0,5133.7610896525775,-112.0,112.0,-135.76108965257754,135.76108965257754,18431.073463655197
2018-06-13 14:00:00,14,2,0,5227,4998.0,5185.0,5296.975034283095,229.0,229.0,-69.97503428309483,69.97503428309483,4896.505422920297
2018-06-13 15:00:00,15,2,0,6188,5227.0,6092.0,5746.720066366527,961.0,961.0,441.27993363347287,441.27993363347287,194727.97982756223
2018-06-13 16:00:00,16,2,0,6781,6188.0,6777.0,6596.719309798372,593.0,593.0,184.2806902016282,184.2806902016282,33959.37278118847
2018-06-13 17:00:00,17,2,1,5644,6781.0,6366.0,6390.113039575106,-1137.0,1137.0,-746.1130395751061,746.1130395751061,556684.6678240038
2018-06-13 18:00:00,18,2,1,4617,5644.0,4701.0,4516.897385966111,-1027.0,1027.0,100.10261403388904,100.10261403388904,10020.533336417759
2018-06-13 19:00:00,19,2,1,3560,4617.0,3235.0,3455.442522203973,-1057.0,1057.0,104.55747779602689,104.55747779602689,10932.266163066655
2018-06-13 20:00:00,20,2,0,3277,3560.0,2975.0,3077.624653502759,-283.0,283.0,199.37534649724103,199.37534649724103,39750.52879089492
2018-06-13 21:00:00,21,2,0,2777,3277.0,2990.0,2903.1454297595938,-500.0,500.0,-126.14542975959375,126.14542975959375,15912.6694492326
2018-06-13 22:00:00,22,2,0,2123,2777.0,2332.0,2132.008706064263,-654.0,654.0,-9.008706064263151,9.008706064263151,81.15678495229167
2018-06-13 23:00:00,23,2,0,1283,2123.0,1250.0,1332.098072304403,-840.0,840.0,-49.098072304403104,49.098072304403104,2410.620704008395
2018-06-14 00:00:00,0,3,0,724,1283.0,684.0,708.7436229370796,-559.0,559.0,15.256377062920365,15.256377062920365,232.7570410860026
2018-06-14 01:00:00,1,3,0,424,724.0,439.0,435.5760169131162,-300.0,300.0,-11.576016913116177,11.576016913116177,134.00416757275178
2018-06-14 02:00:00,2,3,0,308,424.0,328.0,334.916691602163,-116.0,116.0,-26.916691602162985,26.916691602162985,724.5082868059513
2018-06-14 03:00:00,3,3,0,368,308.0,387.0,353.3940162810561,60.0,60.0,14.60598371894389,14.60598371894389,213.33476039805396
2018-06-14 04:00:00,4,3,0,928,368.0,922.0,852.4246256670737,560.0,560.0,75.57537433292634,75.57537433292634,5711.637205561942
2018-06-14 05:00:00,5,3,0,3013,928.0,3022.0,2892.541393103712,2085.0,2085.0,120.45860689628807,120.45860689628807,14510.275975394461
2018-06-14 06:00:00,6,3,0,5824,3013.0,5767.0,5806.099962160762,2811.0,2811.0,17.900037839238394,17.900037839238394,320.4113546461663
2018-06-14 07:00:00,7,3,1,6438,5824.0,6127.0,6391.6995005977005,614.0,614.0,46.300499402299465,46.300499402299465,2143.736244902333
2018-06-14 08:00:00,8,3,1,5778,6438.0,5664.0,5914.425095917991,-660.0,660.0,-136.4250959179908,136.4250959179908,18611.80679623299
2018-06-14 09:00:00,9,3,1,4983,5778.0,5157.0,5182.542599307605,-795.0,795.0,-199.5425993076051,199.5425993076051,39817.24893843544
2018-06-14 10:00:00,10,3,0,4510,4983.0,4579.0,4618.900165805927,-473.0,473.0,-108.90016580592692,108.90016580592692,11859.246112558374
2018-06-14 11:00:00,11,3,0,4810,4510.0,4687.0,4766.3666620599615,300.0,300.0,43.63333794003847,43.63333794003847,1903.8681797896008
2018-06-14 12:00:00,12,3,0,5062,4810.0,5110.0,5044.920919907605,252.0,252.0,17.07908009239509,17.07908009239509,291.6949768024462
2018-06-14 13:00:00,13,3,0,5018,5062.0,4998.0,5083.277825881313,-44.0,44.0,-65.27782588131322,65.27782588131322,4261.194551791046
2018-06-14 14:00:00,14,3,0,5434,5018.0,5227.0,5298.81036439887,416.0,416.0,135.18963560113025,135.18963560113025,18276.237573966384
2018-06-14 15:00:00,15,3,0,6192,5434.0,6188.0,5892.825243892145,758.0,758.0,299.1747561078546,299.1747561078546,89505.53469219428
2018-06-14 16:00:00,16,3,0,6890,6192.0,6781.0,6594.880608170352,698.0,698.0,295.1193918296476,295.1193918296476,87095.45543390108
2018-06-14 17:00:00,17,3,1,6049,6890.0,5644.0,6421.244795970767,-841.0,841.0,-372.244795970767,372.244795970767,138566.18812731793
2018-06-14 18:00:00,18,3,1,4819,6049.0,4617.0,4745.646319217104,-1230.0,1230.0,73.35368078289594,73.35368078289594,5380.762484398996
2018-06-14 19:00:00,19,3,1,3709,4819.0,3560.0,3599.3749281323135,-1110.0,1110.0,109.62507186768653,109.62507186768653,12017.656381995437
2018-06-14 20:00:00,20,3,0,3274,3709.0,3277.0,3238.858965974394,-435.0,435.0,35.14103402560613,35.14103402560613,1234.892272388808
2018-06-14 21:00:00,21,3,0,2922,3274.0,2777.0,3022.6105725894495,-352.0,352.0,-100.61057258944948,100.61057258944948,10122.487316776882
2018-06-14 22:00:00,22,3,0,2284,2922.0,2123.0,2225.909323003514,-638.0,638.0,58.090676996485854,58.090676996485854,3374.526753910051
2018-06-14 23:00:00,23,3,0,1388,2284.0,1283.0,1346.39479687973,-896.0,896.0,41.60520312027006,41.60520312027006,1730.9929266789297
2018-06-15 00:00:00,0,4,0,830,1388.0,724.0,787.4132848859342,-558.0,558.0,42.58671511406578,42.58671511406578,1813.6283042065988
2018-06-15 01:00:00,1,4,0,500,830.0,424.0,481.927572989663,-330.0,330.0,18.07242701033698,18.07242701033698,326.61261804395764
2018-06-15 02:00:00,2,4,0,358,500.0,308.0,346.4902639392404,-142.0,142.0,11.509736060759622,11.509736060759622,132.4740241883504
2018-06-15 03:00:00,3,4,0,384,358.0,368.0,367.7202372746623,26.0,26.0,16.27976272533772,16.27976272533772,265.0306743932954
2018-06-15 04:00:00,4,4,0,866,384.0,928.0,819.1740759202355,482.0,482.0,46.82592407976449,46.82592407976449,2192.6671659238677
2018-06-15 05:00:00,5,4,0,2843,866.0,3013.0,2865.3280094860656,1977.0,1977.0,-22.32800948606564,22.32800948606564,498.5400076098372
2018-06-15 06:00:00,6,4,0,5432,2843.0,5824.0,5657.044067805149,2589.0,2589.0,-225.0440678051491,225.0440678051491,50644.832454288546
2018-06-15 07:00:00,7,4,1,6361,5432.0,6438.0,6330.476049385036,929.0,929.0,30.523950614963724,30.523950614963724,931.7115611447443
2018-06-15 08:00:00,8,4,1,5671,6361.0,5778.0,5851.825904616263,-690.0,690.0,-180.82590461626296,180.82590461626296,32698.00778028983
2018-06-15 09:00:00,9,4,1,4977,5671.0,4983.0,5180.296260193931,-694.0,694.0,-203.29626019393072,203.29626019393072,41329.36940883838
2018-06-15 10:00:00,10,4,0,4801,4977.0,4510.0,4681.29614785558,-176.0,176.0,119.70385214442013,119.70385214442013,14329.012218213195
2018-06-15 11:00:00,11,4,0,5025,4801.0,4810.0,5036.883545506985,224.0,224.0,-11.883545506984774,11.883545506984774,141.218653816578
2018-06-15 12:00:00,12,4,0,5396,5025.0,5062.0,5093.768800894308,371.0,371.0,302.2311991056922,302.2311991056922,91343.69771286457
2018-06-15 13:00:00,13,4,0,5168,5396.0,5018.0,5424.729954223103,-228.0,228.0,-256.72995422310305,256.72995422310305,65910.2693953966
2018-06-15 14:00:00,14,4,0,5614,5168.0,5434.0,5381.782091321104,446.0,446.0,232.21790867889558,232.21790867889558,53925.157111199886
2018-06-15 15:00:00,15,4,0,5993,5614.0,6192.0,5901.525724561063,379.0,379.0,91.47427543893718,91.47427543893718,8367.543067078546
2018-06-15 16:00:00,16,4,0,6333,5993.0,6890.0,6289.614564177248,340.0,340.0,43.38543582275179,43.38543582275179,1882.296041530114
2018-06-15 16:00:00,16,4,0,6333,6333.0,6049.0,6404.863024944727,0.0,0.0,-71.86302494472693,71.86302494472693,5164.294354206445
2018-06-15 17:00:00,17,4,1,5165,6333.0,4819.0,5830.783146261212,-1168.0,1168.0,-665.7831462612121,665.7831462612121,443267.19784547854
2018-06-15 18:00:00,18,4,1,4369,5165.0,3709.0,4760.390151698882,-796.0,796.0,-391.3901516988817,391.3901516988817,153186.25084687365
2018-06-15 19:00:00,19,4,1,3688,4369.0,3274.0,3450.628140111279,-681.0,681.0,237.3718598887208,237.3718598887208,56345.39986703049
2018-06-15 19:00:00,19,4,1,3688,3688.0,2922.0,3345.285565111474,0.0,0.0,342.71443488852583,342.71443488852583,117453.18388096162
2018-06-15 20:00:00,20,4,0,3123,3688.0,2284.0,3177.5935802751787,-565.0,565.0,-54.59358027517874,54.59358027517874,2980.459007262385
2018-06-15 21:00:00,21,4,0,3118,3123.0,1388.0,3042.7368964820216,-5.0,5.0,75.26310351797838,75.26310351797838,5664.534751157929
2018-06-15 22:00:00,22,4,0,2778,3118.0,830.0,2851.5844843240125,-340.0,340.0,-73.58448432401246,73.58448432401246,5414.6763332308365
2018-06-15 23:00:00,23,4,0,2666,2778.0,500.0,2099.9440851761883,-112.0,112.0,566.0559148238117,566.0559148238117,320419.29870702233
2018-06-16 00:00:00,0,5,0,1386,2666.0,358.0,1640.347164878365,-1280.0,1280.0,-254.347164878365,254.347164878365,64692.48028166219
2018-06-16 01:00:00,1,5,0,825,1386.0,384.0,889.8903278638581,-561.0,561.0,-64.89032786385815,64.89032786385815,4210.754650279005
2018-06-16 02:00:00,2,5,0,587,825.0,866.0,628.2909629106166,-238.0,238.0,-41.2909629106166,41.2909629106166,1704.9436180859157
2018-06-16 03:00:00,3,5,0,391,587.0,2843.0,393.3025148617201,-196.0,196.0,-2.3025148617201125,2.3025148617201125,5.301574688441989
2018-06-16 04:00:00,4,5,0,402,391.0,5432.0,417.1186391397299,11.0,11.0,-15.118639139729908,15.118639139729908,228.57324943737308
2018-06-16 05:00:00,5,5,0,772,402.0,6361.0,785.0413899769037,370.0,370.0,-13.041389976903702,13.041389976903702,170.07785252968432
2018-06-16 06:00:00,6,5,0,1196,772.0,5671.0,1399.965269158899,424.0,424.0,-203.965269158899,203.965269158899,41601.831023062114
2018-06-16 07:00:00,7,5,1,1651,1196.0,4977.0,1826.8986734019136,455.0,455.0,-175.89867340191358,175.89867340191358,30940.343304553062
2018-06-16 07:00:00,7,5,1,1651,1651.0,4801.0,2207.3134424615546,0.0,0.0,-556.3134424615546,556.3134424615546,309484.6462634254
2018-06-16 08:00:00,8,5,1,2329,1651.0,5025.0,2419.435616181035,678.0,678.0,-90.43561618103513,90.43561618103513,8178.600674043503
2018-06-16 08:00:00,8,5,1,2329,2329.0,5396.0,3152.8782944856134,0.0,0.0,-823.8782944856134,823.8782944856134,678775.4441245232
2018-06-16 08:00:00,8,5,1,2329,2329.0,5168.0,3152.440283530741,0.0,0.0,-823.440283530741,823.440283530741,678053.9005411871
2018-06-16 09:00:00,9,5,1,3017,2329.0,5614.0,3133.422351298991,688.0,688.0,-116.42235129899109,116.42235129899109,13554.163881985693
2018-06-16 09:00:00,9,5,1,3017,3017.0,5993.0,3533.335417039596,0.0,0.0,-516.335417039596,516.335417039596,266602.2628894535
2018-06-16 09:00:00,9,5,1,3017,3017.0,6333.0,3502.5622519146286,0.0,0.0,-485.56225191462863,485.56225191462863,235770.70048440527
2018-06-16 10:00:00,10,5,0,3514,3017.0,6333.0,3474.2303110352013,497.0,497.0,39.76968896479866,39.76968896479866,1581.6281603568284
2018-06-16 10:00:00,10,5,0,3514,3514.0,5165.0,3778.3145931941176,0.0,0.0,-264.3145931941176,264.3145931941176,69862.20417537188
2018-06-16 10:00:00,10,5,0,3514,3514.0,4369.0,3777.1803127209223,0.0,0.0,-263.1803127209223,263.1803127209223,69263.87700388246
2018-06-16 11:00:00,11,5,0,3907,3514.0,3688.0,3768.570051292242,393.0,393.0,138.42994870775783,138.42994870775783,19162.850699232466
2018-06-16 11:00:00,11,5,0,3907,3907.0,3688.0,4038.020536461533,0.0,0.0,-131.02053646153308,131.02053646153308,17166.38097466792
2018-06-16 11:00:00,11,5,0,3907,3907.0,3123.0,4036.1562804605533,0.0,0.0,-129.15628046055326,129.15628046055326,16681.344782405093
2018-06-16 12:00:00,12,5,0,4494,3907.0,3118.0,4036.1562804605533,587.0,587.0,457.84371953944674,457.84371953944674,209620.87152171557
2018-06-16 12:00:00,12,5,0,4494,4494.0,2778.0,4617.102563437647,0.0,0.0,-123.1025634376474,123.1025634376474,15154.241124920003
2018-06-16 13:00:00,13,5,0,4834,4494.0,2666.0,4610.893953148956,340.0,340.0,223.10604685104408,223.10604685104408,49776.308141500274
2018-06-16 13:00:00,13,5,0,4834,4834.0,1386.0,4878.860109910874,0.0,0.0,-44.86010991087369,44.86010991087369,2012.4294612156677
2018-06-16 14:00:00,14,5,0,4900,4834.0,825.0,4772.418756014162,66.0,66.0,127.58124398583823,127.58124398583823,16276.973816973983
2018-06-16 14:00:00,14,5,0,4900,4900.0,587.0,4793.598238546914,0.0,0.0,106.40176145308578,106.40176145308578,11321.334840319372
2018-06-16 15:00:00,15,5,0,4363,4900.0,391.0,4787.70827826408,-537.0,537.0,-424.70827826408004,424.70827826408004,180377.12162603924
2018-06-16 16:00:00,16,5,0,4495,4363.0,402.0,4423.333979388631,132.0,132.0,71.66602061136928,71.66602061136928,5136.018510269206
2018-06-16 17:00:00,17,5,1,4053,4495.0,772.0,4407.434265131807,-442.0,442.0,-354.43426513180657,354.43426513180657,125623.64829952376
2018-06-16 18:00:00,18,5,1,3987,4053.0,1196.0,3938.610257634409,-66.0,66.0,48.38974236559079,48.38974236559079,2341.5671662082523
2018-06-16 19:00:00,19,5,1,3223,3987.0,1651.0,3427.3917804401426,-764.0,764.0,-204.3917804401426,204.3917804401426,41775.99991149146
2018-06-16 20:00:00,20,5,0,2928,3223.0,1651.0,2987.748149794424,-295.0,295.0,-59.74814979442408,59.74814979442408,3569.841403856938
2018-06-16 21:00:00,21,5,0,2887,2928.0,2329.0,2927.706684061991,-41.0,41.0,-40.70668406199093,40.70668406199093,1657.0341273227461
2018-06-16 22:00:00,22,5,0,2606,2887.0,2329.0,2824.039747905752,-281.0,281.0,-218.03974790575194,218.03974790575194,47541.33166680385
2018-06-16 23:00:00,23,5,0,2047,2606.0,2329.0,2156.6518949599795,-559.0,559.0,-109.65189495997947,109.65189495997947,12023.538068314372
2018-06-17 00:00:00,0,6,0,1332,2047.0,3017.0,1368.1801204655746,-715.0,715.0,-36.180120465574646,36.180120465574646,1309.0011169034933
2018-06-17 01:00:00,1,6,0,866,1332.0,3017.0,892.7468492971767,-466.0,466.0,-26.74684929717671,26.74684929717671,715.3939473258822
2018-06-17 02:00:00,2,6,0,659,866.0,3017.0,678.7054715338141,-207.0,207.0,-19.705471533814148,19.705471533814148,388.3056083699597
2018-06-17 03:00:00,3,6,0,413,659.0,3514.0,421.5139796689231,-246.0,246.0,-8.513979668923128,8.513979668923128,72.48784980283637
2018-06-17 04:00:00,4,6,0,393,413.0,3514.0,360.74620071906924,-20.0,20.0,32.253799280930764,32.253799280930764,1040.3075680545699
2018-06-17 04:00:00,4,6,0,393,393.0,3514.0,363.0456707076313,0.0,0.0,29.954329292368698,29.954329292368698,897.2618433556574
2018-06-17 04:00:00,4,6,0,393,393.0,3907.0,368.272488597338,0.0,0.0,24.727511402662003,24.727511402662003,611.4498201687794
2018-06-17 05:00:00,5,6,0,552,393.0,3907.0,566.7390180109312,159.0,159.0,-14.739018010931204,14.739018010931204,217.23865192655444
2018-06-17 06:00:00,6,6,0,885,552.0,3907.0,933.6951588072436,333.0,333.0,-48.695158807243615,48.695158807243615,2371.2184912626753
2018-06-17 06:00:00,6,6,0,885,885.0,4494.0,1076.1762835470329,0.0,0.0,-191.17628354703288,191.17628354703288,36548.371390855515
2018-06-17 07:00:00,7,6,1,1185,885.0,4494.0,1131.4520541677882,300.0,300.0,53.54794583221178,53.54794583221178,2867.382502849487
2018-06-17 08:00:00,8,6,1,1724,1185.0,4834.0,1809.404349811822,539.0,539.0,-85.40434981182193,85.40434981182193,7293.902966780049
2018-06-17 08:00:00,8,6,1,1724,1724.0,4834.0,2139.9848063715062,0.0,0.0,-415.98480637150624,415.98480637150624,173043.35913193953
2018-06-17 09:00:00,9,6,1,2723,1724.0,4900.0,2402.182316081235,999.0,999.0,320.81768391876494,320.81768391876494,102923.98631500057
2018-06-17 10:00:00,10,6,0,3488,2723.0,4900.0,3349.1027963488505,765.0,765.0,138.89720365114954,138.89720365114954,19292.433182108907
2018-06-17 11:00:00,11,6,0,3790,3488.0,4363.0,3774.6957765267002,302.0,302.0,15.304223473299771,15.304223473299771,234.21925612069973
2018-06-17 12:00:00,12,6,0,4260,3790.0,4495.0,4022.0467716785115,470.0,470.0,237.9532283214885,237.9532283214885,56621.738868618435
2018-06-17 13:00:00,13,6,0,4365,4260.0,4053.0,4377.832190947095,105.0,105.0,-12.832190947095114,12.832190947095114,164.6651245027098
2018-06-17 14:00:00,14,6,0,4192,4365.0,3987.0,4419.189302077062,-173.0,173.0,-227.18930207706217,227.18930207706217,51614.9789782626
2018-06-17 15:00:00,15,6,0,4234,4192.0,3223.0,4299.92874666816,42.0,42.0,-65.92874666815987,65.92874666815987,4346.599637234402
2018-06-17 16:00:00,16,6,0,4404,4234.0,2928.0,4348.397793290684,170.0,170.0,55.602206709316306,55.602206709316306,3091.605390945539
2018-06-17 16:00:00,16,6,0,4404,4404.0,2887.0,4430.154176355946,0.0,0.0,-26.15417635594622,26.15417635594622,684.0409408579363
2018-06-17 17:00:00,17,6,1,4175,4404.0,2606.0,4144.358119547461,-229.0,229.0,30.641880452539226,30.641880452539226,938.9248376677056
2018-06-17 17:00:00,17,6,1,4175,4175.0,2047.0,3964.8593795634592,0.0,0.0,210.14062043654076,210.14062043654076,44159.08035745429
2018-06-17 18:00:00,18,6,1,3843,4175.0,1332.0,3882.5078427932317,-332.0,332.0,-39.5078427932317,39.5078427932317,1560.8696421747102
2018-06-17 18:00:00,18,6,1,3843,3843.0,866.0,3697.8248659722904,0.0,0.0,145.17513402770965,145.17513402770965,21075.81953996346
2018-06-17 19:00:00,19,6,1,3613,3843.0,659.0,3395.6306256662288,-230.0,230.0,217.36937433377125,217.36937433377125,47249.44489825517
2018-06-17 20:00:00,20,6,0,3185,3613.0,413.0,3085.17475086964,-428.0,428.0,99.82524913036013,99.82524913036013,9965.080363938467
2018-06-17 20:00:00,20,6,0,3185,3185.0,393.0,2774.6181767342564,0.0,0.0,410.3818232657436,410.3818232657436,168413.24086691602
2018-06-17 21:00:00,21,6,0,2568,3185.0,393.0,2772.1043812706293,-617.0,617.0,-204.10438127062935,204.10438127062935,41658.598453866434
2018-06-17 21:00:00,21,6,0,2568,2568.0,393.0,2450.3903842485956,0.0,0.0,117.60961575140436,117.60961575140436,13832.021717192982
2018-06-17 22:00:00,22,6,0,2045,2568.0,552.0,2214.509028147285,-523.0,523.0,-169.50902814728488,169.50902814728488,28733.310623437017
2018-06-17 23:00:00,23,6,0,1218,2045.0,885.0,1432.0841375707785,-827.0,827.0,-214.08413757077847,214.08413757077847,45832.017959424
2018-06-17 23:00:00,23,6,0,1218,1218.0,885.0,1046.1652076745845,0.0,0.0,171.8347923254155,171.8347923254155,29527.19585351867
2018-06-18 00:00:00,0,0,0,627,1218.0,1185.0,695.8629552090341,-591.0,591.0,-68.86295520903411,68.86295520903411,4742.1066001214385
2018-06-18 00:00:00,0,0,0,627,627.0,1724.0,608.3005496432266,0.0,0.0,18.699450356773355,18.699450356773355,349.66944364543116
2018-06-18 01:00:00,1,0,0,367,627.0,1724.0,393.83456874149056,-260.0,260.0,-26.834568741490557,26.834568741490557,720.0940795417821
2018-06-18 01:00:00,1,0,0,367,367.0,2723.0,328.38558786635303,0.0,0.0,38.614412133646965,38.614412133646965,1491.072824427142
2018-06-18 01:00:00,1,0,0,367,367.0,3488.0,328.6140929759402,0.0,0.0,38.385907024059804,38.385907024059804,1473.4778580597638
2018-06-18 01:00:00,1,0,0,367,367.0,3790.0,328.6140929759402,0.0,0.0,38.385907024059804,38.385907024059804,1473.4778580597638
2018-06-18 02:00:00,2,0,0,272,367.0,4260.0,288.45627161031115,-95.0,95.0,-16.45627161031115,16.45627161031115,270.8088753123327
2018-06-18 02:00:00,2,0,0,272,272.0,4365.0,271.0808297773531,0.0,0.0,0.919170222646926,0.919170222646926,0.8448738982007996
2018-06-18 02:00:00,2,0,0,272,272.0,4192.0,271.0808297773531,0.0,0.0,0.919170222646926,0.919170222646926,0.8448738982007996
2018-06-18 03:00:00,3,0,0,365,272.0,4234.0,338.2766606487301,93.0,93.0,26.723339351269885,26.723339351269885,714.1368660831296
2018-06-18 03:00:00,3,0,0,365,365.0,4404.0,364.6890636420426,0.0,0.0,0.3109363579574165,0.3109363579574165,0.09668141869982264
2018-06-18 03:00:00,3,0,0,365,365.0,4404.0,364.1613606730215,0.0,0.0,0.8386393269785231,0.8386393269785231,0.7033159207549902
2018-06-18 04:00:00,4,0,0,802,365.0,4175.0,843.2644564277107,437.0,437.0,-41.264456427710684,41.264456427710684,1702.7553642744335
2018-06-18 05:00:00,5,0,0,2891,802.0,4175.0,2641.3768166519126,2089.0,2089.0,249.62318334808742,249.62318334808742,62311.73366483287
2018-06-18 05:00:00,5,0,0,2891,2891.0,3843.0,2903.6408563952773,0.0,0.0,-12.640856395277297,12.640856395277297,159.79125040602293
2018-06-18 06:00:00,6,0,0,5541,2891.0,3843.0,5600.335483203591,2650.0,2650.0,-59.33548320359114,59.33548320359114,3520.6995670036463
2018-06-18 06:00:00,6,0,0,5541,5541.0,3613.0,5621.390836833655,0.0,0.0,-80.39083683365516,80.39083683365516,6462.686646815367
2018-06-18 07:00:00,7,0,1,6386,5541.0,3185.0,6312.355315085014,845.0,845.0,73.6446849149861,73.6446849149861,5423.539616227581
2018-06-18 07:00:00,7,0,1,6386,6386.0,3185.0,6376.256199380107,0.0,0.0,9.743800619892681,9.743800619892681,94.941650520221
2018-06-18 08:00:00,8,0,1,5765,6386.0,2568.0,5891.300909738298,-621.0,621.0,-126.30090973829829,126.30090973829829,15951.919800721771
2018-06-18 09:00:00,9,0,1,4767,5765.0,2568.0,5165.745138326751,-998.0,998.0,-398.74513832675075,398.74513832675075,158997.68533921958
2018-06-18 09:00:00,9,0,1,4767,4767.0,2045.0,4594.50366071846,0.0,0.0,172.4963392815398,172.4963392815398,29754.987065532092
2018-06-18 10:00:00,10,0,0,4161,4767.0,1218.0,4432.388112714796,-606.0,606.0,-271.3881127147961,271.3881127147961,73651.50772289887
2018-06-18 10:00:00,10,0,0,4161,4161.0,1218.0,4244.672572792045,0.0,0.0,-83.67257279204478,83.67257279204478,7001.099437640031
2018-06-18 10:00:00,10,0,0,4161,4161.0,627.0,4244.672572792045,0.0,0.0,-83.67257279204478,83.67257279204478,7001.099437640031
2018-06-18 11:00:00,11,0,0,4435,4161.0,627.0,4288.234077427453,274.0,274.0,146.76592257254742,146.76592257254742,21540.236028570984
2018-06-18 11:00:00,11,0,0,4435,4435.0,367.0,4680.392612814915,0.0,0.0,-245.39261281491508,245.39261281491508,60217.53442413083
2018-06-18 12:00:00,12,0,0,4829,4435.0,367.0,4680.392612814915,394.0,394.0,148.60738718508492,148.60738718508492,22084.15552597774
2018-06-18 12:00:00,12,0,0,4829,4829.0,367.0,5041.814774947934,0.0,0.0,-212.81477494793398,212.81477494793398,45290.12843613979
2018-06-18 13:00:00,13,0,0,4743,4829.0,367.0,4942.035613528871,-86.0,86.0,-199.03561352887118,199.03561352887118,39615.17545281417
2018-06-18 13:00:00,13,0,0,4743,4743.0,272.0,4894.609774391263,0.0,0.0,-151.60977439126327,151.60977439126327,22985.52369096975
2018-06-18 13:00:00,13,0,0,4743,4743.0,272.0,4894.609774391263,0.0,0.0,-151.60977439126327,151.60977439126327,22985.52369096975
2018-06-18 14:00:00,14,0,0,4935,4743.0,272.0,4895.518686377257,192.0,192.0,39.48131362274307,39.48131362274307,1558.7741253773977
2018-06-18 14:00:00,14,0,0,4935,4935.0,365.0,5168.534782729597,0.0,0.0,-233.53478272959728,233.53478272959728,54538.49474456021
2018-06-18 15:00:00,15,0,0,5558,4935.0,365.0,5472.323072891609,623.0,623.0,85.67692710839128,85.67692710839128,7340.535838736593
2018-06-18 16:00:00,16,0,0,6757,5558.0,365.0,6267.70162844845,1199.0,1199.0,489.2983715515502,489.2983715515502,239412.89640299886
2018-06-18 17:00:00,17,0,1,6306,6757.0,802.0,6340.10405102933,-451.0,451.0,-34.10405102932964,34.10405102932964,1163.0862966111201
2018-06-18 18:00:00,18,0,1,4352,6306.0,2891.0,4560.683841261773,-1954.0,1954.0,-208.6838412617726,208.6838412617726,43548.94560376871
2018-06-18 19:00:00,19,0,1,3248,4352.0,2891.0,3175.032760967908,-1104.0,1104.0,72.96723903209204,72.96723903209204,5324.2179719664555
2018-06-18 20:00:00,20,0,0,2762,3248.0,5541.0,2868.898673819721,-486.0,486.0,-106.8986738197209,106.8986738197209,11427.326464415082
2018-06-18 21:00:00,21,0,0,2460,2762.0,5541.0,2562.875843741147,-302.0,302.0,-102.87584374114704,102.87584374114704,10583.439225452901
2018-06-18 22:00:00,22,0,0,1710,2460.0,6386.0,1773.6630039051227,-750.0,750.0,-63.66300390512265,63.66300390512265,4052.9780662236617
2018-06-18 23:00:00,23,0,0,1012,1710.0,6386.0,1172.670027081046,-698.0,698.0,-160.6700270810461,160.6700270810461,25814.85760222409
2018-06-19 00:00:00,0,1,0,592,1012.0,5765.0,563.4484519980315,-420.0,420.0,28.551548001968513,28.551548001968513,815.1908933087121
2018-06-19 01:00:00,1,1,0,373,592.0,4767.0,363.53954644236927,-219.0,219.0,9.460453557630728,9.460453557630728,89.5001815160879
2018-06-19 02:00:00,2,1,0,269,373.0,4767.0,288.22776650072393,-104.0,104.0,-19.22776650072393,19.22776650072393,369.7070046063614
2018-06-19 03:00:00,3,1,0,369,269.0,4161.0,352.41228873435614,100.0,100.0,16.58771126564386,16.58771126564386,275.15216503236826
2018-06-19 04:00:00,4,1,0,893,369.0,4161.0,851.7939499445517,524.0,524.0,41.20605005544826,41.20605005544826,1697.9385611721075
2018-06-19 04:00:00,4,1,0,893,893.0,4161.0,892.6885000758791,0.0,0.0,0.3114999241208807,0.3114999241208807,0.09703220272731441
2018-06-19 05:00:00,5,1,0,3038,893.0,4435.0,2892.541393103712,2145.0,2145.0,145.45860689628807,145.45860689628807,21158.206320208865
2018-06-19 05:00:00,5,1,0,3038,3038.0,4435.0,3002.2930432809744,0.0,0.0,35.706956719025584,35.706956719025584,1274.9867581343663
2018-06-19 05:00:00,5,1,0,3038,3038.0,4829.0,3004.566257821336,0.0,0.0,33.43374217866403,33.43374217866403,1117.8151160693785
2018-06-19 06:00:00,6,1,0,5483,3038.0,4829.0,5769.541691049388,2445.0,2445.0,-286.54169104938774,286.54169104938774,82106.14070944277
2018-06-19 06:00:00,6,1,0,5483,5483.0,4743.0,5618.915729996049,0.0,0.0,-135.91572999604887,135.91572999604887,18473.085660358858
2018-06-19 06:00:00,6,1,0,5483,5483.0,4743.0,5618.915729996049,0.0,0.0,-135.91572999604887,135.91572999604887,18473.085660358858
2018-06-19 07:00:00,7,1,1,5506,5483.0,4743.0,6324.083222651001,23.0,23.0,-818.083222651001,818.083222651001,669260.1591830474
2018-06-19 07:00:00,7,1,1,5506,5506.0,4935.0,6332.657660624798,0.0,0.0,-826.6576606247982,826.6576606247982,683362.887869664
2018-06-19 08:00:00,8,1,1,4851,5506.0,4935.0,5727.530151649248,-655.0,655.0,-876.5301516492482,876.5301516492482,768305.106750254
2018-06-19 08:00:00,8,1,1,4851,4851.0,5558.0,4982.193398542647,0.0,0.0,-131.19339854264672,131.19339854264672,17211.707821169737
2018-06-19 09:00:00,9,1,1,4792,4851.0,6757.0,4956.067197923887,-59.0,59.0,-164.06719792388685,164.06719792388685,26918.04543459586
2018-06-19 09:00:00,9,1,1,4792,4792.0,6306.0,4753.380395555005,0.0,0.0,38.619604444995275,38.619604444995275,1491.4738474878989
2018-06-19 09:00:00,9,1,1,4792,4792.0,4352.0,4684.510568843185,0.0,0.0,107.48943115681504,107.48943115681504,11553.977810415681
2018-06-19 10:00:00,10,1,0,4244,4792.0,3248.0,4444.413357007254,-548.0,548.0,-200.41335700725358,200.41335700725358,40165.51366691688
2018-06-19 10:00:00,10,1,0,4244,4244.0,2762.0,4441.985655649144,0.0,0.0,-197.98565564914406,197.98565564914406,39198.31984282145
2018-06-19 10:00:00,10,1,0,4244,4244.0,2460.0,4442.7743767371285,0.0,0.0,-198.77437673712848,198.77437673712848,39511.25284723388
2018-06-19 11:00:00,11,1,0,4346,4244.0,1710.0,4456.37134114928,102.0,102.0,-110.37134114927994,110.37134114927994,12181.832947090736
2018-06-19 11:00:00,11,1,0,4346,4346.0,1012.0,4521.874828602211,0.0,0.0,-175.87482860221098,175.87482860221098,30931.955335857092
2018-06-19 11:00:00,11,1,0,4346,4346.0,592.0,4513.824401791488,0.0,0.0,-167.82440179148762,167.82440179148762,28165.02983667067
2018-06-19 11:00:00,11,1,0,4346,4346.0,373.0,4483.985604384015,0.0,0.0,-137.98560438401455,137.98560438401455,19040.027017221775
2018-06-19 12:00:00,12,1,0,4585,4346.0,269.0,4415.814044867648,239.0,239.0,169.18595513235232,169.18595513235232,28623.88741404633
2018-06-19 12:00:00,12,1,0,4585,4585.0,369.0,4792.891719739579,0.0,0.0,-207.89171973957855,207.89171973957855,43218.967136279476
2018-06-19 12:00:00,12,1,0,4585,4585.0,893.0,4792.891719739579,0.0,0.0,-207.89171973957855,207.89171973957855,43218.967136279476
2018-06-19 13:00:00,13,1,0,4728,4585.0,893.0,4792.891719739579,143.0,143.0,-64.89171973957855,64.89171973957855,4210.935290760008
2018-06-19 13:00:00,13,1,0,4728,4728.0,3038.0,4880.193189011572,0.0,0.0,-152.19318901157203,152.19318901157203,23162.76678151209
2018-06-19 14:00:00,14,1,0,5109,4728.0,3038.0,4881.102100997566,381.0,381.0,227.89789900243431,227.89789900243431,51937.45236972375
2018-06-19 14:00:00,14,1,0,5109,5109.0,3038.0,5310.979201718841,0.0,0.0,-201.97920171884107,201.97920171884107,40795.59792698029
2018-06-19 14:00:00,14,1,0,5109,5109.0,5483.0,5311.753693688038,0.0,0.0,-202.75369368803786,202.75369368803786,41109.06030414268
2018-06-19 15:00:00,15,1,0,5852,5109.0,5483.0,5567.643322937094,743.0,743.0,284.3566770629059,284.3566770629059,80858.71979025775
2018-06-19 15:00:00,15,1,0,5852,5852.0,5483.0,5858.847080649783,0.0,0.0,-6.847080649782583,6.847080649782583,46.882513424627085
2018-06-19 15:00:00,15,1,0,5852,5852.0,5506.0,5858.847080649783,0.0,0.0,-6.847080649782583,6.847080649782583,46.882513424627085
2018-06-19 15:00:00,15,1,0,5852,5852.0,5506.0,5858.847080649783,0.0,0.0,-6.847080649782583,6.847080649782583,46.882513424627085
2018-06-19 16:00:00,16,1,0,6821,5852.0,4851.0,6412.901672246422,969.0,969.0,408.0983277535779,408.0983277535779,166544.2451152667
2018-06-19 16:00:00,16,1,0,6821,6821.0,4851.0,6430.452333887894,0.0,0.0,390.5476661121056,390.5476661121056,152527.47950561272
2018-06-19 17:00:00,17,1,1,6085,6821.0,4792.0,6423.55028653583,-736.0,736.0,-338.5502865358303,338.5502865358303,114616.29651349281
2018-06-19 18:00:00,18,1,1,4546,6085.0,4792.0,4687.467409284428,-1539.0,1539.0,-141.46740928442796,141.46740928442796,20013.027889647852
2018-06-19 18:00:00,18,1,1,4546,4546.0,4792.0,4475.135169707565,0.0,0.0,70.86483029243482,70.86483029243482,5021.824172375587
2018-06-19 18:00:00,18,1,1,4546,4546.0,4244.0,4475.135169707565,0.0,0.0,70.86483029243482,70.86483029243482,5021.824172375587
2018-06-19 19:00:00,19,1,1,3263,4546.0,4244.0,3366.4469625129213,-1283.0,1283.0,-103.44696251292135,103.44696251292135,10701.274053149755
2018-06-19 19:00:00,19,1,1,3263,3263.0,4244.0,3142.659766820579,0.0,0.0,120.34023317942092,120.34023317942092,14481.7717216774
2018-06-19 19:00:00,19,1,1,3263,3263.0,4346.0,3146.608072142708,0.0,0.0,116.3919278572921,116.3919278572921,13547.08087033709
2018-06-19 20:00:00,20,1,0,2804,3263.0,4346.0,2897.137230762618,-459.0,459.0,-93.13723076261795,93.13723076261795,8674.543754129147
2018-06-19 20:00:00,20,1,0,2804,2804.0,4346.0,2680.469799432878,0.0,0.0,123.53020056712194,123.53020056712194,15259.710452153373
2018-06-19 21:00:00,21,1,0,2454,2804.0,4346.0,2671.9429794607067,-350.0,350.0,-217.94297946070674,217.94297946070674,47499.14229621004
2018-06-19 21:00:00,21,1,0,2454,2454.0,4585.0,2326.5828140279496,0.0,0.0,127.41718597205045,127.41718597205045,16235.139281036089
2018-06-19 22:00:00,22,1,0,1796,2454.0,4585.0,1769.8600099815676,-658.0,658.0,26.1399900184324,26.1399900184324,683.2990781637454
2018-06-19 22:00:00,22,1,0,1796,1796.0,4585.0,1719.0046606172828,0.0,0.0,76.99533938271725,76.99533938271725,5928.28228665981
2018-06-19 23:00:00,23,1,0,1190,1796.0,4728.0,1215.3332919231193,-606.0,606.0,-25.333291923119305,25.333291923119305,641.7756796619818
2018-06-19 23:00:00,23,1,0,1190,1190.0,4728.0,1072.562837538029,0.0,0.0,117.43716246197096,117.43716246197096,13791.48712711936
2018-06-20 00:00:00,0,2,0,663,1190.0,5109.0,660.3041688980312,-527.0,527.0,2.6958311019687926,2.6958311019687926,7.267505330342274
2018-06-20 01:00:00,1,2,0,406,663.0,5109.0,410.160052912613,-257.0,257.0,-4.1600529126130255,4.1600529126130255,17.306040235740117
2018-06-20 01:00:00,1,2,0,406,406.0,5109.0,339.8529808184386,0.0,0.0,66.1470191815614,66.1470191815614,4375.428146605852
2018-06-20 02:00:00,2,2,0,301,406.0,5852.0,318.0817395740541,-105.0,105.0,-17.081739574054097,17.081739574054097,291.78582687580587
2018-06-20 03:00:00,3,2,0,385,301.0,5852.0,348.09714016345623,84.0,84.0,36.90285983654377,36.90285983654377,1361.8210641155952
2018-06-20 04:00:00,4,2,0,935,385.0,5852.0,864.3500653684276,550.0,550.0,70.64993463157236,70.64993463157236,4991.413263445448
2018-06-20 05:00:00,5,2,0,3134,935.0,5852.0,2892.541393103712,2199.0,2199.0,241.45860689628807,241.45860689628807,58302.25884429617
2018-06-20 06:00:00,6,2,0,5769,3134.0,6821.0,5744.050749606291,2635.0,2635.0,24.949250393709008,24.949250393709008,622.4650952079891
2018-06-20 07:00:00,7,2,1,6295,5769.0,6821.0,6392.879648630886,526.0,526.0,-97.87964863088564,97.87964863088564,9580.425616105633
2018-06-20 07:00:00,7,2,1,6295,6295.0,6085.0,6376.256199380107,0.0,0.0,-81.25619938010732,81.25619938010732,6602.569937699753
2018-06-20 08:00:00,8,2,1,5540,6295.0,4546.0,5824.169438517341,-755.0,755.0,-284.1694385173414,284.1694385173414,80752.26978726107
2018-06-20 09:00:00,9,2,1,4890,5540.0,4546.0,5051.575312292744,-650.0,650.0,-161.57531229274355,161.57531229274355,26106.581542497603
2018-06-20 10:00:00,10,2,0,4544,4890.0,4546.0,4560.956484148075,-346.0,346.0,-16.956484148075106,16.956484148075106,287.52235466392233
2018-06-20 11:00:00,11,2,0,4675,4544.0,3263.0,4784.863480612517,131.0,131.0,-109.86348061251738,109.86348061251738,12069.984372296982
2018-06-20 12:00:00,12,2,0,4824,4675.0,3263.0,4887.0179564261725,149.0,149.0,-63.01795642617253,63.01795642617253,3971.26283213098
2018-06-20 13:00:00,13,2,0,4941,4824.0,3263.0,4941.203855584757,117.0,117.0,-0.20385558475663856,0.20385558475663856,0.04155709943647105
2018-06-20 14:00:00,14,2,0,5161,4941.0,2804.0,5202.146564495251,220.0,220.0,-41.14656449525137,41.14656449525137,1693.0397697618805
2018-06-20 15:00:00,15,2,0,5864,5161.0,2804.0,5734.210522501243,703.0,703.0,129.78947749875715,129.78947749875715,16845.30846940039
2018-06-20 16:00:00,16,2,0,6811,5864.0,2454.0,6575.539987135308,947.0,947.0,235.46001286469163,235.46001286469163,55441.41765824075
2018-06-20 17:00:00,17,2,1,6439,6811.0,2454.0,6419.022978682147,-372.0,372.0,19.977021317852632,19.977021317852632,399.0813807339385
2018-06-20 18:00:00,18,2,1,4622,6439.0,1796.0,4731.135613285365,-1817.0,1817.0,-109.13561328536525,109.13561328536525,11910.582087172792
2018-06-20 19:00:00,19,2,1,3418,4622.0,1796.0,3425.0856229628175,-1204.0,1204.0,-7.085622962817524,7.085622962817524,50.20605277120699
2018-06-20 20:00:00,20,2,0,3024,3418.0,1190.0,2995.558777810446,-394.0,394.0,28.441222189554082,28.441222189554082,808.9031196355835
2018-06-20 21:00:00,21,2,0,2758,3024.0,1190.0,2765.251295501258,-266.0,266.0,-7.251295501258028,7.251295501258028,52.58128644656491
2018-06-20 22:00:00,22,2,0,1956,2758.0,663.0,2114.398700308735,-802.0,802.0,-158.398700308735,158.398700308735,25090.14825949644
2018-06-20 23:00:00,23,2,0,1209,1956.0,406.0,1344.1289357092794,-747.0,747.0,-135.1289357092794,135.1289357092794,18259.829265922566
2018-06-21 00:00:00,0,3,0,634,1209.0,406.0,681.053585091536,-575.0,575.0,-47.05358509153598,47.05358509153598,2214.039869966417
2018-06-21 01:00:00,1,3,0,462,634.0,301.0,393.28173481130676,-172.0,172.0,68.71826518869324,68.71826518869324,4722.199970543569
2018-06-21 02:00:00,2,3,0,348,462.0,385.0,336.3165312345478,-114.0,114.0,11.683468765452176,11.683468765452176,136.50344239329658
2018-06-21 03:00:00,3,3,0,426,348.0,935.0,358.07536121310864,78.0,78.0,67.92463878689136,67.92463878689136,4613.756554329667
2018-06-21 04:00:00,4,3,0,938,426.0,3134.0,889.9727018563227,512.0,512.0,48.027298143677285,48.027298143677285,2306.6213669816675
2018-06-21 05:00:00,5,3,0,3112,938.0,5769.0,2892.541393103712,2174.0,2174.0,219.45860689628807,219.45860689628807,48162.0801408595
2018-06-21 06:00:00,6,3,0,5778,3112.0,6295.0,5841.784973426519,2666.0,2666.0,-63.78497342651917,63.78497342651917,4068.522835021757
2018-06-21 07:00:00,7,3,1,6557,5778.0,6295.0,6394.035767655694,779.0,779.0,162.96423234430586,162.96423234430586,26557.341023568904
2018-06-21 07:00:00,7,3,1,6557,6557.0,5540.0,6405.170828336422,0.0,0.0,151.82917166357765,151.82917166357765,23052.097368048133
2018-06-21 08:00:00,8,3,1,5490,6557.0,4890.0,5952.825404950048,-1067.0,1067.0,-462.8254049500483,462.8254049500483,214207.3554671762
2018-06-21 09:00:00,9,3,1,4982,5490.0,4544.0,5185.485858525629,-508.0,508.0,-203.48585852562883,203.48585852562883,41406.49461991223
2018-06-21 10:00:00,10,3,0,4951,4982.0,4675.0,4622.638164799855,-31.0,31.0,328.3618352001449,328.3618352001449,107821.49481600714
2018-06-21 11:00:00,11,3,0,5167,4951.0,4824.0,5091.036271146797,216.0,216.0,75.96372885320307,75.96372885320307,5770.4881012829555
2018-06-21 12:00:00,12,3,0,5083,5167.0,4941.0,5242.977433179726,-84.0,84.0,-159.97743317972618,159.97743317972618,25592.779126773752
2018-06-21 13:00:00,13,3,0,4942,5083.0,5161.0,5091.690917463809,-141.0,141.0,-149.69091746380855,149.69091746380855,22407.370771156744
2018-06-21 14:00:00,14,3,0,5025,4942.0,5864.0,5216.302475809119,83.0,83.0,-191.30247580911873,191.30247580911873,36596.637250698455
2018-06-21 15:00:00,15,3,0,5768,5025.0,6811.0,5621.149176426252,743.0,743.0,146.85082357374813,146.85082357374813,21565.1643842881
2018-06-21 16:00:00,16,3,0,6511,5768.0,6439.0,6571.585764762905,743.0,743.0,-60.585764762904546,60.585764762904546,3670.634891906006
2018-06-21 17:00:00,17,3,1,5997,6511.0,4622.0,6154.766636213309,-514.0,514.0,-157.76663621330863,157.76663621330863,24890.311502062465
2018-06-21 18:00:00,18,3,1,4592,5997.0,3418.0,4745.225379187319,-1405.0,1405.0,-153.22537918731905,153.22537918731905,23478.016827097705
2018-06-21 19:00:00,19,3,1,3823,4592.0,3024.0,3547.6784740647395,-769.0,769.0,275.3215259352605,275.3215259352605,75801.94264332033
2018-06-21 20:00:00,20,3,0,3385,3823.0,2758.0,3274.5420010459015,-438.0,438.0,110.45799895409846,110.45799895409846,12200.969532943616
2018-06-21 21:00:00,21,3,0,3446,3385.0,1956.0,3111.9174456386077,61.0,61.0,334.08255436139234,334.08255436139234,111611.15312863266
2018-06-21 22:00:00,22,3,0,2583,3446.0,1209.0,3175.5865799658345,-863.0,863.0,-592.5865799658345,592.5865799658345,351158.8547556044
2018-06-21 23:00:00,23,3,0,1455,2583.0,634.0,1512.485191356053,-1128.0,1128.0,-57.485191356053065,57.485191356053065,3304.547225242038
2018-06-22 00:00:00,0,4,0,805,1455.0,462.0,812.0369362708344,-650.0,650.0,-7.036936270834417,7.036936270834417,49.51847207978499
2018-06-22 01:00:00,1,4,0,471,805.0,348.0,480.19137233187774,-334.0,334.0,-9.191372331877744,9.191372331877744,84.48132534320773
2018-06-22 02:00:00,2,4,0,364,471.0,426.0,343.44538379262224,-107.0,107.0,20.554616207377762,20.554616207377762,422.49224743259657
2018-06-22 03:00:00,3,4,0,384,364.0,938.0,369.64353491205196,20.0,20.0,14.356465087948038,14.356465087948038,206.10808982147088
2018-06-22 04:00:00,4,4,0,876,384.0,3112.0,822.5263091220023,492.0,492.0,53.47369087799768,53.47369087799768,2859.4356161156525
2018-06-22 05:00:00,5,4,0,3056,876.0,5778.0,2892.541393103712,2180.0,2180.0,163.45860689628807,163.45860689628807,26718.716168475235
2018-06-22 06:00:00,6,4,0,5460,3056.0,6557.0,5676.021218439526,2404.0,2404.0,-216.0212184395259,216.0212184395259,46665.16681609737
2018-06-22 07:00:00,7,4,1,6222,5460.0,6557.0,6317.584637238404,762.0,762.0,-95.58463723840396,95.58463723840396,9136.422875997281
2018-06-22 08:00:00,8,4,1,5604,6222.0,5490.0,5758.443729219679,-618.0,618.0,-154.44372921967897,154.44372921967897,23852.86549528152
2018-06-22 09:00:00,9,4,1,5053,5604.0,4982.0,5070.365245111176,-551.0,551.0,-17.365245111175682,17.365245111175682,301.5517377712109
2018-06-22 10:00:00,10,4,0,4765,5053.0,4951.0,4686.545275386301,-288.0,288.0,78.454724613699,78.454724613699,6155.1438142113475
2018-06-22 11:00:00,11,4,0,5128,4765.0,5167.0,4903.802216431879,363.0,363.0,224.19778356812094,224.19778356812094,50264.646156858
2018-06-22 12:00:00,12,4,0,5225,5128.0,5083.0,5288.775383120432,97.0,97.0,-63.7753831204318,63.7753831204318,4067.299492157857
2018-06-22 13:00:00,13,4,0,5104,5225.0,4942.0,5297.036696798242,-121.0,121.0,-193.0366967982418,193.0366967982418,37263.16631077633
2018-06-22 14:00:00,14,4,0,5351,5104.0,5025.0,5330.418184568275,247.0,247.0,20.581815431724863,20.581815431724863,423.6111264655877
2018-06-22 15:00:00,15,4,0,5843,5351.0,5768.0,5755.874146237155,492.0,492.0,87.1258537628446,87.1258537628446,7590.9143939045825
2018-06-22 16:00:00,16,4,0,6010,5843.0,6511.0,6106.337099583042,167.0,167.0,-96.33709958304189,96.33709958304189,9280.83675607293
2018-06-22 17:00:00,17,4,1,5120,6010.0,5997.0,5570.989370384159,-890.0,890.0,-450.989370384159,450.989370384159,203391.41219950013
2018-06-22 18:00:00,18,4,1,4676,5120.0,4592.0,4637.477030923238,-444.0,444.0,38.52296907676191,38.52296907676191,1484.0191464891543
2018-06-22 19:00:00,19,4,1,3976,4676.0,3823.0,3746.9012560971646,-700.0,700.0,229.0987439028354,229.0987439028354,52486.23445785696
2018-06-22 20:00:00,20,4,0,3535,3976.0,3385.0,3327.6925671440013,-441.0,441.0,207.30743285599874,207.30743285599874,42976.371717344424
2018-06-22 21:00:00,21,4,0,3473,3535.0,3446.0,3215.118414944909,-62.0,62.0,257.8815850550909,257.8815850550909,66502.91191052609
2018-06-22 22:00:00,22,4,0,3529,3473.0,2583.0,3172.882095379378,56.0,56.0,356.1179046206221,356.1179046206221,126819.96199138249
2018-06-22 23:00:00,23,4,0,3654,3529.0,1455.0,2348.93616976236,125.0,125.0,1305.06383023764,1305.06383023764,1703191.60099454
2018-06-23 00:00:00,0,5,0,1540,3654.0,805.0,1617.3699694679467,-2114.0,2114.0,-77.3699694679467,77.3699694679467,5986.112175471005
2018-06-23 01:00:00,1,5,0,872,1540.0,471.0,907.5644993226244,-668.0,668.0,-35.56449932262444,35.56449932262444,1264.8336120689544
2018-06-23 02:00:00,2,5,0,629,872.0,364.0,684.5554109003893,-243.0,243.0,-55.55541090038935,55.55541090038935,3086.4036803110994
2018-06-23 03:00:00,3,5,0,407,629.0,384.0,407.70733779555326,-222.0,222.0,-0.7073377955532578,0.7073377955532578,0.5003267570181423
2018-06-23 04:00:00,4,5,0,513,407.0,876.0,417.3553840176362,106.0,106.0,95.6446159823638,95.6446159823638,9147.89256641384
2018-06-23 05:00:00,5,5,0,966,513.0,3056.0,862.8929173992132,453.0,453.0,103.10708260078684,103.10708260078684,10631.07048244548
2018-06-23 05:00:00,5,5,0,966,966.0,5460.0,1325.5854479496245,0.0,0.0,-359.5854479496245,359.5854479496245,129301.69437713211
2018-06-23 05:00:00,5,5,0,966,966.0,6222.0,1311.6219590637513,0.0,0.0,-345.6219590637513,345.6219590637513,119454.5385870654
2018-06-23 06:00:00,6,5,0,1495,966.0,5604.0,1408.4177722332718,529.0,529.0,86.58222776672824,86.58222776672824,7496.482165049606
2018-06-23 06:00:00,6,5,0,1495,1495.0,5053.0,1793.1240712856845,0.0,0.0,-298.1240712856845,298.1240712856845,88877.96187995191
2018-06-23 06:00:00,6,5,0,1495,1495.0,4765.0,1768.0678558267318,0.0,0.0,-273.06785582673183,273.06785582673183,74566.0538858088
2018-06-23 07:00:00,7,5,1,2474,1495.0,5128.0,2144.698363209967,979.0,979.0,329.30163679003317,329.30163679003317,108439.56799259492
2018-06-23 07:00:00,7,5,1,2474,2474.0,5225.0,2570.043162816322,0.0,0.0,-96.04316281632191,96.04316281632191,9224.289123762519
2018-06-23 08:00:00,8,5,1,3353,2474.0,5104.0,3125.8900326862436,879.0,879.0,227.10996731375644,227.10996731375644,51578.93725325552
2018-06-23 09:00:00,9,5,1,4065,3353.0,5351.0,3626.5361913542347,712.0,712.0,438.4638086457653,438.4638086457653,192250.5114921503
2018-06-23 10:00:00,10,5,0,4318,4065.0,5843.0,4225.938284226902,253.0,253.0,92.0617157730976,92.0617157730976,8475.359511086608
2018-06-23 11:00:00,11,5,0,4621,4318.0,6010.0,4407.5590750898655,303.0,303.0,213.44092491013453,213.44092491013453,45557.028426493685
2018-06-23 12:00:00,12,5,0,5018,4621.0,5120.0,4701.140737798858,397.0,397.0,316.859262201142,316.859262201142,100399.79204265204
2018-06-23 13:00:00,13,5,0,4560,5018.0,4676.0,4950.080521153552,-458.0,458.0,-390.0805211535517,390.0805211535517,152162.81298342647
2018-06-23 14:00:00,14,5,0,4620,4560.0,3976.0,4630.284618863985,60.0,60.0,-10.284618863985088,10.284618863985088,105.77338517743792
2018-06-23 15:00:00,15,5,0,4417,4620.0,3535.0,4694.932127510166,-203.0,203.0,-277.9321275101656,277.9321275101656,77246.26750232697
2018-06-23 16:00:00,16,5,0,4372,4417.0,3473.0,4536.067843561685,-45.0,45.0,-164.06784356168464,164.06784356168464,26918.257290981423
2018-06-23 17:00:00,17,5,1,4510,4372.0,3529.0,4122.9033076633295,138.0,138.0,387.09669233667046,387.09669233667046,149843.8492179909
2018-06-23 18:00:00,18,5,1,3945,4510.0,3654.0,4203.862110121617,-565.0,565.0,-258.86211012161675,258.86211012161675,67009.59205661603
2018-06-23 19:00:00,19,5,1,3660,3945.0,1540.0,3443.684473060311,-285.0,285.0,216.31552693968888,216.31552693968888,46792.407195195265
2018-06-23 20:00:00,20,5,0,3362,3660.0,872.0,3184.709318670187,-298.0,298.0,177.2906813298132,177.2906813298132,31431.985686389373
2018-06-23 21:00:00,21,5,0,3504,3362.0,629.0,3253.7481254851073,142.0,142.0,250.25187451489273,250.25187451489273,62626.00069821762
2018-06-23 22:00:00,22,5,0,3572,3504.0,407.0,3311.1950820262546,68.0,68.0,260.80491797374543,260.80491797374543,68019.20523929209
2018-06-23 23:00:00,23,5,0,2484,3572.0,513.0,2349.4450239303496,-1088.0,1088.0,134.55497606965037,134.55497606965037,18105.041585104183
2018-06-24 00:00:00,0,6,0,1515,2484.0,966.0,1572.502582789715,-969.0,969.0,-57.50258278971501,57.50258278971501,3306.5470274880286
2018-06-24 01:00:00,1,6,0,1016,1515.0,966.0,939.1006347380014,-499.0,499.0,76.89936526199858,76.89936526199858,5913.512377698275
2018-06-24 02:00:00,2,6,0,684,1016.0,966.0,722.9715425200517,-332.0,332.0,-38.971542520051685,38.971542520051685,1518.7811263921965
2018-06-24 03:00:00,3,6,0,409,684.0,1495.0,421.5451812151821,-275.0,275.0,-12.545181215182083,12.545181215182083,157.3815717217574
2018-06-24 04:00:00,4,6,0,373,409.0,1495.0,361.82971295644705,-36.0,36.0,11.170287043552946,11.170287043552946,124.77531263536682
2018-06-24 05:00:00,5,6,0,614,373.0,1495.0,588.565255796176,241.0,241.0,25.43474420382404,25.43474420382404,646.9262127139606
2018-06-24 06:00:00,6,6,0,1091,614.0,2474.0,991.287727124737,477.0,477.0,99.71227287526301,99.71227287526301,9942.537361950912
2018-06-24 07:00:00,7,6,1,1499,1091.0,2474.0,1299.5291384110174,408.0,408.0,199.47086158898264,199.47086158898264,39788.62462305107
2018-06-24 07:00:00,7,6,1,1499,1499.0,3353.0,2072.940349385687,0.0,0.0,-573.9403493856871,573.9403493856871,329407.5246529646
2018-06-24 07:00:00,7,6,1,1499,1499.0,4065.0,2070.294341280679,0.0,0.0,-571.294341280679,571.294341280679,326377.2243793249
2018-06-24 08:00:00,8,6,1,2362,1499.0,4318.0,2243.2428401402226,863.0,863.0,118.7571598597774,118.7571598597774,14103.263017960726
2018-06-24 09:00:00,9,6,1,3560,2362.0,4621.0,3026.659009160468,1198.0,1198.0,533.340990839532,533.340990839532,284452.6125096937
2018-06-24 10:00:00,10,6,0,4187,3560.0,5018.0,3811.658523420181,627.0,627.0,375.34147657981885,375.34147657981885,140881.2240411187
2018-06-24 11:00:00,11,6,0,4186,4187.0,4560.0,4313.580782078451,-1.0,1.0,-127.5807820784512,127.5807820784512,16276.855955749254
2018-06-24 12:00:00,12,6,0,4302,4186.0,4620.0,4309.808918848417,116.0,116.0,-7.808918848417306,7.808918848417306,60.97921358116707
2018-06-24 12:00:00,12,6,0,4302,4302.0,4417.0,4405.020709458442,0.0,0.0,-103.02070945844207,103.02070945844207,10613.266577320735
2018-06-24 13:00:00,13,6,0,4235,4302.0,4372.0,4405.020709458442,-67.0,67.0,-170.02070945844207,170.02070945844207,28907.04164475197
2018-06-24 13:00:00,13,6,0,4235,4235.0,4510.0,4353.8663726881405,0.0,0.0,-118.86637268814047,118.86637268814047,14129.214556035908
2018-06-24 14:00:00,14,6,0,4317,4235.0,3945.0,4351.909512057777,82.0,82.0,-34.90951205777674,34.90951205777674,1218.6740321120594
2018-06-24 15:00:00,15,6,0,4313,4317.0,3660.0,4404.3421955238855,-4.0,4.0,-91.3421955238855,91.3421955238855,8343.396683123727
2018-06-24 16:00:00,16,6,0,4256,4313.0,3362.0,4404.3421955238855,-57.0,57.0,-148.3421955238855,148.3421955238855,22005.406972846675
2018-06-24 17:00:00,17,6,1,4118,4256.0,3504.0,4058.894184990642,-138.0,138.0,59.10581500935814,59.10581500935814,3493.497367920466
2018-06-24 18:00:00,18,6,1,4022,4118.0,3572.0,3879.2128816558456,-96.0,96.0,142.78711834415435,142.78711834415435,20388.16116502754
2018-06-24 19:00:00,19,6,1,3438,4022.0,2484.0,3449.1889373655645,-584.0,584.0,-11.18893736556447,11.18893736556447,125.19231937052479
2018-06-24 20:00:00,20,6,0,3187,3438.0,1515.0,3007.138003529415,-251.0,251.0,179.86199647058493,179.86199647058493,32350.337774384705
2018-06-24 21:00:00,21,6,0,2556,3187.0,1016.0,2748.795474238763,-631.0,631.0,-192.79547423876284,192.79547423876284,37170.09488694947
2018-06-24 22:00:00,22,6,0,1962,2556.0,684.0,2032.298409026512,-594.0,594.0,-70.29840902651199,70.29840902651199,4941.866311658782
2018-06-24 23:00:00,23,6,0,1209,1962.0,409.0,1320.5237168591166,-753.0,753.0,-111.52371685911658,111.52371685911658,12437.539422072403
2018-06-25 00:00:00,0,0,0,652,1209.0,373.0,675.1182859222147,-557.0,557.0,-23.11828592221468,23.11828592221468,534.4551439812695
2018-06-25 01:00:00,1,0,0,422,652.0,614.0,407.22394550078855,-230.0,230.0,14.776054499211455,14.776054499211455,218.33178656366707
2018-06-25 02:00:00,2,0,0,331,422.0,1091.0,325.7637238459774,-91.0,91.0,5.236276154022619,5.236276154022619,27.41858796118591
2018-06-25 03:00:00,3,0,0,406,331.0,1499.0,339.7934274552842,75.0,75.0,66.20657254471581,66.20657254471581,4383.310248118718
2018-06-25 04:00:00,4,0,0,902,406.0,1499.0,869.9409745788672,496.0,496.0,32.05902542113279,32.05902542113279,1027.7811109528384
2018-06-25 05:00:00,5,0,0,2982,902.0,1499.0,2892.541393103712,2080.0,2080.0,89.45860689628807,89.45860689628807,8002.8423478246
2018-06-25 06:00:00,6,0,0,5588,2982.0,2362.0,5645.0649316850295,2606.0,2606.0,-57.06493168502948,57.06493168502948,3256.406428217081
2018-06-25 07:00:00,7,0,1,6146,5588.0,3560.0,6312.355315085014,558.0,558.0,-166.3553150850139,166.3553150850139,27674.090857034254
2018-06-25 08:00:00,8,0,1,5383,6146.0,4187.0,5601.854357248207,-763.0,763.0,-218.85435724820672,218.85435724820672,47897.229686525694
2018-06-25 08:00:00,8,0,1,5383,5383.0,4186.0,4951.278457635623,0.0,0.0,431.72154236437655,431.72154236437655,186383.49014147618
2018-06-25 09:00:00,9,0,1,4654,5383.0,4302.0,4819.487013447851,-729.0,729.0,-165.4870134478506,165.4870134478506,27385.95161988908
2018-06-25 09:00:00,9,0,1,4654,4654.0,4302.0,4438.828003126556,0.0,0.0,215.1719968734442,215.1719968734442,46298.98823850547
2018-06-25 10:00:00,10,0,0,4310,4654.0,4235.0,4359.736014285679,-344.0,344.0,-49.73601428567872,49.73601428567872,2473.671117025238
2018-06-25 11:00:00,11,0,0,4530,4310.0,4235.0,4487.078725407019,220.0,220.0,42.92127459298081,42.92127459298081,1842.2358126860597
2018-06-25 12:00:00,12,0,0,4748,4530.0,4317.0,4782.712115072814,218.0,218.0,-34.71211507281441,34.71211507281441,1204.9309328283096
2018-06-25 13:00:00,13,0,0,4673,4748.0,4313.0,4894.609774391263,-75.0,75.0,-221.60977439126327,221.60977439126327,49110.89210574661
2018-06-25 14:00:00,14,0,0,4877,4673.0,4256.0,4887.0179564261725,204.0,204.0,-10.017956426172532,10.017956426172532,100.35945095669153
2018-06-25 15:00:00,15,0,0,5605,4877.0,4118.0,5435.233134814876,728.0,728.0,169.7668651851236,169.7668651851236,28820.788514783933
2018-06-25 16:00:00,16,0,0,6232,5605.0,4022.0,6277.44251454278,627.0,627.0,-45.44251454278037,45.44251454278037,2065.0221279708057
2018-06-25 17:00:00,17,0,1,5772,6232.0,3438.0,5876.617307083261,-460.0,460.0,-104.61730708326104,104.61730708326104,10944.78094135334
2018-06-25 18:00:00,18,0,1,4086,5772.0,3187.0,4244.524544180236,-1686.0,1686.0,-158.52454418023626,158.52454418023626,25130.03110755168
2018-06-25 19:00:00,19,0,1,3288,4086.0,2556.0,3036.5041736018156,-798.0,798.0,251.49582639818436,251.49582639818436,63250.150695705684
2018-06-25 20:00:00,20,0,0,2944,3288.0,1962.0,2830.459776823654,-344.0,344.0,113.54022317634599,113.54022317634599,12891.382278934456
2018-06-25 21:00:00,21,0,0,2559,2944.0,1209.0,2654.0196895647596,-385.0,385.0,-95.01968956475957,95.01968956475957,9028.741404983279
2018-06-25 22:00:00,22,0,0,1974,2559.0,652.0,1904.0537595474277,-585.0,585.0,69.94624045257228,69.94624045257228,4892.476553449059
2018-06-25 23:00:00,23,0,0,1136,1974.0,422.0,1286.604508194959,-838.0,838.0,-150.60450819495895,150.60450819495895,22681.717888645457
2018-06-25 23:00:00,23,0,0,1136,1136.0,331.0,1041.9599788031803,0.0,0.0,94.04002119681968,94.04002119681968,8843.525586698295
2018-06-26 00:00:00,0,1,0,624,1136.0,406.0,629.5743049101656,-512.0,512.0,-5.5743049101655515,5.5743049101655515,31.07287523149578
2018-06-26 00:00:00,0,1,0,624,624.0,902.0,606.0361789962174,0.0,0.0,17.96382100378264,17.96382100378264,322.69886505594235
2018-06-26 01:00:00,1,1,0,417,624.0,2982.0,394.1963123585883,-207.0,207.0,22.803687641411727,22.803687641411727,520.0081700470739
2018-06-26 02:00:00,2,1,0,297,417.0,5588.0,323.24937155779156,-120.0,120.0,-26.249371557791562,26.249371557791562,689.0295071789966
2018-06-26 02:00:00,2,1,0,297,297.0,6146.0,271.0808297773531,0.0,0.0,25.919170222646926,25.919170222646926,671.8033850305471
2018-06-26 02:00:00,2,1,0,297,297.0,5383.0,271.0808297773531,0.0,0.0,25.919170222646926,25.919170222646926,671.8033850305471
2018-06-26 03:00:00,3,1,0,353,297.0,5383.0,346.12362862207533,56.0,56.0,6.87637137792467,6.87637137792467,47.28448332714162
2018-06-26 03:00:00,3,1,0,353,353.0,4654.0,351.0966064914208,0.0,0.0,1.9033935085791995,1.9033935085791995,3.6229068485014353
2018-06-26 03:00:00,3,1,0,353,353.0,4654.0,350.02884681694195,0.0,0.0,2.9711531830580498,2.9711531830580498,8.827751237195981
2018-06-26 03:00:00,3,1,0,353,353.0,4310.0,350.02884681694195,0.0,0.0,2.9711531830580498,2.9711531830580498,8.827751237195981
2018-06-26 04:00:00,4,1,0,887,353.0,4530.0,848.1056314618431,534.0,534.0,38.89436853815687,38.89436853815687,1512.771903981967
2018-06-26 04:00:00,4,1,0,887,887.0,4748.0,886.2539039203417,0.0,0.0,0.7460960796582867,0.7460960796582867,0.5566593600814645
2018-06-26 04:00:00,4,1,0,887,887.0,4673.0,886.2539039203417,0.0,0.0,0.7460960796582867,0.7460960796582867,0.5566593600814645
2018-06-26 05:00:00,5,1,0,2973,887.0,4877.0,2892.541393103712,2086.0,2086.0,80.45860689628807,80.45860689628807,6473.587423691415
2018-06-26 05:00:00,5,1,0,2973,2973.0,5605.0,2978.1806496467448,0.0,0.0,-5.180649646744769,5.180649646744769,26.839130762316696
2018-06-26 06:00:00,6,1,0,5381,2973.0,6232.0,5615.468674323298,2408.0,2408.0,-234.46867432329782,234.46867432329782,54975.559238924696
2018-06-26 06:00:00,6,1,0,5381,5381.0,5772.0,5389.505469706743,0.0,0.0,-8.505469706742588,8.505469706742588,72.34301493231584
2018-06-26 07:00:00,7,1,1,6350,5381.0,4086.0,6028.183741857814,969.0,969.0,321.8162581421857,321.8162581421857,103565.7040046379
2018-06-26 07:00:00,7,1,1,6350,6350.0,3288.0,6376.256199380107,0.0,0.0,-26.25619938010732,26.25619938010732,689.3880058879479
2018-06-26 08:00:00,8,1,1,5756,6350.0,2944.0,5888.315089709267,-594.0,594.0,-132.31508970926734,132.31508970926734,17507.282964771464
2018-06-26 09:00:00,9,1,1,4872,5756.0,2559.0,5176.455034999984,-884.0,884.0,-304.4550349999836,304.4550349999836,92692.86833684123
2018-06-26 10:00:00,10,1,0,4452,4872.0,1974.0,4437.270846590143,-420.0,420.0,14.729153409856735,14.729153409856735,216.9479601710943
2018-06-26 11:00:00,11,1,0,4713,4452.0,1136.0,4724.407784514124,261.0,261.0,-11.407784514123705,11.407784514123705,130.1375475206806
2018-06-26 12:00:00,12,1,0,5083,4713.0,1136.0,4893.425597408955,370.0,370.0,189.57440259104533,189.57440259104533,35938.45411775173
2018-06-26 13:00:00,13,1,0,4849,5083.0,624.0,5085.876378919429,-234.0,234.0,-236.87637891942904,236.87637891942904,56110.41888998093
2018-06-26 14:00:00,14,1,0,4905,4849.0,624.0,5148.757443418234,56.0,56.0,-243.7574434182343,243.7574434182343,59417.69122179369
2018-06-26 14:00:00,14,1,0,4905,4905.0,417.0,5183.292300678941,0.0,0.0,-278.2923006789406,278.2923006789406,77446.60461717787
2018-06-26 15:00:00,15,1,0,5875,4905.0,297.0,5511.488177900302,970.0,970.0,363.5118220996983,363.5118220996983,132140.8448062427
2018-06-26 16:00:00,16,1,0,6765,5875.0,297.0,6578.127865186779,890.0,890.0,186.87213481322124,186.87213481322124,34921.194769650734
2018-06-26 16:00:00,16,1,0,6765,6765.0,297.0,6578.127865186779,0.0,0.0,186.87213481322124,186.87213481322124,34921.194769650734
2018-06-26 17:00:00,17,1,1,6054,6765.0,353.0,6353.327229606072,-711.0,711.0,-299.32722960607225,299.32722960607225,89596.7903836463
2018-06-26 18:00:00,18,1,1,4473,6054.0,353.0,4543.865366991785,-1581.0,1581.0,-70.86536699178487,70.86536699178487,5021.900238880352
2018-06-26 19:00:00,19,1,1,3316,4473.0,353.0,3319.426425676364,-1157.0,1157.0,-3.4264256763640333,3.4264256763640333,11.740392915646723
2018-06-26 20:00:00,20,1,0,2910,3316.0,353.0,2912.820326091587,-406.0,406.0,-2.8203260915870487,2.8203260915870487,7.954239262886678
2018-06-26 20:00:00,20,1,0,2910,2910.0,887.0,2696.265517403434,0.0,0.0,213.73448259656607,213.73448259656607,45682.429050821804
2018-06-26 21:00:00,21,1,0,2674,2910.0,887.0,2694.0675427709807,-236.0,236.0,-20.067542770980708,20.067542770980708,402.7062728651401
2018-06-26 22:00:00,22,1,0,2083,2674.0,887.0,1935.7655446533547,-591.0,591.0,147.2344553466453,147.2344553466453,21677.984841223286
2018-06-26 23:00:00,23,1,0,1161,2083.0,2973.0,1335.712997314048,-922.0,922.0,-174.71299731404793,174.71299731404793,30524.631430458518
2018-06-27 00:00:00,0,2,0,678,1161.0,2973.0,636.5052060579852,-483.0,483.0,41.49479394201478,41.49479394201478,1721.8179242902665
2018-06-27 01:00:00,1,2,0,411,678.0,5381.0,427.1677645353249,-267.0,267.0,-16.16776453532492,16.16776453532492,261.3966100697102
2018-06-27 02:00:00,2,2,0,313,411.0,5381.0,319.47808725231704,-98.0,98.0,-6.478087252317039,6.478087252317039,41.96561444863252
2018-06-27 03:00:00,3,2,0,414,313.0,6350.0,353.3940162810561,101.0,101.0,60.60598371894389,60.60598371894389,3673.085262540892
2018-06-27 04:00:00,4,2,0,898,414.0,6350.0,888.610230685784,484.0,484.0,9.389769314215982,9.389769314215982,88.16776777419209
2018-06-27 05:00:00,5,2,0,3151,898.0,5756.0,2892.541393103712,2253.0,2253.0,258.4586068962881,258.4586068962881,66800.85147876997
2018-06-27 06:00:00,6,2,0,5883,3151.0,4872.0,5806.74148863237,2732.0,2732.0,76.25851136762958,76.25851136762958,5815.36055600689
2018-06-27 07:00:00,7,2,1,6414,5883.0,4452.0,6391.6995005977005,531.0,531.0,22.300499402299465,22.300499402299465,497.3122735919588
2018-06-27 08:00:00,8,2,1,5717,6414.0,4713.0,5916.582247287692,-697.0,697.0,-199.58224728769164,199.58224728769164,39833.0734324053
2018-06-27 09:00:00,9,2,1,5134,5717.0,5083.0,5186.083727337555,-583.0,583.0,-52.08372733755459,52.08372733755459,2712.7146533727314
2018-06-27 10:00:00,10,2,0,4614,5134.0,4849.0,4584.552993637916,-520.0,520.0,29.447006362083812,29.447006362083812,867.1261836886044
2018-06-27 11:00:00,11,2,0,4964,4614.0,4905.0,4860.474612853799,350.0,350.0,103.52538714620096,103.52538714620096,10717.50578377079
2018-06-27 12:00:00,12,2,0,5102,4964.0,4905.0,5087.3043364893165,138.0,138.0,14.695663510683517,14.695663510683517,215.96252601923499
2018-06-27 13:00:00,13,2,0,4901,5102.0,5875.0,5106.849152961632,-201.0,201.0,-205.84915296163217,205.84915296163217,42373.87377502144
2018-06-27 14:00:00,14,2,0,5036,4901.0,6765.0,5174.475999079969,135.0,135.0,-138.47599907996937,138.47599907996937,19175.602321195678
2018-06-27 15:00:00,15,2,0,5867,5036.0,6765.0,5623.7213613257445,831.0,831.0,243.2786386742555,243.2786386742555,59184.49603519896
2018-06-27 16:00:00,16,2,0,6666,5867.0,6054.0,6454.281637841165,799.0,799.0,211.71836215883468,211.71836215883468,44824.66487521948
2018-06-27 17:00:00,17,2,1,6095,6666.0,4473.0,6197.683543434261,-571.0,571.0,-102.68354343426108,102.68354343426108,10543.910092215783
2018-06-27 18:00:00,18,2,1,4563,6095.0,3316.0,4577.07403267964,-1532.0,1532.0,-14.074032679640368,14.074032679640368,198.07839586758504
2018-06-27 19:00:00,19,2,1,3497,4563.0,2910.0,3430.3651538961403,-1066.0,1066.0,66.63484610385967,66.63484610385967,4440.202715285062
2018-06-27 20:00:00,20,2,0,3126,3497.0,2910.0,3075.922283069507,-371.0,371.0,50.0777169304929,50.0777169304929,2507.777732970575
2018-06-27 21:00:00,21,2,0,3116,3126.0,2674.0,2811.994713086483,-10.0,10.0,304.005286913517,304.005286913517,92419.21447136979
2018-06-27 22:00:00,22,2,0,2292,3116.0,2083.0,2445.815934622694,-824.0,824.0,-153.81593462269393,153.81593462269393,23659.341743852852
2018-06-27 23:00:00,23,2,0,1339,2292.0,1161.0,1350.464088134566,-953.0,953.0,-11.464088134566055,11.464088134566055,131.4253167570982
2018-06-28 00:00:00,0,3,0,778,1339.0,678.0,712.063043130369,-561.0,561.0,65.93695686963099,65.93695686963099,4347.682281227578
2018-06-28 01:00:00,1,3,0,457,778.0,411.0,466.40325810133226,-321.0,321.0,-9.403258101332256,9.403258101332256,88.42126292027069
2018-06-28 02:00:00,2,3,0,309,457.0,313.0,335.90988980818855,-148.0,148.0,-26.909889808188552,26.909889808188552,724.1421694888501
2018-06-28 03:00:00,3,3,0,365,309.0,414.0,353.3940162810561,56.0,56.0,11.60598371894389,11.60598371894389,134.69885808439062
2018-06-28 04:00:00,4,3,0,921,365.0,898.0,852.4246256670737,556.0,556.0,68.57537433292634,68.57537433292634,4702.581964900974
2018-06-28 05:00:00,5,3,0,3121,921.0,3151.0,2892.541393103712,2200.0,2200.0,228.45860689628807,228.45860689628807,52193.33506499269
2018-06-28 05:00:00,5,3,0,3121,3121.0,5883.0,3100.9794720125683,0.0,0.0,20.020527987431706,20.020527987431706,400.8215408955362
2018-06-28 06:00:00,6,3,0,5691,3121.0,6414.0,5805.329809926121,2570.0,2570.0,-114.32980992612102,114.32980992612102,13071.30543774296
2018-06-28 06:00:00,6,3,0,5691,5691.0,5717.0,5631.461945805688,0.0,0.0,59.53805419431228,59.53805419431228,3544.7798972448663
2018-06-28 07:00:00,7,3,1,6264,5691.0,5134.0,6322.5365863632705,573.0,573.0,-58.536586363270544,58.536586363270544,3426.531943064631
2018-06-28 08:00:00,8,3,1,5683,6264.0,4614.0,5852.415751378176,-581.0,581.0,-169.41575137817563,169.41575137817563,28701.696815031817
2018-06-28 09:00:00,9,3,1,4983,5683.0,4964.0,5175.289633136335,-700.0,700.0,-192.2896331363354,192.2896331363354,36975.303011706455
2018-06-28 10:00:00,10,3,0,4678,4983.0,5102.0,4615.291833888206,-305.0,305.0,62.708166111793616,62.708166111793616,3932.3140971043013
2018-06-28 11:00:00,11,3,0,4866,4678.0,4901.0,4887.0179564261725,188.0,188.0,-21.017956426172532,21.017956426172532,441.75449233248725
2018-06-28 12:00:00,12,3,0,5109,4866.0,5036.0,5061.410083957814,243.0,243.0,47.589916042185905,47.589916042185905,2264.8001089023032
2018-06-28 13:00:00,13,3,0,5011,5109.0,5867.0,5134.469087818755,-98.0,98.0,-123.46908781875482,123.46908781875482,15244.615646795388
2018-06-28 14:00:00,14,3,0,5300,5011.0,6666.0,5291.277785722491,289.0,289.0,8.72221427750901,8.72221427750901,76.07702190278204
2018-06-28 15:00:00,15,3,0,5945,5300.0,6095.0,5741.847429410599,645.0,645.0,203.15257058940097,203.15257058940097,41270.96693708154
2018-06-28 16:00:00,16,3,0,6568,5945.0,4563.0,6449.896626213851,623.0,623.0,118.10337378614895,118.10337378614895,13948.406899670816
2018-06-28 17:00:00,17,3,1,5930,6568.0,3497.0,6164.598659514767,-638.0,638.0,-234.59865951476695,234.59865951476695,55036.53104612555
2018-06-28 18:00:00,18,3,1,4668,5930.0,3126.0,4721.648937535785,-1262.0,1262.0,-53.64893753578508,53.64893753578508,2878.2084987185694
2018-06-28 19:00:00,19,3,1,3794,4668.0,3116.0,3565.376962095226,-874.0,874.0,228.6230379047738,228.6230379047738,52268.493460807644
2018-06-28 20:00:00,20,3,0,3127,3794.0,2292.0,3264.740962545215,-667.0,667.0,-137.7409625452151,137.7409625452151,18972.572762882348
2018-06-28 21:00:00,21,3,0,2908,3127.0,1339.0,3010.033022630045,-219.0,219.0,-102.0330226300448,102.0330226300448,10410.737707023234
2018-06-28 22:00:00,22,3,0,2190,2908.0,778.0,2236.653873976855,-718.0,718.0,-46.65387397685481,46.65387397685481,2176.5839570482503
2018-06-28 23:00:00,23,3,0,1475,2190.0,457.0,1339.8038862758453,-715.0,715.0,135.19611372415466,135.19611372415466,18277.98916611456
2018-06-29 00:00:00,0,4,0,841,1475.0,309.0,811.4675603102962,-634.0,634.0,29.53243968970378,29.53243968970378,872.1649940259911
2018-06-29 01:00:00,1,4,0,510,841.0,365.0,482.82906466247726,-331.0,331.0,27.170935337522735,27.170935337522735,738.2597271158417
2018-06-29 02:00:00,2,4,0,385,510.0,921.0,356.75026703232777,-125.0,125.0,28.24973296767223,28.24973296767223,798.0474127447873
2018-06-29 03:00:00,3,4,0,453,385.0,3121.0,390.42296197782366,68.0,68.0,62.57703802217634,62.57703802217634,3915.8856876289033
2018-06-29 04:00:00,4,4,0,984,453.0,3121.0,841.743118182475,531.0,531.0,142.25688181752503,142.25688181752503,20237.020424445283
2018-06-29 05:00:00,5,4,0,2909,984.0,5691.0,2892.541393103712,1925.0,1925.0,16.458606896288074,16.458606896288074,270.8857409665414
2018-06-29 06:00:00,6,4,0,5427,2909.0,5691.0,5656.0067599230715,2518.0,2518.0,-229.0067599230715,229.0067599230715,52444.09609046331
2018-06-29 07:00:00,7,4,1,6051,5427.0,6264.0,6298.326031731875,624.0,624.0,-247.32603173187545,247.32603173187545,61170.16597223666
2018-06-29 08:00:00,8,4,1,5204,6051.0,5683.0,5628.566591413334,-847.0,847.0,-424.5665914133342,424.5665914133342,180256.79054433707
2018-06-29 09:00:00,9,4,1,4842,5204.0,4983.0,4992.566167348413,-362.0,362.0,-150.56616734841282,150.56616734841282,22670.170749990255
2018-06-29 10:00:00,10,4,0,4626,4842.0,4678.0,4636.692027545594,-216.0,216.0,-10.692027545594101,10.692027545594101,114.31945303574301
2018-06-29 11:00:00,11,4,0,5114,4626.0,4866.0,4865.81154279814,488.0,488.0,248.18845720185982,248.18845720185982,61597.510288239406
2018-06-29 12:00:00,12,4,0,5222,5114.0,5109.0,5267.298421305454,108.0,108.0,-45.29842130545421,45.29842130545421,2051.946972766428
2018-06-29 13:00:00,13,4,0,5236,5222.0,5011.0,5295.54409378353,14.0,14.0,-59.544093783530116,59.544093783530116,3545.4991045018296
2018-06-29 14:00:00,14,4,0,5319,5236.0,5300.0,5469.398820243132,83.0,83.0,-150.39882024313192,150.39882024313192,22619.805130525907
2018-06-29 15:00:00,15,4,0,5903,5319.0,5945.0,5742.902847528869,584.0,584.0,160.09715247113127,160.09715247113127,25631.098229364652
2018-06-29 16:00:00,16,4,0,5902,5903.0,6568.0,6113.812948326297,-1.0,1.0,-211.81294832629737,211.81294832629737,44864.72507867872
2018-06-29 17:00:00,17,4,1,5314,5902.0,5930.0,5530.807265308578,-588.0,588.0,-216.80726530857828,216.80726530857828,47005.39029058425
2018-06-29 18:00:00,18,4,1,4798,5314.0,4668.0,4568.954641047509,-516.0,516.0,229.04535895249137,229.04535895249137,52461.776457675616
2018-06-29 19:00:00,19,4,1,3705,4798.0,3794.0,3772.341481630056,-1093.0,1093.0,-67.34148163005602,67.34148163005602,4534.875148131173
2018-06-29 20:00:00,20,4,0,3340,3705.0,3127.0,3230.3943644696456,-365.0,365.0,109.60563553035445,109.60563553035445,12013.395340012898
2018-06-29 21:00:00,21,4,0,3247,3340.0,2908.0,3113.248411798646,-93.0,93.0,133.75158820135402,133.75158820135402,17889.487346384587
2018-06-29 22:00:00,22,4,0,2781,3247.0,2190.0,2912.582197073357,-466.0,466.0,-131.58219707335684,131.58219707335684,17313.874586651717
2018-06-29 23:00:00,23,4,0,2465,2781.0,1475.0,2160.737388046336,-316.0,316.0,304.26261195366396,304.26261195366396,92575.7370328659
2018-06-30 00:00:00,0,5,0,1423,2465.0,841.0,1516.6956860729465,-1042.0,1042.0,-93.6956860729465,93.6956860729465,8778.88158868014
2018-06-30 01:00:00,1,5,0,869,1423.0,510.0,881.3165557446416,-554.0,554.0,-12.316555744641619,12.316555744641619,151.69754541086445
2018-06-30 02:00:00,2,5,0,617,869.0,385.0,683.605287640634,-252.0,252.0,-66.60528764063395,66.60528764063395,4436.264341691585
2018-06-30 03:00:00,3,5,0,429,617.0,453.0,400.09102194674085,-188.0,188.0,28.908978053259148,28.908978053259148,835.729012083819
2018-06-30 03:00:00,3,5,0,429,429.0,984.0,389.19567738775163,0.0,0.0,39.80432261224837,39.80432261224837,1584.3840986199468
2018-06-30 04:00:00,4,5,0,429,429.0,2909.0,412.74643445013055,0.0,0.0,16.25356554986945,16.25356554986945,264.17839308390296
2018-06-30 05:00:00,5,5,0,822,429.0,5427.0,800.9923644331734,393.0,393.0,21.007635566826593,21.007635566826593,441.3207521085977
2018-06-30 06:00:00,6,5,0,1489,822.0,6051.0,1399.965269158899,667.0,667.0,89.03473084110101,89.03473084110101,7927.183295947303
2018-06-30 07:00:00,7,5,1,2048,1489.0,5204.0,2156.8232415165044,559.0,559.0,-108.82324151650437,108.82324151650437,11842.49789415944
2018-06-30 08:00:00,8,5,1,2840,2048.0,4842.0,3091.3939301494406,792.0,792.0,-251.39393014944062,251.39393014944062,63198.90811598183
2018-06-30 09:00:00,9,5,1,3627,2840.0,4626.0,3529.079189734847,787.0,787.0,97.9208102651528,97.9208102651528,9588.485082984052
2018-06-30 10:00:00,10,5,0,3922,3627.0,5114.0,3916.9176049219536,295.0,295.0,5.082395078046375,5.082395078046375,25.830739729350014
2018-06-30 11:00:00,11,5,0,4253,3922.0,5222.0,4111.594073713641,331.0,331.0,141.40592628635932,141.40592628635932,19995.635988903286
2018-06-30 12:00:00,12,5,0,4776,4253.0,5236.0,4458.566093568538,523.0,523.0,317.43390643146176,317.43390643146176,100764.28495233803
2018-06-30 13:00:00,13,5,0,4675,4776.0,5319.0,4780.942222096368,-101.0,101.0,-105.94222209636791,105.94222209636791,11223.754422716145
2018-06-30 14:00:00,14,5,0,4533,4675.0,5903.0,4726.851212697272,-142.0,142.0,-193.85121269727188,193.85121269727188,37578.29266420294
2018-06-30 15:00:00,15,5,0,4425,4533.0,5902.0,4634.553689180666,-108.0,108.0,-209.55368918066597,209.55368918066597,43912.748649227164
2018-06-30 16:00:00,16,5,0,4707,4425.0,5314.0,4543.511117162957,282.0,282.0,163.4888828370431,163.4888828370431,26728.614811304404
2018-06-30 17:00:00,17,5,1,4469,4707.0,4798.0,4468.4339316504465,-238.0,238.0,0.5660683495534613,0.5660683495534613,0.32043337636617963
2018-06-30 18:00:00,18,5,1,3871,4469.0,3705.0,4187.41712285316,-598.0,598.0,-316.41712285316044,316.41712285316044,100119.79563467203
2018-06-30 19:00:00,19,5,1,3247,3871.0,3340.0,3449.2193015753014,-624.0,624.0,-202.21930157530142,202.21930157530142,40892.6459296027
2018-06-30 20:00:00,20,5,0,2936,3247.0,3247.0,2978.763212519166,-311.0,311.0,-42.76321251916579,42.76321251916579,1828.6923449593378
2018-06-30 21:00:00,21,5,0,2700,2936.0,2781.0,2929.1177818574583,-236.0,236.0,-229.11778185745834,229.11778185745834,52494.957963281864
2018-06-30 22:00:00,22,5,0,2760,2700.0,2465.0,2664.278337187728,60.0,60.0,95.72166281227192,95.72166281227192,9162.63673154628
2018-06-30 23:00:00,23,5,0,2017,2760.0,1423.0,2214.6759984449604,-743.0,743.0,-197.67599844496044,197.67599844496044,39075.800361212
2018-07-01 00:00:00,0,6,0,1314,2017.0,869.0,1486.1375026205935,-703.0,703.0,-172.13750262059352,172.13750262059352,29631.319808454842
2018-07-01 01:00:00,1,6,0,848,1314.0,617.0,857.1637226516752,-466.0,466.0,-9.163722651675243,9.163722651675243,83.97381283682596
2018-07-01 02:00:00,2,6,0,703,848.0,429.0,673.3424626209151,-145.0,145.0,29.657537379084943,29.657537379084943,879.5695233918206
2018-07-01 03:00:00,3,6,0,419,703.0,429.0,427.27988052137954,-284.0,284.0,-8.279880521379539,8.279880521379539,68.55642144832031
2018-07-01 03:00:00,3,6,0,419,419.0,429.0,385.0743329321668,0.0,0.0,33.92566706783322,33.92566706783322,1150.9508859974633
2018-07-01 04:00:00,4,6,0,372,419.0,822.0,370.88219979602354,-47.0,47.0,1.1178002039764579,1.1178002039764579,1.2494772960098108
2018-07-01 04:00:00,4,6,0,372,372.0,1489.0,384.4378627831367,0.0,0.0,-12.437862783136723,12.437862783136723,154.70043061213758
2018-07-01 05:00:00,5,6,0,529,372.0,2048.0,583.8765572485795,157.0,157.0,-54.8765572485795,54.8765572485795,3011.4365354566235
2018-07-01 05:00:00,5,6,0,529,529.0,2840.0,605.0866943241218,0.0,0.0,-76.08669432412182,76.08669432412182,5789.185053172352
2018-07-01 06:00:00,6,6,0,979,529.0,3627.0,924.1676339160018,450.0,450.0,54.83236608399818,54.83236608399818,3006.588370369594
2018-07-01 06:00:00,6,6,0,979,979.0,3922.0,1103.2202275321986,0.0,0.0,-124.22022753219858,124.22022753219858,15430.664928151185
2018-07-01 07:00:00,7,6,1,1237,979.0,4253.0,1165.485464637528,258.0,258.0,71.51453536247209,71.51453536247209,5114.328768110271
2018-07-01 08:00:00,8,6,1,1682,1237.0,4776.0,1909.3344251796423,445.0,445.0,-227.33442517964227,227.33442517964227,51680.940871758365
2018-07-01 08:00:00,8,6,1,1682,1682.0,4675.0,2115.5660468294577,0.0,0.0,-433.5660468294577,433.5660468294577,187979.51696332352
2018-07-01 09:00:00,9,6,1,2495,1682.0,4533.0,2378.6765080299774,813.0,813.0,116.32349197002259,116.32349197002259,13531.15478409991
2018-07-01 09:00:00,9,6,1,2495,2495.0,4425.0,2763.820813519113,0.0,0.0,-268.820813519113,268.820813519113,72264.62978107773
2018-07-01 09:00:00,9,6,1,2495,2495.0,4707.0,2752.499050626304,0.0,0.0,-257.49905062630387,257.49905062630387,66305.76107344781
2018-07-01 10:00:00,10,6,0,2924,2495.0,4469.0,2779.048998740367,429.0,429.0,144.9510012596329,144.9510012596329,21010.7927661701
2018-07-01 10:00:00,10,6,0,2924,2924.0,3871.0,3391.4709275503237,0.0,0.0,-467.4709275503237,467.4709275503237,218529.06810476002
2018-07-01 11:00:00,11,6,0,3323,2924.0,3247.0,3398.1846337403945,399.0,399.0,-75.18463374039447,75.18463374039447,5652.7291506772635
2018-07-01 11:00:00,11,6,0,3323,3323.0,2936.0,3572.6171487583692,0.0,0.0,-249.61714875836924,249.61714875836924,62308.720954257835
2018-07-01 11:00:00,11,6,0,3323,3323.0,2700.0,3575.0429467003432,0.0,0.0,-252.04294670034324,252.04294670034324,63525.64698139206
2018-07-01 12:00:00,12,6,0,3696,3323.0,2760.0,3575.0429467003432,373.0,373.0,120.95705329965676,120.95705329965676,14630.608742936007
2018-07-01 12:00:00,12,6,0,3696,3696.0,2017.0,3932.6879978272696,0.0,0.0,-236.68799782726956,236.68799782726956,56021.208315481555
2018-07-01 12:00:00,12,6,0,3696,3696.0,1314.0,3932.6879978272696,0.0,0.0,-236.68799782726956,236.68799782726956,56021.208315481555
2018-07-01 13:00:00,13,6,0,4084,3696.0,848.0,3912.778963150253,388.0,388.0,171.22103684974718,171.22103684974718,29316.64345990248
2018-07-01 13:00:00,13,6,0,4084,4084.0,703.0,4241.604966697718,0.0,0.0,-157.60496669771783,157.60496669771783,24839.325527788744
2018-07-01 14:00:00,14,6,0,4187,4084.0,419.0,4239.761845060486,103.0,103.0,-52.76184506048594,52.76184506048594,2783.8122941867246
2018-07-01 15:00:00,15,6,0,4365,4187.0,419.0,4299.92874666816,178.0,178.0,65.07125333184013,65.07125333184013,4234.2680101765145
2018-07-01 16:00:00,16,6,0,4380,4365.0,372.0,4419.189302077062,15.0,15.0,-39.189302077062166,39.189302077062166,1535.801397287229
2018-07-01 17:00:00,17,6,1,4049,4380.0,372.0,4116.669518015351,-331.0,331.0,-67.66951801535106,67.66951801535106,4579.163668429922
2018-07-01 18:00:00,18,6,1,3680,4049.0,529.0,3900.7339276086554,-369.0,369.0,-220.73392760865545,220.73392760865545,48723.466797543144
2018-07-01 19:00:00,19,6,1,3404,3680.0,529.0,3192.272346976172,-276.0,276.0,211.72765302382822,211.72765302382822,44828.5990549786
2018-07-01 20:00:00,20,6,0,3018,3404.0,979.0,2945.4719814386954,-386.0,386.0,72.52801856130463,72.52801856130463,5260.31347642895
2018-07-01 21:00:00,21,6,0,2640,3018.0,979.0,2665.9290569477967,-378.0,378.0,-25.929056947796653,25.929056947796653,672.3159942020819
2018-07-01 22:00:00,22,6,0,2152,2640.0,1237.0,2209.9138780489625,-488.0,488.0,-57.91387804896249,57.91387804896249,3354.017270670099
2018-07-01 23:00:00,23,6,0,3078,2152.0,1682.0,1606.5638588248516,926.0,926.0,1471.4361411751484,1471.4361411751484,2165124.317556411
2018-07-02 00:00:00,0,0,0,1043,3078.0,1682.0,849.752681416072,-2035.0,2035.0,193.24731858392795,193.24731858392795,37344.526139878144
2018-07-02 01:00:00,1,0,0,523,1043.0,2495.0,471.09156930660254,-520.0,520.0,51.90843069339746,51.90843069339746,2694.485177051248
2018-07-02 02:00:00,2,0,0,425,523.0,2495.0,344.230091203593,-98.0,98.0,80.76990879640698,80.76990879640698,6523.7781669799015
2018-07-02 03:00:00,3,0,0,398,425.0,2495.0,406.5074922234486,-27.0,27.0,-8.507492223448594,8.507492223448594,72.3774239320383
2018-07-02 04:00:00,4,0,0,896,398.0,2924.0,758.2793008703998,498.0,498.0,137.72069912960023,137.72069912960023,18966.99096874587
2018-07-02 05:00:00,5,0,0,2931,896.0,2924.0,2892.541393103712,2035.0,2035.0,38.458606896288074,38.458606896288074,1479.0644444032166
2018-07-02 06:00:00,6,0,0,5305,2931.0,3323.0,5636.307016850693,2374.0,2374.0,-331.3070168506929,331.3070168506929,109764.3394145053
2018-07-02 07:00:00,7,0,1,5936,5305.0,3323.0,5919.759064202127,631.0,631.0,16.240935797873135,16.240935797873135,263.7679955906371
2018-07-02 08:00:00,8,0,1,4859,5936.0,3323.0,5539.2056941294895,-1077.0,1077.0,-680.2056941294895,680.2056941294895,462679.7863261807
2018-07-02 09:00:00,9,0,1,4473,4859.0,3696.0,4734.270234127016,-386.0,386.0,-261.270234127016,261.270234127016,68262.13524078576
2018-07-02 10:00:00,10,0,0,4172,4473.0,3696.0,4346.766893557114,-301.0,301.0,-174.7668935571137,174.7668935571137,30543.467083603507
2018-07-02 11:00:00,11,0,0,4498,4172.0,3696.0,4298.198371103727,326.0,326.0,199.80162889627263,199.80162889627263,39920.69090960384
2018-07-02 12:00:00,12,0,0,4617,4498.0,4084.0,4728.108143907518,119.0,119.0,-111.10814390751784,111.10814390751784,12345.019642573694
2018-07-02 13:00:00,13,0,0,4667,4617.0,4084.0,4850.430540330002,50.0,50.0,-183.43054033000226,183.43054033000226,33646.76312575659
2018-07-02 14:00:00,14,0,0,4728,4667.0,4187.0,4872.486219428561,61.0,61.0,-144.48621942856062,144.48621942856062,20876.267604758166
2018-07-02 15:00:00,15,0,0,5115,4728.0,4365.0,4880.27858699182,387.0,387.0,234.7214130081802,234.7214130081802,55094.141724556706
2018-07-02 16:00:00,16,0,0,5853,5115.0,4380.0,5725.693841757876,738.0,738.0,127.30615824212418,127.30615824212418,16206.857926368762
2018-07-02 17:00:00,17,0,1,5241,5853.0,4049.0,5719.8230161389,-612.0,612.0,-478.82301613890013,478.82301613890013,229271.48078435342
2018-07-02 18:00:00,18,0,1,3922,5241.0,3680.0,3824.813057944634,-1319.0,1319.0,97.18694205536622,97.18694205536622,9445.30170607311
2018-07-02 19:00:00,19,0,1,3183,3922.0,3404.0,2957.202077795109,-739.0,739.0,225.79792220489117,225.79792220489117,50984.70167204608
2018-07-02 20:00:00,20,0,0,2792,3183.0,3018.0,2732.1670930897526,-391.0,391.0,59.8329069102474,59.8329069102474,3579.976749330331
2018-07-02 21:00:00,21,0,0,2552,2792.0,2640.0,2506.876534305547,-240.0,240.0,45.12346569445299,45.12346569445299,2036.1271562784757
2018-07-02 22:00:00,22,0,0,2118,2552.0,2152.0,1908.465864282385,-434.0,434.0,209.53413571761507,209.53413571761507,43904.55403092793
2018-07-02 23:00:00,23,0,0,1461,2118.0,3078.0,1360.620978814552,-657.0,657.0,100.37902118544798,100.37902118544798,10075.947894148614
2018-07-03 00:00:00,0,1,0,722,1461.0,1043.0,799.3093606364885,-739.0,739.0,-77.30936063648846,77.30936063648846,5976.737242022632
2018-07-03 01:00:00,1,1,0,455,722.0,523.0,444.0991682049563,-267.0,267.0,10.9008317950437,10.9008317950437,118.82813382383566
2018-07-03 02:00:00,2,1,0,340,455.0,425.0,332.98837810103834,-115.0,115.0,7.011621898961664,7.011621898961664,49.162841653998775
2018-07-03 03:00:00,3,1,0,391,340.0,398.0,353.2904682585332,51.0,51.0,37.709531741466776,37.709531741466776,1422.0087841606903
2018-07-03 04:00:00,4,1,0,863,391.0,896.0,872.6574028276408,472.0,472.0,-9.657402827640794,9.657402827640794,93.26542937532442
2018-07-03 04:00:00,4,1,0,863,863.0,2931.0,865.5912924476632,0.0,0.0,-2.5912924476632497,2.5912924476632497,6.7147965493165955
2018-07-03 05:00:00,5,1,0,2836,863.0,5305.0,2865.3280094860656,1973.0,1973.0,-29.32800948606564,29.32800948606564,860.1321404147561
2018-07-03 06:00:00,6,1,0,5264,2836.0,5936.0,5584.0432945953935,2428.0,2428.0,-320.0432945953935,320.0432945953935,102427.71041547382
2018-07-03 07:00:00,7,1,1,5737,5264.0,4859.0,5971.707475486158,473.0,473.0,-234.70747548615782,234.70747548615782,55087.59904908537
2018-07-03 07:00:00,7,1,1,5737,5737.0,4473.0,6374.227371748559,0.0,0.0,-637.2273717485587,637.2273717485587,406058.7233055758
2018-07-03 08:00:00,8,1,1,5017,5737.0,4172.0,5545.13038026048,-720.0,720.0,-528.1303802604798,528.1303802604798,278921.698554079
2018-07-03 08:00:00,8,1,1,5017,5017.0,4498.0,4991.6385506782935,0.0,0.0,25.36144932170646,25.36144932170646,643.203111697485
2018-07-03 09:00:00,9,1,1,4373,5017.0,4617.0,4968.1537449069965,-644.0,644.0,-595.1537449069965,595.1537449069965,354207.9800768223
2018-07-03 10:00:00,10,1,0,4099,4373.0,4667.0,4507.918886803714,-274.0,274.0,-408.9188868037136,408.9188868037136,167214.65598478832
2018-07-03 11:00:00,11,1,0,4415,4099.0,4728.0,4310.569391968016,316.0,316.0,104.43060803198387,104.43060803198387,10905.751893929853
2018-07-03 12:00:00,12,1,0,4775,4415.0,5115.0,4642.645385635901,360.0,360.0,132.35461436409878,132.35461436409878,17517.743943469304
2018-07-03 13:00:00,13,1,0,4799,4775.0,5853.0,4911.3864946218555,24.0,24.0,-112.38649462185549,112.38649462185549,12630.724173388353
2018-07-03 14:00:00,14,1,0,4968,4799.0,5241.0,5084.746374151443,169.0,169.0,-116.74637415144298,116.74637415144298,13629.715877508714
2018-07-03 14:00:00,14,1,0,4968,4968.0,3922.0,5237.510240120436,0.0,0.0,-269.5102401204358,269.5102401204358,72635.76952977497
2018-07-03 15:00:00,15,1,0,5526,4968.0,3183.0,5590.446894398043,558.0,558.0,-64.44689439804279,64.44689439804279,4153.402197552478
2018-07-03 15:00:00,15,1,0,5526,5526.0,2792.0,5848.457489339763,0.0,0.0,-322.457489339763,322.457489339763,103978.83243130338
2018-07-03 16:00:00,16,1,0,6135,5526.0,2552.0,6290.317522957912,609.0,609.0,-155.31752295791193,155.31752295791193,24123.5329377815
2018-07-03 17:00:00,17,1,1,5092,6135.0,2118.0,5894.402459414993,-1043.0,1043.0,-802.4024594149932,802.4024594149932,643849.7068752298
2018-07-03 18:00:00,18,1,1,4313,5092.0,1461.0,4282.493763256219,-779.0,779.0,30.5062367437813,30.5062367437813,930.6304802676324
2018-07-03 19:00:00,19,1,1,3308,4313.0,722.0,3133.546495821835,-1005.0,1005.0,174.45350417816508,174.45350417816508,30434.02512004106
2018-07-03 20:00:00,20,1,0,3055,3308.0,455.0,2890.5856059104826,-253.0,253.0,164.41439408951737,164.41439408951737,27032.092983823124
2018-07-03 21:00:00,21,1,0,2700,3055.0,340.0,2754.736601279252,-355.0,355.0,-54.73660127925223,54.73660127925223,2996.0955196038367
2018-07-03 22:00:00,22,1,0,2176,2700.0,391.0,1970.7795963956676,-524.0,524.0,205.22040360433243,205.22040360433243,42115.4140555251
2018-07-03 23:00:00,23,1,0,1741,2176.0,863.0,1368.3489014307304,-435.0,435.0,372.6510985692696,372.6510985692696,138868.8412648835
2018-07-04 00:00:00,0,2,0,1021,1741.0,863.0,888.3380304681641,-720.0,720.0,132.6619695318359,132.6619695318359,17599.198160065756
2018-07-04 01:00:00,1,2,0,605,1021.0,2836.0,471.09490323935637,-416.0,416.0,133.90509676064363,133.90509676064363,17930.574938477333
2018-07-04 02:00:00,2,2,0,573,605.0,5264.0,381.3336060257292,-32.0,32.0,191.66639397427082,191.66639397427082,36736.006579100394
2018-07-04 03:00:00,3,2,0,353,573.0,5737.0,473.6561059721267,-220.0,220.0,-120.65610597212668,120.65610597212668,14557.895908357064
2018-07-04 04:00:00,4,2,0,354,353.0,5737.0,851.4314981742618,1.0,1.0,-497.43149817426183,497.43149817426183,247438.09537589064
2018-07-04 05:00:00,5,2,0,698,354.0,5017.0,2189.5613404912315,344.0,344.0,-1491.5613404912315,1491.5613404912315,2224755.2324479995
2018-07-04 06:00:00,6,2,0,1141,698.0,5017.0,2703.6138691110127,443.0,443.0,-1562.6138691110127,1562.6138691110127,2441762.103938089
2018-07-04 07:00:00,7,2,1,1128,1141.0,4373.0,3008.3734015061746,-13.0,13.0,-1880.3734015061746,1880.3734015061746,3535804.1290919012
2018-07-04 08:00:00,8,2,1,1275,1128.0,4099.0,1536.7211335229565,147.0,147.0,-261.7211335229565,261.7211335229565,68497.95173254123
2018-07-04 09:00:00,9,2,1,1687,1275.0,4415.0,1805.8707293337357,412.0,412.0,-118.87072933373565,118.87072933373565,14130.250292334242
2018-07-04 10:00:00,10,2,0,1920,1687.0,4775.0,1898.4165408319457,233.0,233.0,21.583459168054333,21.583459168054333,465.84570965906863
2018-07-04 10:00:00,10,2,0,1920,1920.0,4799.0,3416.3079599279877,0.0,0.0,-1496.3079599279877,1496.3079599279877,2238937.5109438566
2018-07-04 10:00:00,10,2,0,1920,1920.0,4968.0,3416.3079599279877,0.0,0.0,-1496.3079599279877,1496.3079599279877,2238937.5109438566
2018-07-04 11:00:00,11,2,0,2603,1920.0,4968.0,3413.3542488078606,683.0,683.0,-810.3542488078606,810.3542488078606,656674.008560952
2018-07-04 11:00:00,11,2,0,2603,2603.0,5526.0,3311.2604370579957,0.0,0.0,-708.2604370579957,708.2604370579957,501632.846701583
2018-07-04 12:00:00,12,2,0,2761,2603.0,5526.0,3296.37002048183,158.0,158.0,-535.3700204818301,535.3700204818301,286621.0588307152
2018-07-04 13:00:00,13,2,0,2929,2761.0,6135.0,3007.981949257555,168.0,168.0,-78.98194925755479,78.98194925755479,6238.148308522959
2018-07-04 14:00:00,14,2,0,3318,2929.0,5092.0,3020.0975313941294,389.0,389.0,297.9024686058706,297.9024686058706,88745.8808014717
2018-07-04 15:00:00,15,2,0,3070,3318.0,4313.0,3313.3755680873965,-248.0,248.0,-243.37556808739646,243.37556808739646,59231.66714186295
2018-07-04 15:00:00,15,2,0,3070,3070.0,3308.0,3137.5463311245667,0.0,0.0,-67.54633112456668,67.54633112456668,4562.506848389605
2018-07-04 16:00:00,16,2,0,3224,3070.0,3055.0,3083.567175046532,154.0,154.0,140.43282495346784,140.43282495346784,19721.37832441134
2018-07-04 16:00:00,16,2,0,3224,3224.0,2700.0,3160.54635573746,0.0,0.0,63.45364426253991,63.45364426253991,4026.364970196964
2018-07-04 17:00:00,17,2,1,3045,3224.0,2176.0,3153.3388503415113,-179.0,179.0,-108.33885034151126,108.33885034151126,11737.306493320375
2018-07-04 17:00:00,17,2,1,3045,3045.0,1741.0,3049.569228749459,0.0,0.0,-4.569228749458944,4.569228749458944,20.87785136488214
2018-07-04 18:00:00,18,2,1,2664,3045.0,1021.0,3048.3655551383476,-381.0,381.0,-384.36555513834764,384.36555513834764,147736.87997681016
2018-07-04 19:00:00,19,2,1,2596,2664.0,605.0,2485.135907970732,-68.0,68.0,110.8640920292678,110.8640920292678,12290.846901473958
2018-07-04 20:00:00,20,2,0,2503,2596.0,573.0,2465.8033620417373,-93.0,93.0,37.19663795826273,37.19663795826273,1383.5898753980716
2018-07-04 21:00:00,21,2,0,2582,2503.0,353.0,2357.314097920686,79.0,79.0,224.68590207931402,224.68590207931402,50483.75459319509
2018-07-04 22:00:00,22,2,0,2030,2582.0,354.0,2166.7074419718438,-552.0,552.0,-136.70744197184376,136.70744197184376,18688.92469048503
2018-07-04 23:00:00,23,2,0,1936,2030.0,698.0,1520.479001352344,-94.0,94.0,415.5209986476559,415.5209986476559,172657.70031714527
2018-07-05 00:00:00,0,3,0,971,1936.0,1141.0,1073.1522283488528,-965.0,965.0,-102.15222834885276,102.15222834885276,10435.077756636158
2018-07-05 00:00:00,0,3,0,971,971.0,1128.0,558.6139424771582,0.0,0.0,412.38605752284184,412.38605752284184,170062.26043923263
2018-07-05 01:00:00,1,3,0,476,971.0,1275.0,504.47426137099336,-495.0,495.0,-28.47426137099336,28.47426137099336,810.7835606236447
2018-07-05 02:00:00,2,3,0,317,476.0,1687.0,342.51489292833026,-159.0,159.0,-25.514892928330255,25.514892928330255,651.0097611441572
2018-07-05 03:00:00,3,3,0,338,317.0,1920.0,337.40879352087023,21.0,21.0,0.5912064791297666,0.5912064791297666,0.3495251009650152
2018-07-05 04:00:00,4,3,0,754,338.0,1920.0,785.3236423820625,416.0,416.0,-31.32364238206253,31.32364238206253,981.170572079344
2018-07-05 05:00:00,5,3,0,2412,754.0,1920.0,2569.404833677434,1658.0,1658.0,-157.404833677434,157.404833677434,24776.28166502066
2018-07-05 06:00:00,6,3,0,4500,2412.0,2603.0,4769.792894359344,2088.0,2088.0,-269.79289435934425,269.79289435934425,72788.20584679229
2018-07-05 07:00:00,7,3,1,4966,4500.0,2603.0,4767.621736925164,466.0,466.0,198.37826307483556,198.37826307483556,39353.93526058867
2018-07-05 08:00:00,8,3,1,4440,4966.0,2761.0,4719.9894401694455,-526.0,526.0,-279.9894401694455,279.9894401694455,78394.0866063995
2018-07-05 09:00:00,9,3,1,4205,4440.0,2929.0,4374.142632942144,-235.0,235.0,-169.1426329421438,169.1426329421438,28609.230278600786
2018-07-05 10:00:00,10,3,0,4154,4205.0,3318.0,4278.3319095425,-51.0,51.0,-124.3319095425004,124.3319095425004,15458.423730484501
2018-07-05 11:00:00,11,3,0,4201,4154.0,3070.0,4264.316819940493,47.0,47.0,-63.31681994049268,63.31681994049268,4009.0196873767713
2018-07-05 12:00:00,12,3,0,4416,4201.0,3070.0,4309.808918848417,215.0,215.0,106.1910811515827,106.1910811515827,11276.545716142022
2018-07-05 13:00:00,13,3,0,4491,4416.0,3224.0,4594.246372598475,75.0,75.0,-103.24637259847532,103.24637259847532,10659.813454743195
2018-07-05 14:00:00,14,3,0,4708,4491.0,3224.0,4728.108143907518,217.0,217.0,-20.108143907517842,20.108143907517842,404.3374514054469
2018-07-05 15:00:00,15,3,0,5066,4708.0,3045.0,4879.09441000951,358.0,358.0,186.90558999048972,186.90558999048972,34933.699569693046
2018-07-05 16:00:00,16,3,0,5908,5066.0,3045.0,5648.458564808997,842.0,842.0,259.5414351910031,259.5414351910031,67361.75658100565
2018-07-05 17:00:00,17,3,1,5223,5908.0,2664.0,5656.596889040814,-685.0,685.0,-433.59688904081395,433.59688904081395,188006.26218587192
2018-07-05 18:00:00,18,3,1,4115,5223.0,2596.0,3996.654337255692,-1108.0,1108.0,118.3456627443079,118.3456627443079,14005.695890389467
2018-07-05 19:00:00,19,3,1,3099,4115.0,2503.0,3303.5434157106542,-1016.0,1016.0,-204.54341571065424,204.54341571065424,41838.00891058152
2018-07-05 20:00:00,20,3,0,2713,3099.0,2582.0,2838.66673296421,-386.0,386.0,-125.66673296421004,125.66673296421004,15792.127773898075
2018-07-05 21:00:00,21,3,0,2633,2713.0,2030.0,2684.4675174233685,-80.0,80.0,-51.46751742336846,51.46751742336846,2648.9053497247364
2018-07-05 22:00:00,22,3,0,2002,2633.0,1936.0,2111.3955955835927,-631.0,631.0,-109.3955955835927,109.3955955835927,11967.396333088966
2018-07-05 23:00:00,23,3,0,1287,2002.0,971.0,1329.4951046657507,-715.0,715.0,-42.49510466575066,42.49510466575066,1805.8339205531036
2018-07-06 00:00:00,0,4,0,743,1287.0,971.0,727.1180772761129,-544.0,544.0,15.8819227238871,15.8819227238871,252.23546940752146
2018-07-06 01:00:00,1,4,0,435,743.0,476.0,452.9406220421626,-308.0,308.0,-17.9406220421626,17.9406220421626,321.8659192597306
2018-07-06 02:00:00,2,4,0,372,435.0,317.0,340.4752800116751,-63.0,63.0,31.524719988324875,31.524719988324875,993.8079703422899
2018-07-06 03:00:00,3,4,0,343,372.0,338.0,377.17394255039295,-29.0,29.0,-34.17394255039295,34.17394255039295,1167.8583494375578
2018-07-06 04:00:00,4,4,0,752,343.0,754.0,728.3353930888671,409.0,409.0,23.664606911132864,23.664606911132864,560.0136202584373
2018-07-06 05:00:00,5,4,0,2453,752.0,2412.0,2576.071093358066,1701.0,1701.0,-123.07109335806581,123.07109335806581,15146.49402034975
2018-07-06 06:00:00,6,4,0,4489,2453.0,4500.0,5081.946948202939,2036.0,2036.0,-592.946948202939,592.946948202939,351586.0833831788
2018-07-06 07:00:00,7,4,1,5069,4489.0,4966.0,5038.823103297299,580.0,580.0,30.176896702701015,30.176896702701015,910.6450946054874
2018-07-06 08:00:00,8,4,1,4489,5069.0,4440.0,4805.512897070615,-580.0,580.0,-316.5128970706146,316.5128970706146,100180.41401203348
2018-07-06 09:00:00,9,4,1,4305,4489.0,4205.0,4421.203410397353,-184.0,184.0,-116.20341039735285,116.20341039735285,13503.232587975614
2018-07-06 10:00:00,10,4,0,4215,4305.0,4154.0,4418.112529141648,-90.0,90.0,-203.11252914164834,203.11252914164834,41254.69949431695
2018-07-06 11:00:00,11,4,0,4547,4215.0,4201.0,4359.765153268078,332.0,332.0,187.2348467319216,187.2348467319216,35056.88783072618
2018-07-06 12:00:00,12,4,0,4684,4547.0,4416.0,4783.771305932432,137.0,137.0,-99.77130593243237,99.77130593243237,9954.313487463014
2018-07-06 13:00:00,13,4,0,4594,4684.0,4491.0,4885.611308568627,-90.0,90.0,-291.61130856862655,291.61130856862655,85037.15528510672
2018-07-06 14:00:00,14,4,0,4818,4594.0,4708.0,4824.577890536799,224.0,224.0,-6.5778905367988045,6.5778905367988045,43.268643914107265
2018-07-06 15:00:00,15,4,0,5182,4818.0,5066.0,5377.056889582684,364.0,364.0,-195.05688958268365,195.05688958268365,38047.19017367124
2018-07-06 16:00:00,16,4,0,5353,5182.0,5908.0,5864.386089249538,171.0,171.0,-511.3860892495377,511.3860892495377,261515.73227793613
2018-07-06 17:00:00,17,4,1,4822,5353.0,5223.0,5077.3950760090975,-531.0,531.0,-255.39507600909747,255.39507600909747,65226.644849692675
2018-07-06 18:00:00,18,4,1,4089,4822.0,4115.0,4428.332040132199,-733.0,733.0,-339.3320401321989,339.3320401321989,115146.23346028026
2018-07-06 19:00:00,19,4,1,3390,4089.0,3099.0,3438.5572455216643,-699.0,699.0,-48.5572455216643,48.5572455216643,2357.8060926511876
2018-07-06 20:00:00,20,4,0,2966,3390.0,2713.0,3028.051426433167,-424.0,424.0,-62.05142643316685,62.05142643316685,3850.379522390718
2018-07-06 21:00:00,21,4,0,2903,2966.0,2633.0,2937.271996924662,-63.0,63.0,-34.271996924661835,34.271996924661835,1174.5697732040303
2018-07-06 22:00:00,22,4,0,2533,2903.0,2002.0,2776.3332958577107,-370.0,370.0,-243.3332958577107,243.3332958577107,59211.09287297617
2018-07-06 23:00:00,23,4,0,2227,2533.0,1287.0,1859.526550527559,-306.0,306.0,367.47344947244096,367.47344947244096,135036.7360671746
2018-07-07 00:00:00,0,5,0,1233,2227.0,743.0,1516.116155540892,-994.0,994.0,-283.1161555408919,283.1161555408919,80154.75752825449
2018-07-07 01:00:00,1,5,0,689,1233.0,435.0,807.997493052369,-544.0,544.0,-118.99749305236901,118.99749305236901,14160.40335274861
2018-07-07 02:00:00,2,5,0,604,689.0,372.0,584.7306808391115,-85.0,85.0,19.26931916088847,19.26931916088847,371.3066609241836
2018-07-07 03:00:00,3,5,0,382,604.0,343.0,394.3456402993784,-222.0,222.0,-12.345640299378374,12.345640299378374,152.41483440163535
2018-07-07 04:00:00,4,5,0,429,382.0,752.0,389.7682491687376,47.0,47.0,39.23175083126239,39.23175083126239,1539.130273286257
2018-07-07 05:00:00,5,5,0,769,429.0,2453.0,775.1777262436656,340.0,340.0,-6.177726243665575,6.177726243665575,38.16430154167437
2018-07-07 06:00:00,6,5,0,1246,769.0,4489.0,1385.4564235871194,477.0,477.0,-139.4564235871194,139.4564235871194,19448.09407971007
2018-07-07 07:00:00,7,5,1,1710,1246.0,5069.0,1818.208229230414,464.0,464.0,-108.20822923041396,108.20822923041396,11709.020873181815
2018-07-07 08:00:00,8,5,1,2428,1710.0,4489.0,2376.4959377053165,718.0,718.0,51.504062294683536,51.504062294683536,2652.668432854642
2018-07-07 09:00:00,9,5,1,3029,2428.0,4305.0,3118.748961139165,601.0,601.0,-89.7489611391652,89.7489611391652,8054.876025559386
2018-07-07 10:00:00,10,5,0,3386,3029.0,4215.0,3545.9040235239886,357.0,357.0,-159.9040235239886,159.9040235239886,25569.296739160298
2018-07-07 11:00:00,11,5,0,4045,3386.0,4547.0,3668.6886199893647,659.0,659.0,376.3113800106353,376.3113800106353,141610.25472550874
2018-07-07 12:00:00,12,5,0,4160,4045.0,4684.0,4274.004768423521,115.0,115.0,-114.00476842352145,114.00476842352145,12997.087223300754
2018-07-07 13:00:00,13,5,0,4118,4160.0,4594.0,4289.684566329284,-42.0,42.0,-171.68456632928428,171.68456632928428,29475.590315674413
2018-07-07 14:00:00,14,5,0,3992,4118.0,4818.0,4280.806946485686,-126.0,126.0,-288.80694648568624,288.80694648568624,83409.45233838604
2018-07-07 15:00:00,15,5,0,4022,3992.0,5182.0,4143.891934045186,30.0,30.0,-121.89193404518574,121.89193404518574,14857.64358527591
2018-07-07 16:00:00,16,5,0,4289,4022.0,5353.0,4165.024005626369,267.0,267.0,123.97599437363078,123.97599437363078,15370.04718093053
2018-07-07 17:00:00,17,5,1,4085,4289.0,4822.0,4070.073810003498,-204.0,204.0,14.926189996502217,14.926189996502217,222.79114781168283
2018-07-07 18:00:00,18,5,1,3986,4085.0,4089.0,3881.1716453064564,-99.0,99.0,104.82835469354359,104.82835469354359,10988.983947755381
2018-07-07 19:00:00,19,5,1,3416,3986.0,3390.0,3450.690246520507,-570.0,570.0,-34.69024652050712,34.69024652050712,1203.4132036535561
2018-07-07 20:00:00,20,5,0,3191,3416.0,2966.0,3038.176469035759,-225.0,225.0,152.82353096424094,152.82353096424094,23355.03161637831
2018-07-07 21:00:00,21,5,0,3616,3191.0,2903.0,2961.3712151669956,425.0,425.0,654.6287848330044,654.6287848330044,428538.84593193594
2018-07-07 22:00:00,22,5,0,3055,3616.0,2533.0,3249.6429118936558,-561.0,561.0,-194.64291189365576,194.64291189365576,37885.86315044144
2018-07-07 23:00:00,23,5,0,2246,3055.0,2227.0,2241.8160100929554,-809.0,809.0,4.183989907044634,4.183989907044634,17.505771542251363
2018-07-08 00:00:00,0,6,0,1423,2246.0,1233.0,1468.7774620713233,-823.0,823.0,-45.77746207132327,45.77746207132327,2095.5760336914404
2018-07-08 01:00:00,1,6,0,786,1423.0,689.0,912.9218012454784,-637.0,637.0,-126.92180124547838,126.92180124547838,16109.143631396717
2018-07-08 02:00:00,2,6,0,693,786.0,604.0,593.3548684808397,-93.0,93.0,99.64513151916026,99.64513151916026,9929.152235470745
2018-07-08 03:00:00,3,6,0,357,693.0,382.0,414.7030818842957,-336.0,336.0,-57.70308188429573,57.70308188429573,3329.645658945738
2018-07-08 04:00:00,4,6,0,327,357.0,429.0,323.64482301941587,-30.0,30.0,3.355176980584133,3.355176980584133,11.257212571041661
2018-07-08 05:00:00,5,6,0,476,327.0,769.0,511.2525010848938,149.0,149.0,-35.25250108489382,35.25250108489382,1242.73883274044
2018-07-08 06:00:00,6,6,0,876,476.0,1246.0,796.2078845281308,400.0,400.0,79.79211547186924,79.79211547186924,6366.781691476114
2018-07-08 07:00:00,7,6,1,1084,876.0,1710.0,1143.5713580422164,208.0,208.0,-59.57135804221639,59.57135804221639,3548.7466989939394
2018-07-08 08:00:00,8,6,1,1920,1084.0,2428.0,1681.359635650305,836.0,836.0,238.6403643496949,238.6403643496949,56949.22349695513
2018-07-08 09:00:00,9,6,1,2584,1920.0,3029.0,2719.8382700947236,664.0,664.0,-135.8382700947236,135.8382700947236,18452.035622327083
2018-07-08 10:00:00,10,6,0,3236,2584.0,3386.0,3244.2353694951366,652.0,652.0,-8.235369495136638,8.235369495136638,67.82131072142708
2018-07-08 11:00:00,11,6,0,3837,3236.0,4045.0,3524.605197509474,601.0,601.0,312.3948024905262,312.3948024905262,97590.51262309488
2018-07-08 12:00:00,12,6,0,4075,3837.0,4160.0,4034.7607185686584,238.0,238.0,40.239281431341624,40.239281431341624,1619.1997701107148
2018-07-08 13:00:00,13,6,0,4211,4075.0,4118.0,4242.157339638533,136.0,136.0,-31.157339638532903,31.157339638532903,970.7798133508936
2018-07-08 14:00:00,14,6,0,4470,4211.0,3992.0,4304.449623252465,259.0,259.0,165.55037674753476,165.55037674753476,27406.927241250698
2018-07-08 15:00:00,15,6,0,4397,4470.0,4022.0,4597.930351710656,-73.0,73.0,-200.9303517106564,200.9303517106564,40373.00623856808
2018-07-08 16:00:00,16,6,0,4514,4397.0,4289.0,4427.815419566182,117.0,117.0,86.18458043381816,86.18458043381816,7427.7819045532715
2018-07-08 17:00:00,17,6,1,4297,4514.0,4085.0,4386.794452024681,-217.0,217.0,-89.79445202468105,89.79445202468105,8063.043614412747
2018-07-08 18:00:00,18,6,1,3953,4297.0,3986.0,4031.8341685046594,-344.0,344.0,-78.83416850465937,78.83416850465937,6214.826123821028
2018-07-08 19:00:00,19,6,1,3969,3953.0,3416.0,3448.204102050274,16.0,16.0,520.7958979497262,520.7958979497262,271228.3673212616
2018-07-08 20:00:00,20,6,0,3571,3969.0,3191.0,3327.4875105098017,-398.0,398.0,243.51248949019828,243.51248949019828,59298.332537713926
2018-07-08 21:00:00,21,6,0,2948,3571.0,3616.0,2949.6045945188603,-623.0,623.0,-1.6045945188602673,1.6045945188602673,2.574723569956413
2018-07-08 22:00:00,22,6,0,2039,2948.0,3055.0,2207.226107921082,-909.0,909.0,-168.22610792108208,168.22610792108208,28300.023386275552
2018-07-08 23:00:00,23,6,0,1339,2039.0,2246.0,1332.2971319743478,-700.0,700.0,6.702868025652151,6.702868025652151,44.92843976930997
2018-07-09 00:00:00,0,0,0,676,1339.0,1423.0,687.3884319164553,-663.0,663.0,-11.38843191645526,11.38843191645526,129.69638151573685
2018-07-09 01:00:00,1,0,0,423,676.0,786.0,431.65872038464965,-253.0,253.0,-8.658720384649655,8.658720384649655,74.97343869954747
2018-07-09 02:00:00,2,0,0,320,423.0,693.0,327.1099962649683,-103.0,103.0,-7.109996264968288,7.109996264968288,50.55204688786301
2018-07-09 03:00:00,3,0,0,348,320.0,357.0,339.50536834828256,28.0,28.0,8.494631651717441,8.494631651717441,72.15876689835977
2018-07-09 03:00:00,3,0,0,348,348.0,327.0,344.33453130765355,0.0,0.0,3.665468692346451,3.665468692346451,13.435660734572002
2018-07-09 04:00:00,4,0,0,903,348.0,476.0,830.2497541730759,555.0,555.0,72.75024582692413,72.75024582692413,5292.598267877892
2018-07-09 05:00:00,5,0,0,2977,903.0,876.0,2892.541393103712,2074.0,2074.0,84.45860689628807,84.45860689628807,7133.25627886172
2018-07-09 05:00:00,5,0,0,2977,2977.0,1084.0,2950.6593542319083,0.0,0.0,26.34064576809169,26.34064576809169,693.8296194800866
2018-07-09 06:00:00,6,0,0,5679,2977.0,1920.0,5651.296850155264,2702.0,2702.0,27.70314984473589,27.70314984473589,767.4645113198901
2018-07-09 07:00:00,7,0,1,6178,5679.0,2584.0,6320.4098374555515,499.0,499.0,-142.4098374555515,142.4098374555515,20280.561804116598
2018-07-09 08:00:00,8,0,1,5656,6178.0,3236.0,5632.956331887664,-522.0,522.0,23.04366811233558,23.04366811233558,531.0106400714717
2018-07-09 09:00:00,9,0,1,4586,5656.0,3837.0,5031.236723281939,-1070.0,1070.0,-445.2367232819388,445.2367232819388,198235.73975883774
2018-07-09 10:00:00,10,0,0,4266,4586.0,4075.0,4347.461440660576,-320.0,320.0,-81.46144066057605,81.46144066057605,6635.9663144965525
2018-07-09 11:00:00,11,0,0,4448,4266.0,4211.0,4481.786921461954,182.0,182.0,-33.78692146195408,33.78692146195408,1141.5560618762531
2018-07-09 12:00:00,12,0,0,4689,4448.0,4470.0,4722.985639852016,241.0,241.0,-33.98563985201599,33.98563985201599,1155.0237161509376
2018-07-09 13:00:00,13,0,0,4621,4689.0,4397.0,4888.045581191638,-68.0,68.0,-267.0455811916381,267.0455811916381,71313.3424339798
2018-07-09 14:00:00,14,0,0,4836,4621.0,4514.0,4860.474612853799,215.0,215.0,-24.474612853799044,24.474612853799044,599.0066743433454
2018-07-09 15:00:00,15,0,0,5429,4836.0,4297.0,5403.150234776421,593.0,593.0,25.849765223579197,25.849765223579197,668.2103621141645
2018-07-09 16:00:00,16,0,0,6311,5429.0,3953.0,6244.455858913407,882.0,882.0,66.5441410865933,66.5441410865933,4428.122712952434
2018-07-09 17:00:00,17,0,1,5805,6311.0,3969.0,5849.270926003311,-506.0,506.0,-44.270926003310706,44.270926003310706,1959.914889190612
2018-07-09 18:00:00,18,0,1,4290,5805.0,3571.0,4229.706361448375,-1515.0,1515.0,60.29363855162501,60.29363855162501,3635.3228497940013
2018-07-09 19:00:00,19,0,1,3240,4290.0,2948.0,3119.2082077277573,-1050.0,1050.0,120.79179227224267,120.79179227224267,14590.657080340625
2018-07-09 20:00:00,20,0,0,2861,3240.0,2039.0,2773.6075879045056,-379.0,379.0,87.39241209549436,87.39241209549436,7637.4336918687095
2018-07-09 21:00:00,21,0,0,2633,2861.0,1339.0,2517.383789951989,-228.0,228.0,115.616210048011,115.616210048011,13367.108025865798
2018-07-09 22:00:00,22,0,0,2071,2633.0,676.0,1932.317790433738,-562.0,562.0,138.68220956626192,138.68220956626192,19232.755250180588
2018-07-09 23:00:00,23,0,0,1189,2071.0,423.0,1322.4324106940426,-882.0,882.0,-133.43241069404257,133.43241069404257,17804.208223623646
2018-07-10 00:00:00,0,1,0,688,1189.0,320.0,640.5048552549538,-501.0,501.0,47.49514474504622,47.49514474504622,2255.7887743528913
2018-07-10 01:00:00,1,1,0,389,688.0,348.0,427.6791703575642,-299.0,299.0,-38.6791703575642,38.6791703575642,1496.0782195494733
2018-07-10 02:00:00,2,1,0,295,389.0,348.0,306.7171357696386,-94.0,94.0,-11.717135769638617,11.717135769638617,137.29127064414473
2018-07-10 03:00:00,3,1,0,364,295.0,903.0,352.5559738145683,69.0,69.0,11.44402618543171,11.44402618543171,130.96573533284666
2018-07-10 04:00:00,4,1,0,898,364.0,2977.0,851.9627525950963,534.0,534.0,46.037247404903724,46.037247404903724,2119.4281486203145
2018-07-10 05:00:00,5,1,0,3137,898.0,2977.0,2892.541393103712,2239.0,2239.0,244.45860689628807,244.45860689628807,59760.010485673905
2018-07-10 06:00:00,6,1,0,5886,3137.0,5679.0,5761.213071243219,2749.0,2749.0,124.78692875678098,124.78692875678098,15571.777588549932
2018-07-10 07:00:00,7,1,1,6134,5886.0,6178.0,6379.5390392986565,248.0,248.0,-245.53903929865646,245.53903929865646,60289.41981970716
2018-07-10 08:00:00,8,1,1,5786,6134.0,5656.0,5595.542596665153,-348.0,348.0,190.45740333484719,190.45740333484719,36274.02248505266
2018-07-10 09:00:00,9,1,1,4843,5786.0,4586.0,5067.949016447654,-943.0,943.0,-224.94901644765378,224.94901644765378,50602.06000076681
2018-07-10 10:00:00,10,1,0,4442,4843.0,4266.0,4509.477953714529,-401.0,401.0,-67.47795371452867,67.47795371452867,4553.2742375000735
2018-07-10 10:00:00,10,1,0,4442,4442.0,4448.0,4499.296319799959,0.0,0.0,-57.29631979995884,57.29631979995884,3282.8682626191553
2018-07-10 11:00:00,11,1,0,4586,4442.0,4689.0,4722.558108503336,144.0,144.0,-136.55810850333637,136.55810850333637,18648.11699800899
2018-07-10 12:00:00,12,1,0,4865,4586.0,4621.0,4806.421460525129,279.0,279.0,58.57853947487092,58.57853947487092,3431.445287009011
2018-07-10 13:00:00,13,1,0,4719,4865.0,4836.0,4945.4260136367675,-146.0,146.0,-226.4260136367675,226.4260136367675,51268.739651437616
2018-07-10 14:00:00,14,1,0,4789,4719.0,5429.0,4895.518686377257,70.0,70.0,-106.51868637725693,106.51868637725693,11346.230547536421
2018-07-10 15:00:00,15,1,0,5681,4789.0,6311.0,5142.438557690493,892.0,892.0,538.5614423095067,538.5614423095067,290048.4271424961
2018-07-10 16:00:00,16,1,0,6566,5681.0,5805.0,6360.689093902736,885.0,885.0,205.3109060972638,205.3109060972638,42152.568162479474
2018-07-10 17:00:00,17,1,1,6081,6566.0,4290.0,6163.503647940694,-485.0,485.0,-82.50364794069355,82.50364794069355,6806.851923521907
2018-07-10 18:00:00,18,1,1,4404,6081.0,3240.0,4523.130572016839,-1677.0,1677.0,-119.13057201683932,119.13057201683932,14192.09318905934
2018-07-10 19:00:00,19,1,1,3219,4404.0,2861.0,3207.427039936728,-1185.0,1185.0,11.572960063272149,11.572960063272149,133.93340462609208
2018-07-10 20:00:00,20,1,0,3053,3219.0,2633.0,2865.8594171342634,-166.0,166.0,187.14058286573663,187.14058286573663,35021.59775532764
2018-07-10 21:00:00,21,1,0,3060,3053.0,2071.0,2756.5032035174845,7.0,7.0,303.4967964825155,303.4967964825155,92110.30547514943
2018-07-10 22:00:00,22,1,0,2203,3060.0,1189.0,2560.2074362882877,-857.0,857.0,-357.2074362882877,357.2074362882877,127597.1525396511
2018-07-10 23:00:00,23,1,0,1311,2203.0,688.0,1344.2517054931093,-892.0,892.0,-33.251705493109284,33.251705493109284,1105.6759182004741
2018-07-11 00:00:00,0,2,0,661,1311.0,389.0,686.2531644589438,-650.0,650.0,-25.253164458943843,25.253164458943843,637.7223151904644
2018-07-11 01:00:00,1,2,0,401,661.0,295.0,408.4606842119184,-260.0,260.0,-7.460684211918419,7.460684211918419,55.66180890996877
2018-07-11 02:00:00,2,2,0,321,401.0,364.0,317.11899323095304,-80.0,80.0,3.8810067690469623,3.8810067690469623,15.062213541388342
2018-07-11 03:00:00,3,2,0,384,321.0,898.0,353.55428047775604,63.0,63.0,30.445719522243962,30.445719522243962,926.9418372271472
2018-07-11 04:00:00,4,2,0,948,384.0,3137.0,866.6309603394122,564.0,564.0,81.36903966058776,81.36903966058776,6620.9206152863035
2018-07-11 05:00:00,5,2,0,3193,948.0,5886.0,2892.541393103712,2245.0,2245.0,300.4586068962881,300.4586068962881,90275.37445805817
2018-07-11 06:00:00,6,2,0,5179,3193.0,6134.0,5768.989979928537,1986.0,1986.0,-589.9899799285367,589.9899799285367,348088.1764160752
2018-07-11 07:00:00,7,2,1,6295,5179.0,5786.0,6069.073918887522,1116.0,1116.0,225.92608111247773,225.92608111247773,51042.59412684187
2018-07-11 08:00:00,8,2,1,5930,6295.0,4843.0,5824.169438517341,-365.0,365.0,105.8305614826586,105.8305614826586,11200.107743734781
2018-07-11 09:00:00,9,2,1,5025,5930.0,4442.0,5070.365245111176,-905.0,905.0,-45.36524511117568,45.36524511117568,2058.005463997049
2018-07-11 10:00:00,10,2,0,4829,5025.0,4442.0,4554.515412058989,-196.0,196.0,274.48458794101134,274.48458794101134,75341.78901714679
2018-07-11 11:00:00,11,2,0,5052,4829.0,4586.0,5046.6342044976,223.0,223.0,5.365795502400033,5.365795502400033,28.791761373576424
2018-07-11 12:00:00,12,2,0,4974,5052.0,4865.0,5149.116862284787,-78.0,78.0,-175.1168622847872,175.1168622847872,30665.915456469127
2018-07-11 13:00:00,13,2,0,4779,4974.0,4719.0,4968.98575137337,-195.0,195.0,-189.98575137336957,189.98575137336957,36094.585724903794
2018-07-11 14:00:00,14,2,0,4974,4779.0,4789.0,4973.90935600251,195.0,195.0,0.09064399748967844,0.09064399748967844,0.008216334280908831
2018-07-11 15:00:00,15,2,0,5817,4974.0,5681.0,5594.353281463761,843.0,843.0,222.64671853623895,222.64671853623895,49571.56127495521
2018-07-11 16:00:00,16,2,0,6522,5817.0,6566.0,6531.008557721558,705.0,705.0,-9.008557721557736,9.008557721557736,81.15411222263751
2018-07-11 17:00:00,17,2,1,5935,6522.0,6081.0,6157.102747425865,-587.0,587.0,-222.10274742586535,222.10274742586535,49329.63041411774
2018-07-11 18:00:00,18,2,1,4568,5935.0,4404.0,4497.044963788793,-1367.0,1367.0,70.95503621120679,70.95503621120679,5034.6171637336665
2018-07-11 19:00:00,19,2,1,3412,4568.0,3219.0,3429.900706128664,-1156.0,1156.0,-17.900706128663842,17.900706128663842,320.4352799047832
2018-07-11 20:00:00,20,2,0,3033,3412.0,3053.0,2995.5760217385273,-379.0,379.0,37.42397826147271,37.42397826147271,1400.5541489151822
2018-07-11 21:00:00,21,2,0,2687,3033.0,3060.0,2755.637834705687,-346.0,346.0,-68.63783470568706,68.63783470568706,4711.152353085218
2018-07-11 22:00:00,22,2,0,1960,2687.0,2203.0,2021.5552496807186,-727.0,727.0,-61.55524968071859,61.55524968071859,3789.048763255606
2018-07-11 23:00:00,23,2,0,1294,1960.0,1311.0,1312.396548856082,-666.0,666.0,-18.396548856082063,18.396548856082063,338.43300981421424
2018-07-12 00:00:00,0,3,0,699,1294.0,661.0,704.7140260126785,-595.0,595.0,-5.71402601267846,5.71402601267846,32.6500932735661
2018-07-12 01:00:00,1,3,0,408,699.0,401.0,432.42753644530325,-291.0,291.0,-24.427536445303247,24.427536445303247,596.7045367866184
2018-07-12 02:00:00,2,3,0,296,408.0,321.0,318.88021713238817,-112.0,112.0,-22.880217132388168,22.880217132388168,523.504336025229
2018-07-12 03:00:00,3,3,0,364,296.0,384.0,353.2775105317414,68.0,68.0,10.722489468258573,10.722489468258573,114.971780396916
2018-07-12 04:00:00,4,3,0,940,364.0,948.0,852.4842399240654,576.0,576.0,87.51576007593462,87.51576007593462,7659.008261668552
2018-07-12 05:00:00,5,3,0,3070,940.0,3193.0,2892.541393103712,2130.0,2130.0,177.45860689628807,177.45860689628807,31491.5571615713
2018-07-12 06:00:00,6,3,0,5702,3070.0,5179.0,5791.20395872677,2632.0,2632.0,-89.20395872677,89.20395872677,7957.346252527285
2018-07-12 07:00:00,7,3,1,6456,5702.0,6295.0,6345.962035515021,754.0,754.0,110.03796448497906,110.03796448497906,12108.353627997512
2018-07-12 08:00:00,8,3,1,5583,6456.0,5930.0,5918.5333008771995,-873.0,873.0,-335.5333008771995,335.5333008771995,112582.59599754929
2018-07-12 08:00:00,8,3,1,5583,5583.0,5025.0,5656.0569716890805,0.0,0.0,-73.05697168908046,73.05697168908046,5337.321112379103
2018-07-12 09:00:00,9,3,1,4958,5583.0,4829.0,5182.542599307605,-625.0,625.0,-224.5425993076051,224.5425993076051,50419.37890381569
2018-07-12 10:00:00,10,3,0,4610,4958.0,5052.0,4617.1709170634385,-348.0,348.0,-7.170917063438537,7.170917063438537,51.42205153071397
2018-07-12 11:00:00,11,3,0,4848,4610.0,4974.0,4860.474612853799,238.0,238.0,-12.474612853799044,12.474612853799044,155.61596585216833
2018-07-12 12:00:00,12,3,0,4891,4848.0,4779.0,5054.154428421377,43.0,43.0,-163.1544284213769,163.1544284213769,26619.3675135062
2018-07-12 13:00:00,13,3,0,5188,4891.0,4974.0,4953.158862047197,297.0,297.0,234.84113795280336,234.84113795280336,55150.36007496762
2018-07-12 14:00:00,14,3,0,5139,5188.0,5817.0,5451.272925521685,-49.0,49.0,-312.27292552168456,312.27292552168456,97514.38001387155
2018-07-12 15:00:00,15,3,0,5743,5139.0,6522.0,5677.712751002008,604.0,604.0,65.28724899799181,65.28724899799181,4262.424881725783
2018-07-12 16:00:00,16,3,0,6612,5743.0,5935.0,6450.463731437339,869.0,869.0,161.53626856266055,161.53626856266055,26093.966061147996
2018-07-12 17:00:00,17,3,1,5795,6612.0,4568.0,6170.384110479637,-817.0,817.0,-375.38411047963655,375.38411047963655,140913.23040058799
2018-07-12 18:00:00,18,3,1,3890,5795.0,3412.0,4646.147884936337,-1905.0,1905.0,-756.1478849363366,756.1478849363366,571759.6238936953
2018-07-12 18:00:00,18,3,1,3890,3890.0,3033.0,3824.5454459203556,0.0,0.0,65.45455407964437,65.45455407964437,4284.298649765089
2018-07-12 18:00:00,18,3,1,3890,3890.0,2687.0,3824.5454459203556,0.0,0.0,65.45455407964437,65.45455407964437,4284.298649765089
2018-07-12 19:00:00,19,3,1,3237,3890.0,1960.0,3322.1639290679973,-653.0,653.0,-85.16392906799729,85.16392906799729,7252.894814298873
2018-07-12 19:00:00,19,3,1,3237,3237.0,1294.0,3044.7519369332754,0.0,0.0,192.24806306672463,192.24806306672463,36959.31775290733
2018-07-12 19:00:00,19,3,1,3237,3237.0,699.0,3047.6094633395314,0.0,0.0,189.39053666046857,189.39053666046857,35868.77537654029
2018-07-12 20:00:00,20,3,0,2727,3237.0,408.0,2951.4824474510883,-510.0,510.0,-224.48244745108832,224.48244745108832,50392.36921363063
2018-07-12 20:00:00,20,3,0,2727,2727.0,296.0,2681.9374957625682,0.0,0.0,45.06250423743177,45.06250423743177,2030.629288148556
2018-07-12 20:00:00,20,3,0,2727,2727.0,364.0,2674.6253379048035,0.0,0.0,52.37466209519653,52.37466209519653,2743.105229586016
2018-07-12 21:00:00,21,3,0,2497,2727.0,940.0,2704.7477214643686,-230.0,230.0,-207.74772146436862,207.74772146436862,43159.11577363689
2018-07-12 21:00:00,21,3,0,2497,2497.0,3070.0,2346.9043988585654,0.0,0.0,150.0956011414346,150.0956011414346,22528.689482008624
2018-07-12 21:00:00,21,3,0,2497,2497.0,5702.0,2350.4121212925415,0.0,0.0,146.58787870745846,146.58787870745846,21488.00618395255
2018-07-12 22:00:00,22,3,0,1870,2497.0,6456.0,2102.491371849288,-627.0,627.0,-232.49137184928804,232.49137184928804,54052.23798436393
2018-07-12 23:00:00,23,3,0,1320,1870.0,5583.0,1276.6170873868468,-550.0,550.0,43.38291261315317,43.38291261315317,1882.0771068004842
2018-07-12 23:00:00,23,3,0,1320,1320.0,5583.0,1123.380127277697,0.0,0.0,196.61987272230294,196.61987272230294,38659.37434933461
2018-07-13 00:00:00,0,4,0,705,1320.0,4958.0,772.6073369103636,-615.0,615.0,-67.60733691036364,67.60733691036364,4570.7520041114185
2018-07-13 01:00:00,1,4,0,439,705.0,4610.0,433.97572982014,-266.0,266.0,5.024270179860025,5.024270179860025,25.24329084023069
2018-07-13 01:00:00,1,4,0,439,439.0,4848.0,355.0413801088929,0.0,0.0,83.9586198911071,83.9586198911071,7049.049854019406
2018-07-13 02:00:00,2,4,0,350,439.0,4891.0,346.2342186465253,-89.0,89.0,3.765781353474722,3.765781353474722,14.18110920217791
2018-07-13 02:00:00,2,4,0,350,350.0,5188.0,281.6859252078214,0.0,0.0,68.31407479217859,68.31407479217859,4666.81281471137
2018-07-13 02:00:00,2,4,0,350,350.0,5139.0,281.6859252078214,0.0,0.0,68.31407479217859,68.31407479217859,4666.81281471137
2018-07-13 03:00:00,3,4,0,373,350.0,5743.0,349.2814774165659,23.0,23.0,23.718522583434094,23.718522583434094,562.5683135408731
2018-07-13 03:00:00,3,4,0,373,373.0,6612.0,375.34739707018474,0.0,0.0,-2.3473970701847406,2.3473970701847406,5.510273005111904
2018-07-13 03:00:00,3,4,0,373,373.0,5795.0,370.4071089404364,0.0,0.0,2.5928910595636125,2.5928910595636125,6.723084046764913
2018-07-13 04:00:00,4,4,0,888,373.0,3890.0,768.6668270737774,515.0,515.0,119.33317292622257,119.33317292622257,14240.40616063974
2018-07-13 04:00:00,4,4,0,888,888.0,3890.0,829.1174808437659,0.0,0.0,58.88251915623414,58.88251915623414,3467.1510621842804
2018-07-13 05:00:00,5,4,0,2917,888.0,3890.0,2892.541393103712,2029.0,2029.0,24.458606896288074,24.458606896288074,598.2234513071505
2018-07-13 05:00:00,5,4,0,2917,2917.0,3237.0,2909.2933023213363,0.0,0.0,7.706697678663659,7.706697678663659,59.393189110319824
2018-07-13 06:00:00,6,4,0,5268,2917.0,3237.0,5557.49567013342,2351.0,2351.0,-289.4956701334204,289.4956701334204,83807.74302599815
2018-07-13 06:00:00,6,4,0,5268,5268.0,3237.0,5296.88776883594,0.0,0.0,-28.887768835939823,28.887768835939823,834.5031883186961
2018-07-13 06:00:00,6,4,0,5268,5268.0,2727.0,5296.88776883594,0.0,0.0,-28.887768835939823,28.887768835939823,834.5031883186961
2018-07-13 07:00:00,7,4,1,5994,5268.0,2727.0,5927.609934185923,726.0,726.0,66.39006581407739,66.39006581407739,4407.640838797527
2018-07-13 07:00:00,7,4,1,5994,5994.0,2727.0,6376.256199380107,0.0,0.0,-382.2561993801073,382.2561993801073,146119.80196452435
2018-07-13 07:00:00,7,4,1,5994,5994.0,2497.0,6376.256199380107,0.0,0.0,-382.2561993801073,382.2561993801073,146119.80196452435
2018-07-13 08:00:00,8,4,1,5288,5994.0,2497.0,5706.504701144373,-706.0,706.0,-418.50470114437303,418.50470114437303,175146.184879941
2018-07-13 08:00:00,8,4,1,5288,5288.0,2497.0,5091.374657064348,0.0,0.0,196.62534293565204,196.62534293565204,38661.52548456277
2018-07-13 08:00:00,8,4,1,5288,5288.0,1870.0,5091.374657064348,0.0,0.0,196.62534293565204,196.62534293565204,38661.52548456277
2018-07-13 09:00:00,9,4,1,4543,5288.0,1320.0,5064.028583482082,-745.0,745.0,-521.0285834820816,521.0285834820816,271470.7848053444
2018-07-13 09:00:00,9,4,1,4543,4543.0,1320.0,4568.41774848572,0.0,0.0,-25.41774848572004,25.41774848572004,646.0619380833234
2018-07-13 10:00:00,10,4,0,4392,4543.0,705.0,4519.568120488644,-151.0,151.0,-127.56812048864413,127.56812048864413,16273.625365005226
2018-07-13 10:00:00,10,4,0,4392,4392.0,439.0,4509.783702283649,0.0,0.0,-117.78370228364929,117.78370228364929,13873.000523643332
2018-07-13 10:00:00,10,4,0,4392,4392.0,439.0,4509.783702283649,0.0,0.0,-117.78370228364929,117.78370228364929,13873.000523643332
2018-07-13 11:00:00,11,4,0,4740,4392.0,350.0,4545.067915158402,348.0,348.0,194.93208484159823,194.93208484159823,37998.51770069205
2018-07-13 11:00:00,11,4,0,4740,4740.0,350.0,4894.609774391263,0.0,0.0,-154.60977439126327,154.60977439126327,23904.18233731733
2018-07-13 12:00:00,12,4,0,5123,4740.0,350.0,4894.609774391263,383.0,383.0,228.39022560873673,228.39022560873673,52162.09515360966
2018-07-13 12:00:00,12,4,0,5123,5123.0,373.0,5267.990931351944,0.0,0.0,-144.9909313519438,144.9909313519438,21022.37017430408
2018-07-13 13:00:00,13,4,0,5059,5123.0,373.0,5198.568657823908,-64.0,64.0,-139.56865782390832,139.56865782390832,19479.410246767206
2018-07-13 14:00:00,14,4,0,5363,5059.0,373.0,5290.61651769758,304.0,304.0,72.3834823024199,72.3834823024199,5239.3685102247355
2018-07-13 15:00:00,15,4,0,5914,5363.0,888.0,5720.276683643959,551.0,551.0,193.72331635604132,193.72331635604132,37528.72329998287
2018-07-13 16:00:00,16,4,0,6153,5914.0,888.0,6151.994430785006,239.0,239.0,1.0055692149935567,1.0055692149935567,1.0111694461427578
2018-07-13 17:00:00,17,4,1,5257,6153.0,2917.0,5636.079432224097,-896.0,896.0,-379.0794322240972,379.0794322240972,143701.2159353439
2018-07-13 18:00:00,18,4,1,4664,5257.0,2917.0,4713.631939038785,-593.0,593.0,-49.631939038785276,49.631939038785276,2463.329372749698
2018-07-13 19:00:00,19,4,1,3664,4664.0,5268.0,3753.310276029695,-1000.0,1000.0,-89.31027602969516,89.31027602969516,7976.325404500342
2018-07-13 20:00:00,20,4,0,3260,3664.0,5268.0,3182.0013425251573,-404.0,404.0,77.99865747484273,77.99865747484273,6083.79056787784
2018-07-13 21:00:00,21,4,0,3064,3260.0,5268.0,3060.6308209513877,-196.0,196.0,3.3691790486122954,3.3691790486122954,11.351367461608053
2018-07-13 22:00:00,22,4,0,2835,3064.0,5994.0,2883.2171957510272,-229.0,229.0,-48.21719575102725,48.21719575102725,2324.89796609288
2018-07-13 23:00:00,23,4,0,1971,2835.0,5994.0,2229.287714527732,-864.0,864.0,-258.2877145277321,258.2877145277321,66712.54347595922
2018-07-13 23:00:00,23,4,0,1971,1971.0,5994.0,1615.5054877693844,0.0,0.0,355.49451223061556,355.49451223061556,126376.34822608327
2018-07-13 23:00:00,23,4,0,1971,1971.0,5288.0,1570.6558071301226,0.0,0.0,400.34419286987736,400.34419286987736,160275.47276463357
2018-07-14 00:00:00,0,5,0,1233,1971.0,5288.0,1311.825519382486,-738.0,738.0,-78.82551938248594,78.82551938248594,6213.462505918666
2018-07-14 01:00:00,1,5,0,696,1233.0,5288.0,808.2806326017254,-537.0,537.0,-112.28063260172542,112.28063260172542,12606.940457443645
2018-07-14 01:00:00,1,5,0,696,696.0,4543.0,691.2845137392952,0.0,0.0,4.715486260704779,4.715486260704779,22.23581067489554
2018-07-14 01:00:00,1,5,0,696,696.0,4543.0,691.503026019997,0.0,0.0,4.496973980002963,4.496973980002963,20.22277497682369
2018-07-14 02:00:00,2,5,0,646,696.0,4392.0,588.269008724804,-50.0,50.0,57.73099127519595,57.73099127519595,3332.8673536167507
2018-07-14 02:00:00,2,5,0,646,646.0,4392.0,559.7236592282658,0.0,0.0,86.27634077173423,86.27634077173423,7443.606976960409
2018-07-14 03:00:00,3,5,0,437,646.0,4392.0,423.1497966726873,-209.0,209.0,13.850203327312727,13.850203327312727,191.82813220790453
2018-07-14 03:00:00,3,5,0,437,437.0,4740.0,391.5602483626239,0.0,0.0,45.439751637376105,45.439751637376105,2064.7710288664243
2018-07-14 04:00:00,4,5,0,444,437.0,4740.0,420.9372068861804,7.0,7.0,23.062793113819623,23.062793113819623,531.8924262108459
2018-07-14 04:00:00,4,5,0,444,444.0,5123.0,432.21732102262564,0.0,0.0,11.78267897737436,11.78267897737436,138.8315238838597
2018-07-14 05:00:00,5,5,0,858,444.0,5123.0,779.1717400428766,414.0,414.0,78.82825995712335,78.82825995712335,6213.8945678678165
2018-07-14 05:00:00,5,5,0,858,858.0,5059.0,962.9693940352503,0.0,0.0,-104.96939403525028,104.96939403525028,11018.573684127636
2018-07-14 06:00:00,6,5,0,1422,858.0,5363.0,1063.0814888059365,564.0,564.0,358.9185111940635,358.9185111940635,128822.4976777631
2018-07-14 06:00:00,6,5,0,1422,1422.0,5914.0,1521.7639674614545,0.0,0.0,-99.76396746145451,99.76396746145451,9952.849203650156
2018-07-14 07:00:00,7,5,1,1991,1422.0,6153.0,1871.3753664748808,569.0,569.0,119.62463352511918,119.62463352511918,14310.052946019068
2018-07-14 07:00:00,7,5,1,1991,1991.0,5257.0,2251.1873173442814,0.0,0.0,-260.1873173442814,260.1873173442814,67697.44010681378
2018-07-14 08:00:00,8,5,1,2714,1991.0,4664.0,2702.5617510967186,723.0,723.0,11.43824890328142,11.43824890328142,130.8335379734186
2018-07-14 08:00:00,8,5,1,2714,2714.0,3664.0,3280.6849658143165,0.0,0.0,-566.6849658143165,566.6849658143165,321131.850479973
2018-07-14 09:00:00,9,5,1,3471,2714.0,3260.0,3283.335216099758,757.0,757.0,187.66478390024213,187.66478390024213,35218.07111632458
2018-07-14 09:00:00,9,5,1,3471,3471.0,3064.0,3715.8475842878515,0.0,0.0,-244.84758428785153,244.84758428785153,59950.33953159656
2018-07-14 10:00:00,10,5,0,3718,3471.0,2835.0,3765.667637461171,247.0,247.0,-47.667637461171125,47.667637461171125,2272.203661129645
2018-07-14 11:00:00,11,5,0,4213,3718.0,1971.0,3942.7714973384245,495.0,495.0,270.2285026615755,270.2285026615755,73023.4436507171
2018-07-14 12:00:00,12,5,0,4524,4213.0,1971.0,4309.921066457193,311.0,311.0,214.07893354280714,214.07893354280714,45829.78978682563
2018-07-14 13:00:00,13,5,0,4218,4524.0,1971.0,4624.470587899534,-306.0,306.0,-406.4705878995337,406.4705878995337,165218.33882739255
2018-07-14 14:00:00,14,5,0,4242,4218.0,1233.0,4309.927252776084,24.0,24.0,-67.92725277608406,67.92725277608406,4614.11166970602
2018-07-14 15:00:00,15,5,0,4306,4242.0,696.0,4350.405895906346,64.0,64.0,-44.405895906345904,44.405895906345904,1971.883591245228
2018-07-14 16:00:00,16,5,0,4317,4306.0,696.0,4404.3421955238855,11.0,11.0,-87.3421955238855,87.3421955238855,7628.659118932643
2018-07-14 17:00:00,17,5,1,4354,4317.0,696.0,4110.893140172778,37.0,37.0,243.10685982722225,243.10685982722225,59100.94529505269
2018-07-14 18:00:00,18,5,1,4109,4354.0,646.0,4060.78394605325,-245.0,245.0,48.21605394674998,48.21605394674998,2324.7878581959044
2018-07-14 19:00:00,19,5,1,3446,4109.0,646.0,3448.815582581193,-663.0,663.0,-2.815582581193212,2.815582581193212,7.927505271518629
2018-07-14 20:00:00,20,5,0,3192,3446.0,437.0,3098.195669753398,-254.0,254.0,93.80433024660215,93.80433024660215,8799.252373013598
2018-07-14 21:00:00,21,5,0,3272,3192.0,437.0,2988.225266779202,80.0,80.0,283.7747332207982,283.7747332207982,80528.0992145352
2018-07-14 22:00:00,22,5,0,3074,3272.0,444.0,3076.113707689502,-198.0,198.0,-2.1137076895020073,2.1137076895020073,4.467760196659914
2018-07-14 23:00:00,23,5,0,2275,3074.0,444.0,2409.8325201287453,-799.0,799.0,-134.83252012874527,134.83252012874527,18179.8084842685
2018-07-15 00:00:00,0,6,0,1350,2275.0,858.0,1459.8829932048022,-925.0,925.0,-109.88299320480223,109.88299320480223,12074.272195646614
2018-07-15 01:00:00,1,6,0,826,1350.0,858.0,899.8718802048165,-524.0,524.0,-73.87188020481653,73.87188020481653,5457.054684994765
2018-07-15 02:00:00,2,6,0,699,826.0,1422.0,631.1676588491754,-127.0,127.0,67.83234115082462,67.83234115082462,4601.226506001854
2018-07-15 03:00:00,3,6,0,435,699.0,1422.0,421.4950962536422,-264.0,264.0,13.504903746357797,13.504903746357797,182.38242519838886
2018-07-15 04:00:00,4,6,0,366,435.0,1991.0,363.33274902228493,-69.0,69.0,2.667250977715071,2.667250977715071,7.114227778122001
2018-07-15 05:00:00,5,6,0,508,366.0,1991.0,570.8709128908677,142.0,142.0,-62.87091289086766,62.87091289086766,3952.751687731069
2018-07-15 05:00:00,5,6,0,508,508.0,2714.0,577.5577553050894,0.0,0.0,-69.55775530508936,69.55775530508936,4838.281323082687
2018-07-15 06:00:00,6,6,0,933,508.0,2714.0,840.1353800086862,425.0,425.0,92.86461999131382,92.86461999131382,8623.837646131122
2018-07-15 06:00:00,6,6,0,933,933.0,3471.0,1085.8436097526503,0.0,0.0,-152.8436097526503,152.8436097526503,23361.16904222046
2018-07-15 07:00:00,7,6,1,1195,933.0,3471.0,1136.6118452638452,262.0,262.0,58.388154736154775,58.388154736154775,3409.176613493153
2018-07-15 08:00:00,8,6,1,1814,1195.0,3718.0,1837.1040314839788,619.0,619.0,-23.104031483978815,23.104031483978815,533.7962708126844
2018-07-15 09:00:00,9,6,1,2911,1814.0,4213.0,2412.717985835707,1097.0,1097.0,498.28201416429283,498.28201416429283,248284.9656396245
2018-07-15 10:00:00,10,6,0,3310,2911.0,4524.0,3427.8239402841823,399.0,399.0,-117.8239402841823,117.8239402841823,13882.480904090557
2018-07-15 11:00:00,11,6,0,3655,3310.0,4218.0,3573.553510269064,345.0,345.0,81.44648973093581,81.44648973093581,6633.530689491432
2018-07-15 12:00:00,12,6,0,4245,3655.0,4242.0,3814.838513077347,590.0,590.0,430.1614869226528,430.1614869226528,185038.9048315076
2018-07-15 13:00:00,13,6,0,4233,4245.0,4306.0,4356.988771151127,-12.0,12.0,-123.98877115112737,123.98877115112737,15373.215371566634
2018-07-15 14:00:00,14,6,0,4129,4233.0,4317.0,4338.399105119596,-104.0,104.0,-209.39910511959624,209.39910511959624,43847.985224887714
2018-07-15 15:00:00,15,6,0,4063,4129.0,4354.0,4247.163870138916,-66.0,66.0,-184.16387013891563,184.16387013891563,33916.33106454338
2018-07-15 16:00:00,16,6,0,4438,4063.0,4109.0,4223.001432359536,375.0,375.0,214.998567640464,214.998567640464,46224.384087451166
2018-07-15 17:00:00,17,6,1,4321,4438.0,3446.0,4339.0002650113365,-117.0,117.0,-18.000265011336523,18.000265011336523,324.00954047834585
2018-07-15 18:00:00,18,6,1,3836,4321.0,3192.0,4043.253386229175,-485.0,485.0,-207.2533862291748,207.2533862291748,42953.9661034595
2018-07-15 19:00:00,19,6,1,3535,3836.0,3272.0,3403.405233975203,-301.0,301.0,131.59476602479708,131.59476602479708,17317.18244512109
2018-07-15 20:00:00,20,6,0,3015,3535.0,3074.0,3082.7600083719585,-520.0,520.0,-67.76000837195852,67.76000837195852,4591.418734567888
2018-07-15 21:00:00,21,6,0,2671,3015.0,2275.0,2601.744555431111,-344.0,344.0,69.25544456888883,69.25544456888883,4796.316602434434
2018-07-15 22:00:00,22,6,0,2009,2671.0,1350.0,1968.572876620675,-662.0,662.0,40.42712337932494,40.42712337932494,1634.352304727161
2018-07-15 23:00:00,23,6,0,1244,2009.0,826.0,1306.7108935353353,-765.0,765.0,-62.710893535335344,62.710893535335344,3932.656168000164
2018-07-16 00:00:00,0,0,0,721,1244.0,699.0,676.8674410624794,-523.0,523.0,44.13255893752057,44.13255893752057,1947.6827583737268
2018-07-16 01:00:00,1,0,0,458,721.0,435.0,440.11405437134835,-263.0,263.0,17.885945628651655,17.885945628651655,319.90705103108326
2018-07-16 02:00:00,2,0,0,297,458.0,366.0,332.98837810103834,-161.0,161.0,-35.988378101038336,35.988378101038336,1295.1633583432956
2018-07-16 03:00:00,3,0,0,368,297.0,508.0,338.6531758393994,71.0,71.0,29.34682416060059,29.34682416060059,861.2360883132105
2018-07-16 04:00:00,4,0,0,935,368.0,508.0,829.7281478972403,567.0,567.0,105.27185210275968,105.27185210275968,11082.162845145307
2018-07-16 05:00:00,5,0,0,3048,935.0,933.0,2892.541393103712,2113.0,2113.0,155.45860689628807,155.45860689628807,24167.378458134626
2018-07-16 06:00:00,6,0,0,5593,3048.0,933.0,5627.514560682648,2545.0,2545.0,-34.51456068264815,34.51456068264815,1191.2548991162016
2018-07-16 07:00:00,7,0,1,5793,5593.0,1195.0,6312.355315085014,200.0,200.0,-519.3553150850139,519.3553150850139,269729.94330705405
2018-07-16 08:00:00,8,0,1,5647,5793.0,1814.0,5545.13038026048,-146.0,146.0,101.8696197395202,101.8696197395202,10377.419425874445
2018-07-16 09:00:00,9,0,1,4603,5647.0,2911.0,5031.236723281939,-1044.0,1044.0,-428.2367232819388,428.2367232819388,183386.69116725182
2018-07-16 10:00:00,10,0,0,4346,4603.0,3310.0,4338.056386108357,-257.0,257.0,7.943613891642599,7.943613891642599,63.10100165949728
2018-07-16 11:00:00,11,0,0,4504,4346.0,3655.0,4434.289845321588,158.0,158.0,69.71015467841244,69.71015467841244,4859.505665288188
2018-07-16 12:00:00,12,0,0,4588,4504.0,4245.0,4742.30354071015,84.0,84.0,-154.30354071014972,154.30354071014972,23809.58267568883
2018-07-16 13:00:00,13,0,0,4558,4588.0,4233.0,4797.464386708248,-30.0,30.0,-239.46438670824773,239.46438670824773,57343.19250155721
2018-07-16 14:00:00,14,0,0,4794,4558.0,4129.0,4784.6976523894555,236.0,236.0,9.30234761054453,9.30234761054453,86.53367106740352
2018-07-16 15:00:00,15,0,0,5558,4794.0,4063.0,5146.715622907579,764.0,764.0,411.284377092421,411.284377092421,169154.83884030074
2018-07-16 16:00:00,16,0,0,6269,5558.0,4438.0,6272.860911523378,711.0,711.0,-3.860911523377581,3.860911523377581,14.906637791349793
2018-07-16 17:00:00,17,0,1,5708,6269.0,4321.0,5841.354319903593,-561.0,561.0,-133.35431990359302,133.35431990359302,17783.374636949826
2018-07-16 18:00:00,18,0,1,4203,5708.0,3836.0,4222.160101007435,-1505.0,1505.0,-19.160101007434605,19.160101007434605,367.10947061509654
2018-07-16 19:00:00,19,0,1,3277,4203.0,3535.0,3057.5014440565956,-926.0,926.0,219.49855594340443,219.49855594340443,48179.616061239845
2018-07-16 20:00:00,20,0,0,2900,3277.0,3015.0,2780.069766755341,-377.0,377.0,119.93023324465912,119.93023324465912,14383.260846118339
2018-07-16 21:00:00,21,0,0,2424,2900.0,2671.0,2523.8150349145385,-476.0,476.0,-99.8150349145385,99.8150349145385,9963.04119499054
2018-07-16 22:00:00,22,0,0,1965,2424.0,2009.0,1732.971940364893,-459.0,459.0,232.02805963510696,232.02805963510696,53837.02045803275
2018-07-16 23:00:00,23,0,0,1096,1965.0,1244.0,1326.3983734749002,-869.0,869.0,-230.39837347490015,230.39837347490015,53083.410499879574
2018-07-17 00:00:00,0,1,0,595,1096.0,721.0,624.4011553846958,-501.0,501.0,-29.401155384695812,29.401155384695812,864.4279379550276
2018-07-17 01:00:00,1,1,0,407,595.0,458.0,364.50176998233366,-188.0,188.0,42.498230017666344,42.498230017666344,1806.0995546344768
2018-07-17 02:00:00,2,1,0,274,407.0,297.0,317.5240359662849,-133.0,133.0,-43.524035966284885,43.524035966284885,1894.3417067944602
2018-07-17 03:00:00,3,1,0,356,274.0,368.0,352.438121417559,82.0,82.0,3.561878582441011,3.561878582441011,12.686979036051987
2018-07-17 04:00:00,4,1,0,930,356.0,935.0,852.4647135228201,574.0,574.0,77.53528647717985,77.53528647717985,6011.720649098349
2018-07-17 05:00:00,5,1,0,3171,930.0,3048.0,2892.541393103712,2241.0,2241.0,278.4586068962881,278.4586068962881,77539.1957546215
2018-07-17 06:00:00,6,1,0,5870,3171.0,5593.0,5759.479983460245,2699.0,2699.0,110.52001653975458,110.52001653975458,12214.674055947626
2018-07-17 07:00:00,7,1,1,6417,5870.0,5793.0,6377.285305455938,547.0,547.0,39.714694544061786,39.714694544061786,1577.256962728131
2018-07-17 08:00:00,8,1,1,5455,6417.0,5647.0,5891.300909738298,-962.0,962.0,-436.3009097382983,436.3009097382983,190358.48383846672
2018-07-17 09:00:00,9,1,1,5030,5455.0,4603.0,5061.822367494812,-425.0,425.0,-31.82236749481217,31.82236749481217,1012.6630729748782
2018-07-17 10:00:00,10,1,0,4346,5030.0,4346.0,4531.16372787057,-684.0,684.0,-185.16372787057026,185.16372787057026,34285.6061189266
2018-07-17 11:00:00,11,1,0,4540,4346.0,4504.0,4521.874828602211,194.0,194.0,18.125171397789018,18.125171397789018,328.5218381992291
2018-07-17 12:00:00,12,1,0,4952,4540.0,4588.0,4785.68804573709,412.0,412.0,166.31195426291015,166.31195426291015,27659.666130748315
2018-07-17 13:00:00,13,1,0,4576,4952.0,4558.0,4963.17801420579,-376.0,376.0,-387.1780142057896,387.1780142057896,149906.81468433863
2018-07-17 14:00:00,14,1,0,5011,4576.0,4794.0,4795.886708478779,435.0,435.0,215.11329152122107,215.11329152122107,46273.72818909384
2018-07-17 15:00:00,15,1,0,5573,5011.0,5558.0,5597.739692270917,562.0,562.0,-24.73969227091675,24.73969227091675,612.0523736596579
2018-07-17 16:00:00,16,1,0,6358,5573.0,6269.0,6329.537539351076,785.0,785.0,28.462460648924207,28.462460648924207,810.111666191559
2018-07-17 17:00:00,17,1,1,5698,6358.0,5708.0,6090.94473693006,-660.0,660.0,-392.94473693005966,392.94473693005966,154405.5662810338
2018-07-17 18:00:00,18,1,1,4360,5698.0,4203.0,4291.194529531421,-1338.0,1338.0,68.80547046857919,68.80547046857919,4734.1927664025225
2018-07-17 19:00:00,19,1,1,3337,4360.0,3277.0,3190.6866993709027,-1023.0,1023.0,146.31330062909728,146.31330062909728,21407.5819409806
2018-07-17 20:00:00,20,1,0,3113,3337.0,2900.0,2965.356849943382,-224.0,224.0,147.6431500566182,147.6431500566182,21798.49975864108
2018-07-17 21:00:00,21,1,0,2754,3113.0,2424.0,2759.4943591873034,-359.0,359.0,-5.4943591873034165,5.4943591873034165,30.18798287910546
2018-07-17 22:00:00,22,1,0,2209,2754.0,1965.0,2161.9548985444794,-545.0,545.0,47.04510145552058,47.04510145552058,2213.2415709602246
2018-07-17 23:00:00,23,1,0,1242,2209.0,1096.0,1338.0740794985584,-967.0,967.0,-96.07407949855838,96.07407949855838,9230.228751495315
2018-07-18 00:00:00,0,2,0,657,1242.0,595.0,672.9304128305786,-585.0,585.0,-15.930412830578575,15.930412830578575,253.7780529526625
2018-07-18 01:00:00,1,2,0,410,657.0,407.0,408.5750581247256,-247.0,247.0,1.424941875274385,1.424941875274385,2.030459347910481
2018-07-18 02:00:00,2,2,0,313,410.0,274.0,318.88021713238817,-97.0,97.0,-5.880217132388168,5.880217132388168,34.57695352403133
2018-07-18 03:00:00,3,2,0,377,313.0,356.0,353.3940162810561,64.0,64.0,23.60598371894389,23.60598371894389,557.242467339044
2018-07-18 04:00:00,4,2,0,894,377.0,930.0,850.2072409223937,517.0,517.0,43.79275907760632,43.79275907760632,1917.8057476292706
2018-07-18 05:00:00,5,2,0,3189,894.0,3171.0,2892.541393103712,2295.0,2295.0,296.4586068962881,296.4586068962881,87887.70560288786
2018-07-18 06:00:00,6,2,0,5769,3189.0,5870.0,5770.599336980623,2580.0,2580.0,-1.5993369806228657,1.5993369806228657,2.5578787775878644
2018-07-18 07:00:00,7,2,1,6200,5769.0,6417.0,6379.5390392986565,431.0,431.0,-179.53903929865646,179.53903929865646,32234.26663228451
2018-07-18 08:00:00,8,2,1,5696,6200.0,5455.0,5664.835769370445,-504.0,504.0,31.164230629555277,31.164230629555277,971.2092707321113
2018-07-18 09:00:00,9,2,1,5129,5696.0,5030.0,5070.365245111176,-567.0,567.0,58.63475488882432,58.63475488882432,3438.034480872507
2018-07-18 10:00:00,10,2,0,4560,5129.0,4346.0,4555.128460921103,-569.0,569.0,4.871539078896603,4.871539078896603,23.731892997216764
2018-07-18 11:00:00,11,2,0,4752,4560.0,4540.0,4787.492747400888,192.0,192.0,-35.49274740088822,35.49274740088822,1259.7351180632575
2018-07-18 12:00:00,12,2,0,4916,4752.0,4952.0,4894.609774391263,164.0,164.0,21.390225608736728,21.390225608736728,457.5417515926565
2018-07-18 13:00:00,13,2,0,4714,4916.0,4576.0,4955.450431489885,-202.0,202.0,-241.45043148988498,241.45043148988498,58298.31086665164
2018-07-18 14:00:00,14,2,0,5138,4714.0,5011.0,4894.334509394948,424.0,424.0,243.66549060505167,243.66549060505167,59372.871311800525
2018-07-18 15:00:00,15,2,0,5677,5138.0,5573.0,5671.487568554942,539.0,539.0,5.5124314450577,5.5124314450577,30.386900436460927
2018-07-18 16:00:00,16,2,0,6606,5677.0,6358.0,6367.941243060635,929.0,929.0,238.05875693936468,238.05875693936468,56671.971755515515
2018-07-18 17:00:00,17,2,1,6084,6606.0,5698.0,6169.870878494231,-522.0,522.0,-85.87087849423096,85.87087849423096,7373.807773370978
2018-07-18 18:00:00,18,2,1,4941,6084.0,4360.0,4580.922574773303,-1143.0,1143.0,360.0774252266974,360.0774252266974,129655.75215788787
2018-07-18 19:00:00,19,2,1,3461,4941.0,3337.0,3497.607038549318,-1480.0,1480.0,-36.60703854931808,36.60703854931808,1340.0752713512597
2018-07-18 20:00:00,20,2,0,3177,3461.0,3113.0,3034.0355730324,-284.0,284.0,142.96442696760005,142.96442696760005,20438.827378174246
2018-07-18 21:00:00,21,2,0,2949,3177.0,2754.0,2826.6876897432394,-228.0,228.0,122.31231025676061,122.31231025676061,14960.301240346067
2018-07-18 22:00:00,22,2,0,2200,2949.0,2209.0,2245.421911915135,-749.0,749.0,-45.42191191513484,45.42191191513484,2063.1500820262686
2018-07-18 23:00:00,23,2,0,1271,2200.0,1242.0,1338.939543776605,-929.0,929.0,-67.93954377660498,67.93954377660498,4615.781608573224
2018-07-19 00:00:00,0,3,0,697,1271.0,657.0,742.475205992464,-574.0,574.0,-45.475205992464,45.475205992464,2067.9943600570336
2018-07-19 01:00:00,1,3,0,423,697.0,410.0,431.4321727246284,-274.0,274.0,-8.432172724628401,8.432172724628401,71.10153685796716
2018-07-19 02:00:00,2,3,0,303,423.0,313.0,328.8601971161138,-120.0,120.0,-25.860197116113795,25.860197116113795,668.7497948842603
2018-07-19 03:00:00,3,3,0,369,303.0,377.0,353.3940162810561,66.0,66.0,15.60598371894389,15.60598371894389,243.54672783594174
2018-07-19 04:00:00,4,3,0,896,369.0,894.0,852.6661691814056,527.0,527.0,43.33383081859438,43.33383081859438,1877.82089341456
2018-07-19 05:00:00,5,3,0,3110,896.0,3189.0,2892.541393103712,2214.0,2214.0,217.45860689628807,217.45860689628807,47288.245713274344
2018-07-19 06:00:00,6,3,0,5752,3110.0,5769.0,5791.20395872677,2642.0,2642.0,-39.20395872677,39.20395872677,1536.9503798502853
2018-07-19 07:00:00,7,3,1,6246,5752.0,6200.0,6382.450545383864,494.0,494.0,-136.45054538386375,136.45054538386375,18618.75133555386
2018-07-19 08:00:00,8,3,1,5702,6246.0,5696.0,5826.4457250588,-544.0,544.0,-124.44572505880024,124.44572505880024,15486.7384854105
2018-07-19 08:00:00,8,3,1,5702,5702.0,5129.0,5646.208671369423,0.0,0.0,55.79132863057657,55.79132863057657,3112.6723503649932
2018-07-19 09:00:00,9,3,1,4855,5702.0,4560.0,5180.296260193931,-847.0,847.0,-325.2962601939307,325.2962601939307,105817.65689615748
2018-07-19 10:00:00,10,3,0,4492,4855.0,4752.0,4591.858309219235,-363.0,363.0,-99.8583092192348,99.8583092192348,9971.681920124314
2018-07-19 10:00:00,10,3,0,4492,4492.0,4916.0,4528.602765127176,0.0,0.0,-36.6027651271761,36.6027651271761,1339.7624149552187
2018-07-19 11:00:00,11,3,0,4677,4492.0,4714.0,4754.855466924872,185.0,185.0,-77.85546692487242,77.85546692487242,6061.473730089903
2018-07-19 11:00:00,11,3,0,4677,4677.0,5138.0,4887.0179564261725,0.0,0.0,-210.01795642617253,210.01795642617253,44107.5420214257
2018-07-19 11:00:00,11,3,0,4677,4677.0,5677.0,4887.0179564261725,0.0,0.0,-210.01795642617253,210.01795642617253,44107.5420214257
2018-07-19 12:00:00,12,3,0,4861,4677.0,6606.0,4887.0179564261725,184.0,184.0,-26.017956426172532,26.017956426172532,676.9340565942125
2018-07-19 12:00:00,12,3,0,4861,4861.0,6084.0,5058.524288740469,0.0,0.0,-197.52428874046927,197.52428874046927,39015.844642428274
2018-07-19 13:00:00,13,3,0,4734,4861.0,4941.0,4945.572382197934,-127.0,127.0,-211.57238219793362,211.57238219793362,44762.8729089085
2018-07-19 13:00:00,13,3,0,4734,4734.0,3461.0,4894.609774391263,0.0,0.0,-160.60977439126327,160.60977439126327,25795.499630012488
2018-07-19 13:00:00,13,3,0,4734,4734.0,3177.0,4894.609774391263,0.0,0.0,-160.60977439126327,160.60977439126327,25795.499630012488
2018-07-19 14:00:00,14,3,0,5135,4734.0,2949.0,4895.518686377257,401.0,401.0,239.48131362274307,239.48131362274307,57351.29957447463
2018-07-19 15:00:00,15,3,0,5704,5135.0,2200.0,5670.432150436673,569.0,569.0,33.5678495633274,33.5678495633274,1126.8005243061796
2018-07-19 16:00:00,16,3,0,6459,5704.0,1271.0,6367.5694124283955,755.0,755.0,91.43058757160452,91.43058757160452,8359.552343688843
2018-07-19 17:00:00,17,3,1,5872,6459.0,697.0,6145.904214956876,-587.0,587.0,-273.9042149568759,273.9042149568759,75023.51897114246
2018-07-19 17:00:00,17,3,1,5872,5872.0,423.0,5898.872008801256,0.0,0.0,-26.872008801256015,26.872008801256015,722.1048570147808
2018-07-19 18:00:00,18,3,1,4497,5872.0,303.0,4683.766452003093,-1375.0,1375.0,-186.76645200309304,186.76645200309304,34881.70759382365
2018-07-19 18:00:00,18,3,1,4497,4497.0,369.0,4445.58812082928,0.0,0.0,51.41187917071966,51.41187917071966,2643.181319864678
2018-07-19 19:00:00,19,3,1,3419,4497.0,896.0,3502.8439344325852,-1078.0,1078.0,-83.84393443258523,83.84393443258523,7029.805341135651
2018-07-19 19:00:00,19,3,1,3419,3419.0,3110.0,3259.6322497037695,0.0,0.0,159.3677502962305,159.3677502962305,25398.079834481676
2018-07-19 20:00:00,20,3,0,2991,3419.0,5752.0,3046.4698583837544,-428.0,428.0,-55.4698583837544,55.4698583837544,3076.9051891137683
2018-07-19 21:00:00,21,3,0,2613,2991.0,6246.0,2999.8624865355773,-378.0,378.0,-386.8624865355773,386.8624865355773,149662.58348848973
2018-07-19 22:00:00,22,3,0,2282,2613.0,5702.0,1951.0099496063694,-331.0,331.0,330.99005039363055,330.99005039363055,109554.41345957809
2018-07-19 22:00:00,22,3,0,2282,2282.0,5702.0,2069.40545327539,0.0,0.0,212.59454672461015,212.59454672461015,45196.44129704245
2018-07-19 23:00:00,23,3,0,1454,2282.0,4855.0,1368.3916407758186,-828.0,828.0,85.60835922418141,85.60835922418141,7328.791169056487
2018-07-19 23:00:00,23,3,0,1454,1454.0,4492.0,1123.5724273169667,0.0,0.0,330.4275726830333,330.4275726830333,109182.38078920126
2018-07-20 00:00:00,0,4,0,693,1454.0,4492.0,796.5583352218769,-761.0,761.0,-103.55833522187686,103.55833522187686,10724.328793926621
2018-07-20 01:00:00,1,4,0,460,693.0,4677.0,428.6774653715658,-233.0,233.0,31.322534628434198,31.322534628434198,981.1011755494594
2018-07-20 01:00:00,1,4,0,460,460.0,4677.0,355.089354956388,0.0,0.0,104.91064504361202,104.91064504361202,11006.243443466756
2018-07-20 02:00:00,2,4,0,360,460.0,4677.0,346.4226771813366,-100.0,100.0,13.57732281866339,13.57732281866339,184.34369492219759
2018-07-20 02:00:00,2,4,0,360,360.0,4861.0,283.5611656982838,0.0,0.0,76.43883430171621,76.43883430171621,5842.895389405227
2018-07-20 02:00:00,2,4,0,360,360.0,4861.0,283.5611656982838,0.0,0.0,76.43883430171621,76.43883430171621,5842.895389405227
2018-07-20 03:00:00,3,4,0,376,360.0,4734.0,362.8723623548443,16.0,16.0,13.127637645155687,13.127637645155687,172.33487014250875
2018-07-20 03:00:00,3,4,0,376,376.0,4734.0,381.3634460685625,0.0,0.0,-5.363446068562496,5.363446068562496,28.766553730378494
2018-07-20 03:00:00,3,4,0,376,376.0,4734.0,380.6252773913831,0.0,0.0,-4.625277391383122,4.625277391383122,21.39319094723986
2018-07-20 04:00:00,4,4,0,873,376.0,5135.0,808.7799141041017,497.0,497.0,64.22008589589825,64.22008589589825,4124.21943247655
2018-07-20 04:00:00,4,4,0,873,873.0,5704.0,901.1645700237361,0.0,0.0,-28.164570023736132,28.164570023736132,793.2430046219359
2018-07-20 04:00:00,4,4,0,873,873.0,6459.0,901.3755040896702,0.0,0.0,-28.375504089670244,28.375504089670244,805.1692323428928
2018-07-20 05:00:00,5,4,0,2822,873.0,5872.0,2892.541393103712,1949.0,1949.0,-70.54139310371193,70.54139310371193,4976.088141012417
2018-07-20 05:00:00,5,4,0,2822,2822.0,5872.0,2827.1104208669276,0.0,0.0,-5.110420866927598,5.110420866927598,26.116401437129017
2018-07-20 05:00:00,5,4,0,2822,2822.0,4497.0,2827.1104208669276,0.0,0.0,-5.110420866927598,5.110420866927598,26.116401437129017
2018-07-20 05:00:00,5,4,0,2822,2822.0,4497.0,2827.1104208669276,0.0,0.0,-5.110420866927598,5.110420866927598,26.116401437129017
2018-07-20 06:00:00,6,4,0,5266,2822.0,3419.0,5524.186147006928,2444.0,2444.0,-258.18614700692797,258.18614700692797,66660.08650628301
2018-07-20 06:00:00,6,4,0,5266,5266.0,3419.0,5296.88776883594,0.0,0.0,-30.887768835939823,30.887768835939823,954.0542636624554
2018-07-20 06:00:00,6,4,0,5266,5266.0,2991.0,5296.88776883594,0.0,0.0,-30.887768835939823,30.887768835939823,954.0542636624554
2018-07-20 07:00:00,7,4,1,5821,5266.0,2613.0,5937.777068083092,555.0,555.0,-116.77706808309176,116.77706808309176,13636.883630083048
2018-07-20 07:00:00,7,4,1,5821,5821.0,2282.0,6376.256199380107,0.0,0.0,-555.2561993801073,555.2561993801073,308309.4469500415
2018-07-20 07:00:00,7,4,1,5821,5821.0,2282.0,6376.256199380107,0.0,0.0,-555.2561993801073,555.2561993801073,308309.4469500415
2018-07-20 08:00:00,8,4,1,5339,5821.0,1454.0,5668.885440315033,-482.0,482.0,-329.8854403150326,329.8854403150326,108824.40373184295
2018-07-20 08:00:00,8,4,1,5339,5339.0,1454.0,5108.808753570446,0.0,0.0,230.19124642955376,230.19124642955376,52988.009932791545
2018-07-20 09:00:00,9,4,1,4816,5339.0,693.0,5067.675934086565,-523.0,523.0,-251.67593408656467,251.67593408656467,63340.77579834484
2018-07-20 09:00:00,9,4,1,4816,4816.0,460.0,4954.931524661687,0.0,0.0,-138.93152466168704,138.93152466168704,19301.968544820953
2018-07-20 09:00:00,9,4,1,4816,4816.0,460.0,4954.931524661687,0.0,0.0,-138.93152466168704,138.93152466168704,19301.968544820953
2018-07-20 10:00:00,10,4,0,4592,4816.0,360.0,4612.7926957502405,-224.0,224.0,-20.792695750240455,20.792695750240455,432.33619656206747
2018-07-20 10:00:00,10,4,0,4592,4592.0,360.0,4519.955329287341,0.0,0.0,72.04467071265935,72.04467071265935,5190.434578095516
2018-07-20 10:00:00,10,4,0,4592,4592.0,360.0,4519.955329287341,0.0,0.0,72.04467071265935,72.04467071265935,5190.434578095516
2018-07-20 11:00:00,11,4,0,4823,4592.0,376.0,4819.456554728204,231.0,231.0,3.5434452717963723,3.5434452717963723,12.556004394216066
2018-07-20 12:00:00,12,4,0,5253,4823.0,376.0,5051.40353018781,430.0,430.0,201.59646981218975,201.59646981218975,40641.13664073713
2018-07-20 12:00:00,12,4,0,5253,5253.0,376.0,5343.39162871193,0.0,0.0,-90.39162871193003,90.39162871193003,8170.646541195412
2018-07-20 13:00:00,13,4,0,5169,5253.0,873.0,5297.036696798242,-84.0,84.0,-128.0366967982418,128.0366967982418,16393.3957270049
2018-07-20 14:00:00,14,4,0,5413,5169.0,873.0,5337.478000884322,244.0,244.0,75.52199911567823,75.52199911567823,5703.572350428503
2018-07-20 15:00:00,15,4,0,5602,5413.0,873.0,5777.953426810285,189.0,189.0,-175.95342681028524,175.95342681028524,30959.608406282405
2018-07-20 16:00:00,16,4,0,6086,5602.0,2822.0,5977.697319936926,484.0,484.0,108.30268006307415,108.30268006307415,11729.470508844599
2018-07-20 17:00:00,17,4,1,4987,6086.0,2822.0,5632.406271205312,-1099.0,1099.0,-645.4062712053119,645.4062712053119,416549.2549111446
2018-07-20 18:00:00,18,4,1,4465,4987.0,2822.0,4811.792617913881,-522.0,522.0,-346.79261791388126,346.79261791388126,120265.11983956324
2018-07-20 18:00:00,18,4,1,4465,4465.0,2822.0,4425.131007124718,0.0,0.0,39.86899287528195,39.86899287528195,1589.5365928892827
2018-07-20 19:00:00,19,4,1,3574,4465.0,5266.0,3604.3003940066405,-891.0,891.0,-30.300394006640545,30.300394006640545,918.1138769576582
2018-07-20 20:00:00,20,4,0,3124,3574.0,5266.0,3168.392174884744,-450.0,450.0,-44.39217488474378,44.39217488474378,1970.6651909976765
2018-07-20 21:00:00,21,4,0,3121,3124.0,5266.0,3050.397348203867,-3.0,3.0,70.60265179613316,70.60265179613316,4984.734440646025
2018-07-20 22:00:00,22,4,0,3032,3121.0,5821.0,2878.691403490384,-89.0,89.0,153.3085965096161,153.3085965096161,23503.525763748275
2018-07-20 23:00:00,23,4,0,2030,3032.0,5821.0,2451.1544532775997,-1002.0,1002.0,-421.1544532775997,421.1544532775997,177371.07351555393
2018-07-21 00:00:00,0,5,0,1235,2030.0,5821.0,1341.594964734149,-795.0,795.0,-106.59496473414902,106.59496473414902,11362.486506674473
2018-07-21 01:00:00,1,5,0,781,1235.0,5339.0,826.5883292625824,-454.0,454.0,-45.58832926258242,45.58832926258242,2078.2957649536283
2018-07-21 02:00:00,2,5,0,648,781.0,5339.0,593.121746469827,-133.0,133.0,54.87825353017297,54.87825353017297,3011.622710521942
2018-07-21 03:00:00,3,5,0,418,648.0,4816.0,427.5387599255118,-230.0,230.0,-9.538759925511783,9.538759925511783,90.98794091654956
2018-07-21 04:00:00,4,5,0,478,418.0,4816.0,422.5364555000852,60.0,60.0,55.4635444999148,55.4635444999148,3076.20476849403
2018-07-21 05:00:00,5,5,0,903,478.0,4816.0,814.7964697934204,425.0,425.0,88.20353020657956,88.20353020657956,7779.862740902992
2018-07-21 06:00:00,6,5,0,1500,903.0,4592.0,1404.100577045462,597.0,597.0,95.89942295453807,95.89942295453807,9196.699323013383
2018-07-21 07:00:00,7,5,1,2236,1500.0,4592.0,2152.1112419542014,736.0,736.0,83.88875804579857,83.88875804579857,7037.323726466534
2018-07-21 08:00:00,8,5,1,3031,2236.0,4592.0,3153.826123827125,795.0,795.0,-122.82612382712477,122.82612382712477,15086.256694396188
2018-07-21 09:00:00,9,5,1,3883,3031.0,4823.0,3579.8285979714333,852.0,852.0,303.1714020285667,303.1714020285667,91912.89900796683
2018-07-21 10:00:00,10,5,0,4045,3883.0,5253.0,4096.6615589099465,162.0,162.0,-51.66155890994651,51.66155890994651,2668.9166690058732
2018-07-21 11:00:00,11,5,0,4418,4045.0,5253.0,4286.5568685458975,373.0,373.0,131.4431314541025,131.4431314541025,17277.296806460472
2018-07-21 12:00:00,12,5,0,4505,4418.0,5169.0,4567.044066167076,87.0,87.0,-62.04406616707638,62.04406616707638,3849.466146544552
2018-07-21 13:00:00,13,5,0,4644,4505.0,5413.0,4624.8544715091675,139.0,139.0,19.145528490832476,19.145528490832476,366.55126119327804
2018-07-21 14:00:00,14,5,0,4796,4644.0,5602.0,4702.447805013841,152.0,152.0,93.55219498615861,93.55219498615861,8752.01318672824
2018-07-21 15:00:00,15,5,0,4674,4796.0,6086.0,4759.0594458214155,-122.0,122.0,-85.05944582141547,85.05944582141547,7235.109323446313
2018-07-21 16:00:00,16,5,0,4788,4674.0,4987.0,4714.858845934808,114.0,114.0,73.14115406519159,73.14115406519159,5349.628417988091
2018-07-21 17:00:00,17,5,1,4562,4788.0,4465.0,4586.383669169869,-226.0,226.0,-24.38366916986888,24.38366916986888,594.5633221856142
2018-07-21 18:00:00,18,5,1,4253,4562.0,4465.0,4217.566678621037,-309.0,309.0,35.43332137896323,35.43332137896323,1255.5202639448926
2018-07-21 19:00:00,19,5,1,3815,4253.0,3574.0,3466.4332348191406,-438.0,438.0,348.5667651808594,348.5667651808594,121498.78978864838
2018-07-21 20:00:00,20,5,0,3434,3815.0,3124.0,3312.5569594062154,-381.0,381.0,121.44304059378464,121.44304059378464,14748.412108663624
2018-07-21 21:00:00,21,5,0,3435,3434.0,3121.0,3272.4566261644836,1.0,1.0,162.54337383551638,162.54337383551638,26420.34837783243
2018-07-21 22:00:00,22,5,0,3131,3435.0,3032.0,3268.8191164122195,-304.0,304.0,-137.8191164122195,137.8191164122195,18994.10884864491
2018-07-21 23:00:00,23,5,0,2292,3131.0,2030.0,2255.6889441540397,-839.0,839.0,36.311055845960254,36.311055845960254,1318.4927766484443
2018-07-22 00:00:00,0,6,0,1408,2292.0,1235.0,1522.6646478935384,-884.0,884.0,-114.66464789353836,114.66464789353836,13147.98147654913
2018-07-22 01:00:00,1,6,0,969,1408.0,781.0,906.02582054184,-439.0,439.0,62.97417945816005,62.97417945816005,3965.7472784285474
2018-07-22 02:00:00,2,6,0,749,969.0,648.0,714.3910756135597,-220.0,220.0,34.60892438644032,34.60892438644032,1197.7776471863435
2018-07-22 03:00:00,3,6,0,344,749.0,418.0,435.9949198896457,-405.0,405.0,-91.9949198896457,91.9949198896457,8463.06528550233
2018-07-22 04:00:00,4,6,0,355,344.0,478.0,312.27478670617666,11.0,11.0,42.725213293823344,42.725213293823344,1825.4438510026991
2018-07-22 05:00:00,5,6,0,525,355.0,903.0,563.6964707814171,170.0,170.0,-38.69647078141713,38.69647078141713,1497.41685093707
2018-07-22 06:00:00,6,6,0,902,525.0,1500.0,926.2062921296696,377.0,377.0,-24.206292129669578,24.206292129669578,585.9445786669033
2018-07-22 07:00:00,7,6,1,1297,902.0,2236.0,1175.774716323452,395.0,395.0,121.22528367654809,121.22528367654809,14695.569402459556
2018-07-22 08:00:00,8,6,1,2009,1297.0,3031.0,2006.1808079846357,712.0,712.0,2.8191920153642513,2.8191920153642513,7.94784361949355
2018-07-22 09:00:00,9,6,1,2927,2009.0,3883.0,3003.9999810223803,918.0,918.0,-76.99998102238033,76.99998102238033,5928.99707744693
2018-07-22 10:00:00,10,6,0,3711,2927.0,4045.0,3509.688020810406,784.0,784.0,201.31197918959379,201.31197918959379,40526.51296523144
2018-07-22 11:00:00,11,6,0,4021,3711.0,4418.0,4017.6137728141266,310.0,310.0,3.3862271858733948,3.3862271858733948,11.466534554348051
2018-07-22 12:00:00,12,6,0,4250,4021.0,4505.0,4202.958602524078,229.0,229.0,47.04139747592217,47.04139747592217,2212.8930764876964
2018-07-22 13:00:00,13,6,0,4491,4250.0,4644.0,4373.960163874539,241.0,241.0,117.03983612546108,117.03983612546108,13698.323240274784
2018-07-22 14:00:00,14,6,0,4463,4491.0,4796.0,4609.912935683061,-28.0,28.0,-146.91293568306082,146.91293568306082,21583.410671015165
2018-07-22 15:00:00,15,6,0,4657,4463.0,4674.0,4592.862114580271,194.0,194.0,64.13788541972917,64.13788541972917,4113.668346114308
2018-07-22 16:00:00,16,6,0,4875,4657.0,4788.0,4703.579154700222,218.0,218.0,171.4208452997782,171.4208452997782,29385.10620329049
2018-07-22 17:00:00,17,6,1,4657,4875.0,4562.0,4674.918052691514,-218.0,218.0,-17.918052691514276,17.918052691514276,321.056612255882
2018-07-22 18:00:00,18,6,1,4098,4657.0,4253.0,4230.123428623235,-559.0,559.0,-132.12342862323476,132.12342862323476,17456.60039115901
2018-07-22 19:00:00,19,6,1,3661,4098.0,3815.0,3460.6396076099727,-437.0,437.0,200.3603923900273,200.3603923900273,40144.28683868571
2018-07-22 20:00:00,20,6,0,3135,3661.0,3434.0,3128.8296353115143,-526.0,526.0,6.1703646884857335,6.1703646884857335,38.073400388911644
2018-07-22 21:00:00,21,6,0,2803,3135.0,3435.0,2692.6171114815993,-332.0,332.0,110.3828885184007,110.3828885184007,12184.382077665678
2018-07-22 22:00:00,22,6,0,2224,2803.0,3131.0,2083.6724254209444,-579.0,579.0,140.32757457905564,140.32757457905564,19691.828187240422
2018-07-22 23:00:00,23,6,0,1397,2224.0,2292.0,1438.9277287369612,-827.0,827.0,-41.92772873696117,41.92772873696117,1757.9344370401996
2018-07-23 00:00:00,0,0,0,714,1397.0,1408.0,744.9369102142572,-683.0,683.0,-30.936910214257182,30.936910214257182,957.0924136050104
2018-07-23 01:00:00,1,0,0,402,714.0,969.0,438.1269881903303,-312.0,312.0,-36.12698819033028,36.12698819033028,1305.1592757042636
2018-07-23 02:00:00,2,0,0,354,402.0,749.0,316.12143698906516,-48.0,48.0,37.87856301093484,37.87856301093484,1434.785535773361
2018-07-23 02:00:00,2,0,0,354,354.0,344.0,281.27136222100916,0.0,0.0,72.72863777899084,72.72863777899084,5289.454753187654
2018-07-23 03:00:00,3,0,0,355,354.0,355.0,348.0508285137154,1.0,1.0,6.9491714862846266,6.9491714862846266,48.29098434579129
2018-07-23 03:00:00,3,0,0,355,355.0,525.0,347.8885141721077,0.0,0.0,7.111485827892295,7.111485827892295,50.57323068031296
2018-07-23 04:00:00,4,0,0,957,355.0,902.0,847.8862604992257,602.0,602.0,109.11373950077427,109.11373950077427,11905.808147842828
2018-07-23 04:00:00,4,0,0,957,957.0,1297.0,933.8881439637697,0.0,0.0,23.11185603623028,23.11185603623028,534.1578894394339
2018-07-23 05:00:00,5,0,0,3008,957.0,2009.0,2892.541393103712,2051.0,2051.0,115.45860689628807,115.45860689628807,13330.68990643158
2018-07-23 05:00:00,5,0,0,3008,3008.0,2927.0,2996.9296506672026,0.0,0.0,11.070349332797377,11.070349332797377,122.55263435016734
2018-07-23 06:00:00,6,0,0,5617,3008.0,3711.0,5641.634475767368,2609.0,2609.0,-24.634475767367803,24.634475767367803,606.8573963330315
2018-07-23 06:00:00,6,0,0,5617,5617.0,4021.0,5626.189818210107,0.0,0.0,-9.18981821010675,9.18981821010675,84.45275873480963
2018-07-23 07:00:00,7,0,1,6306,5617.0,4250.0,6313.727624479424,689.0,689.0,-7.727624479423866,7.727624479423866,59.71618009499098
2018-07-23 07:00:00,7,0,1,6306,6306.0,4491.0,6376.256199380107,0.0,0.0,-70.25619938010732,70.25619938010732,4935.933551337392
2018-07-23 08:00:00,8,0,1,5522,6306.0,4463.0,5825.498750328926,-784.0,784.0,-303.4987503289258,303.4987503289258,92111.49145121963
2018-07-23 09:00:00,9,0,1,4735,5522.0,4657.0,5164.809930186902,-787.0,787.0,-429.8099301869024,429.8099301869024,184736.57608726993
2018-07-23 10:00:00,10,0,0,4209,4735.0,4875.0,4457.33607010511,-526.0,526.0,-248.33607010510968,248.33607010510968,61670.80371524995
2018-07-23 11:00:00,11,0,0,4485,4209.0,4657.0,4378.362622463771,276.0,276.0,106.637377536229,106.637377536229,11371.530287804237
2018-07-23 12:00:00,12,0,0,4800,4485.0,4098.0,4754.855466924872,315.0,315.0,45.14453307512758,45.14453307512758,2038.0288665712883
2018-07-23 13:00:00,13,0,0,4475,4800.0,3661.0,4936.790193591709,-325.0,325.0,-461.7901935917089,461.7901935917089,213250.18289746798
2018-07-23 14:00:00,14,0,0,4677,4475.0,3135.0,4739.9196209420015,202.0,202.0,-62.91962094200153,62.91962094200153,3958.8786994851575
2018-07-23 15:00:00,15,0,0,5413,4677.0,2803.0,4887.0179564261725,736.0,736.0,525.9820435738275,525.9820435738275,276657.11016209977
2018-07-23 16:00:00,16,0,0,6317,5413.0,2224.0,6191.900251322026,904.0,904.0,125.09974867797428,125.09974867797428,15649.947119292327
2018-07-23 17:00:00,17,0,1,5701,6317.0,1397.0,5866.696360942071,-616.0,616.0,-165.6963609420709,165.6963609420709,27455.284029445036
2018-07-23 18:00:00,18,0,1,4293,5701.0,714.0,4230.916825302664,-1408.0,1408.0,62.08317469733629,62.08317469733629,3854.320580499977
2018-07-23 19:00:00,19,0,1,3143,4293.0,402.0,3122.5270765019245,-1150.0,1150.0,20.472923498075488,20.472923498075488,419.14059655805147
2018-07-23 20:00:00,20,0,0,2833,3143.0,354.0,2754.029970421211,-310.0,310.0,78.97002957878885,78.97002957878885,6236.265571674787
2018-07-23 21:00:00,21,0,0,2492,2833.0,354.0,2547.4011475534962,-341.0,341.0,-55.40114755349623,55.40114755349623,3069.2871502442613
2018-07-23 22:00:00,22,0,0,1690,2492.0,355.0,1769.360063492597,-802.0,802.0,-79.36006349259696,79.36006349259696,6298.019677549021
2018-07-23 23:00:00,23,0,0,1182,1690.0,355.0,1161.5344897486639,-508.0,508.0,20.465510251336127,20.465510251336127,418.8371098475441
2018-07-24 00:00:00,0,1,0,638,1182.0,957.0,639.7426900930735,-544.0,544.0,-1.74269009307352,1.74269009307352,3.036968760496594
2018-07-24 01:00:00,1,1,0,391,638.0,957.0,393.10435865809103,-247.0,247.0,-2.10435865809103,2.10435865809103,4.42832536188268
2018-07-24 02:00:00,2,1,0,297,391.0,3008.0,307.5591029278413,-94.0,94.0,-10.559102927841309,10.559102927841309,111.4946546407469
2018-07-24 03:00:00,3,1,0,390,297.0,3008.0,352.69838594318276,93.0,93.0,37.30161405681724,37.30161405681724,1391.4104112437458
2018-07-24 04:00:00,4,1,0,891,390.0,5617.0,871.1803650332267,501.0,501.0,19.819634966773265,19.819634966773265,392.81793021614146
2018-07-24 05:00:00,5,1,0,3184,891.0,5617.0,2892.541393103712,2293.0,2293.0,291.4586068962881,291.4586068962881,84948.11953392498
2018-07-24 06:00:00,6,1,0,5782,3184.0,6306.0,5792.531016921279,2598.0,2598.0,-10.531016921278933,10.531016921278933,110.90231739626323
2018-07-24 07:00:00,7,1,1,6409,5782.0,6306.0,6378.441396466769,627.0,627.0,30.55860353323078,30.55860353323078,933.8282499011847
2018-07-24 08:00:00,8,1,1,5658,6409.0,5522.0,5889.971597926713,-751.0,751.0,-231.971597926713,231.971597926713,53810.8222446726
2018-07-24 09:00:00,9,1,1,4984,5658.0,4735.0,5069.195550189729,-674.0,674.0,-85.19555018972915,85.19555018972915,7258.281772130658
2018-07-24 10:00:00,10,1,0,4386,4984.0,4209.0,4536.295631421913,-598.0,598.0,-150.29563142191273,150.29563142191273,22588.776824511442
2018-07-24 11:00:00,11,1,0,4634,4386.0,4485.0,4543.643400114636,248.0,248.0,90.35659988536372,90.35659988536372,8164.315142843711
2018-07-24 12:00:00,12,1,0,4805,4634.0,4800.0,4865.81154279814,171.0,171.0,-60.81154279814018,60.81154279814018,3698.043737490035
2018-07-24 13:00:00,13,1,0,4664,4805.0,4475.0,4943.084407205874,-141.0,141.0,-279.0844072058744,279.0844072058744,77888.10634545433
2018-07-24 14:00:00,14,1,0,4944,4664.0,4677.0,4879.942160998659,280.0,280.0,64.05783900134065,64.05783900134065,4103.40673752168
2018-07-24 15:00:00,15,1,0,5699,4944.0,5413.0,5576.499977671342,755.0,755.0,122.5000223286579,122.5000223286579,15006.255470521686
2018-07-24 16:00:00,16,1,0,6558,5699.0,6317.0,6410.921420224714,859.0,859.0,147.07857977528602,147.07857977528602,21632.108628715174
2018-07-24 17:00:00,17,1,1,5636,6558.0,5701.0,6162.761634116524,-922.0,922.0,-526.761634116524,526.761634116524,277477.8191771107
2018-07-24 18:00:00,18,1,1,4430,5636.0,4293.0,4289.590195501185,-1206.0,1206.0,140.409804498815,140.409804498815,19714.913199395447
2018-07-24 19:00:00,19,1,1,3371,4430.0,3143.0,3214.080220729477,-1059.0,1059.0,156.91977927052312,156.91977927052312,24623.8171263097
2018-07-24 20:00:00,20,1,0,3266,3371.0,2833.0,2972.118730676038,-105.0,105.0,293.881269323962,293.881269323962,86366.20045946309
2018-07-24 21:00:00,21,1,0,2727,3266.0,2492.0,2851.118946182388,-539.0,539.0,-124.11894618238784,124.11894618238784,15405.51280142649
2018-07-24 22:00:00,22,1,0,2178,2727.0,1690.0,2014.0431347079095,-549.0,549.0,163.95686529209047,163.95686529209047,26881.8536764087
2018-07-24 23:00:00,23,1,0,1269,2178.0,1182.0,1336.1970519127979,-909.0,909.0,-67.19705191279786,67.19705191279786,4515.443785771251
2018-07-25 00:00:00,0,2,0,664,1269.0,638.0,708.857494267301,-605.0,605.0,-44.857494267301036,44.857494267301036,2012.1947919409452
2018-07-25 01:00:00,1,2,0,388,664.0,391.0,408.9626839941226,-276.0,276.0,-20.962683994122585,20.962683994122585,439.4341202374432
2018-07-25 02:00:00,2,2,0,290,388.0,297.0,307.0999682522005,-98.0,98.0,-17.099968252200483,17.099968252200483,292.40891422626447
2018-07-25 03:00:00,3,2,0,372,290.0,390.0,353.2775105317414,82.0,82.0,18.722489468258573,18.722489468258573,350.5316118890532
2018-07-25 04:00:00,4,2,0,955,372.0,891.0,853.5668572108806,583.0,583.0,101.43314278911942,101.43314278911942,10288.682456077888
2018-07-25 05:00:00,5,2,0,3121,955.0,3184.0,2892.541393103712,2166.0,2166.0,228.45860689628807,228.45860689628807,52193.33506499269
2018-07-25 06:00:00,6,2,0,5926,3121.0,5782.0,5785.768619834382,2805.0,2805.0,140.23138016561825,140.23138016561825,19664.83998315415
2018-07-25 07:00:00,7,2,1,6595,5926.0,6409.0,6381.117641299679,669.0,669.0,213.88235870032076,213.88235870032076,45745.663363212676
2018-07-25 08:00:00,8,2,1,5651,6595.0,5658.0,5956.496097564624,-944.0,944.0,-305.4960975646236,305.4960975646236,93327.86562721402
2018-07-25 09:00:00,9,2,1,4974,5651.0,4984.0,5154.897503791713,-677.0,677.0,-180.89750379171255,180.89750379171255,32723.906878072656
2018-07-25 09:00:00,9,2,1,4974,4974.0,4386.0,5037.795486498006,0.0,0.0,-63.79548649800563,63.79548649800563,4069.864097517219
2018-07-25 10:00:00,10,2,0,4545,4974.0,4634.0,4572.254290499325,-429.0,429.0,-27.25429049932518,27.25429049932518,742.7963506216067
2018-07-25 11:00:00,11,2,0,4879,4545.0,4805.0,4785.68804573709,334.0,334.0,93.31195426291015,93.31195426291015,8707.120808363436
2018-07-25 12:00:00,12,2,0,4799,4879.0,4664.0,5057.221399206817,-80.0,80.0,-258.2213992068173,258.2213992068173,66678.2910083265
2018-07-25 13:00:00,13,2,0,4860,4799.0,4944.0,4941.957265788358,61.0,61.0,-81.9572657883582,81.9572657883582,6716.993415503589
2018-07-25 14:00:00,14,2,0,5032,4860.0,5699.0,5150.236434147492,172.0,172.0,-118.23643414749222,118.23643414749222,13979.854359914263
2018-07-25 15:00:00,15,2,0,5826,5032.0,6558.0,5613.064903070094,794.0,794.0,212.93509692990574,212.93509692990574,45341.35550454835
2018-07-25 15:00:00,15,2,0,5826,5826.0,5636.0,5859.154493221503,0.0,0.0,-33.15449322150289,33.15449322150289,1099.220420774681
2018-07-25 16:00:00,16,2,0,6668,5826.0,4430.0,6452.546494875574,842.0,842.0,215.45350512442565,215.45350512442565,46420.21287040091
2018-07-25 16:00:00,16,2,0,6668,6668.0,3371.0,6572.111484794363,0.0,0.0,95.8885152056373,95.8885152056373,9194.607348341737
2018-07-25 17:00:00,17,2,1,6108,6668.0,3266.0,6198.112625867753,-560.0,560.0,-90.1126258677532,90.1126258677532,8120.285340781662
2018-07-25 18:00:00,18,2,1,4459,6108.0,2727.0,4641.677981063664,-1649.0,1649.0,-182.67798106366445,182.67798106366445,33371.24476549654
2018-07-25 19:00:00,19,2,1,3473,4459.0,2178.0,3242.928389889077,-986.0,986.0,230.07161011092285,230.07161011092285,52932.945779032496
2018-07-25 20:00:00,20,2,0,3053,3473.0,1269.0,3067.0472683369544,-420.0,420.0,-14.047268336954403,14.047268336954403,197.32574773040173
2018-07-25 21:00:00,21,2,0,3072,3053.0,664.0,2779.415529989665,19.0,19.0,292.5844700103348,292.5844700103348,85605.67209122852
2018-07-25 22:00:00,22,2,0,2422,3072.0,388.0,2368.587541518004,-650.0,650.0,53.412458481996055,53.412458481996055,2852.8907210909524
2018-07-25 23:00:00,23,2,0,1922,2422.0,290.0,1371.4791767113738,-500.0,500.0,550.5208232886262,550.5208232886262,303073.1768743867
2018-07-26 00:00:00,0,3,0,750,1922.0,372.0,842.0877200504358,-1172.0,1172.0,-92.08772005043579,92.08772005043579,8480.148184087435
2018-07-26 01:00:00,1,3,0,411,750.0,955.0,448.9478935970741,-339.0,339.0,-37.947893597074085,37.947893597074085,1440.0426284548564
2018-07-26 02:00:00,2,3,0,306,411.0,3121.0,319.2476510955534,-105.0,105.0,-13.247651095553408,13.247651095553408,175.5002595495174
2018-07-26 03:00:00,3,3,0,409,306.0,5926.0,353.3940162810561,103.0,103.0,55.60598371894389,55.60598371894389,3092.025425351453
2018-07-26 04:00:00,4,3,0,911,409.0,6595.0,887.2630719021827,502.0,502.0,23.736928097817326,23.736928097817326,563.4417555209496
2018-07-26 05:00:00,5,3,0,3147,911.0,5651.0,2892.541393103712,2236.0,2236.0,254.45860689628807,254.45860689628807,64749.18262359966
2018-07-26 06:00:00,6,3,0,5813,3147.0,4974.0,5773.965337018543,2666.0,2666.0,39.03466298145668,39.03466298145668,1523.7049140759043
2018-07-26 07:00:00,7,3,1,6299,5813.0,4974.0,6383.3232820045805,486.0,486.0,-84.3232820045805,84.3232820045805,7110.41588802401
2018-07-26 08:00:00,8,3,1,5866,6299.0,4545.0,5871.80769135859,-433.0,433.0,-5.807691358590091,5.807691358590091,33.729278916642016
2018-07-26 09:00:00,9,3,1,4925,5866.0,4879.0,5184.925059158736,-941.0,941.0,-259.9250591587361,259.9250591587361,67561.03637867245
2018-07-26 10:00:00,10,3,0,4390,4925.0,4799.0,4620.678941416083,-535.0,535.0,-230.67894141608303,230.67894141608303,53212.77401284467
2018-07-26 11:00:00,11,3,0,4654,4390.0,4860.0,4544.52153901992,264.0,264.0,109.47846098007994,109.47846098007994,11985.533418566887
2018-07-26 12:00:00,12,3,0,4806,4654.0,5032.0,4873.203982506202,152.0,152.0,-67.20398250620201,67.20398250620201,4516.375264693906
2018-07-26 13:00:00,13,3,0,5029,4806.0,5826.0,4947.75603423798,223.0,223.0,81.2439657620198,81.2439657620198,6600.581972740245
2018-07-26 14:00:00,14,3,0,5264,5029.0,5826.0,5308.874342988631,235.0,235.0,-44.874342988630815,44.874342988630815,2013.7066586612796
2018-07-26 14:00:00,14,3,0,5264,5264.0,6668.0,5483.41826810864,0.0,0.0,-219.4182681086404,219.4182681086404,48144.376379795205
2018-07-26 14:00:00,14,3,0,5264,5264.0,6668.0,5478.374850858992,0.0,0.0,-214.37485085899243,214.37485085899243,45956.57668081525
2018-07-26 15:00:00,15,3,0,5752,5264.0,6108.0,5740.913432506573,488.0,488.0,11.086567493426628,11.086567493426628,122.91197878630399
2018-07-26 16:00:00,16,3,0,6566,5752.0,4459.0,6439.569138116802,814.0,814.0,126.4308618831983,126.4308618831983,15984.762836528365
2018-07-26 17:00:00,17,3,1,5905,6566.0,3473.0,6163.503647940694,-661.0,661.0,-258.50364794069355,258.50364794069355,66824.13599864604
2018-07-26 18:00:00,18,3,1,4555,5905.0,3053.0,4708.191719237213,-1350.0,1350.0,-153.19171923721296,153.19171923721296,23467.702842853083
2018-07-26 19:00:00,19,3,1,3707,4555.0,3072.0,3544.2664528008318,-848.0,848.0,162.73354719916824,162.73354719916824,26482.207384023917
2018-07-26 20:00:00,20,3,0,3154,3707.0,2422.0,3240.2133756954318,-553.0,553.0,-86.21337569543175,86.21337569543175,7432.7461488016625
2018-07-26 21:00:00,21,3,0,3206,3154.0,1922.0,3012.537332656777,52.0,52.0,193.46266734322307,193.46266734322307,37427.80365555459
2018-07-26 22:00:00,22,3,0,2959,3206.0,750.0,2685.7158369575186,-247.0,247.0,273.2841630424814,273.2841630424814,74684.23376982956
2018-07-26 23:00:00,23,3,0,1412,2959.0,411.0,1574.6504725357497,-1547.0,1547.0,-162.6504725357497,162.6504725357497,26455.17621610267
2018-07-27 00:00:00,0,4,0,774,1412.0,306.0,788.9685645564757,-638.0,638.0,-14.968564556475712,14.968564556475712,224.05792488138093
2018-07-27 01:00:00,1,4,0,456,774.0,409.0,466.6791987597326,-318.0,318.0,-10.679198759732628,10.679198759732628,114.04528614987491
2018-07-27 02:00:00,2,4,0,344,456.0,911.0,342.316692362377,-112.0,112.0,1.6833076376229883,1.6833076376229883,2.8335246028798857
2018-07-27 03:00:00,3,4,0,390,344.0,3147.0,358.07536121310864,46.0,46.0,31.924638786891364,31.924638786891364,1019.1825616734885
2018-07-27 04:00:00,4,4,0,836,390.0,5813.0,825.5476044854254,446.0,446.0,10.452395514574619,10.452395514574619,109.25257199309961
2018-07-27 05:00:00,5,4,0,2945,836.0,6299.0,2852.933935831569,2109.0,2109.0,92.06606416843078,92.06606416843078,8476.160171465615
2018-07-27 06:00:00,6,4,0,5353,2945.0,5866.0,5642.393908141228,2408.0,2408.0,-289.39390814122817,289.39390814122817,83748.8340692536
2018-07-27 07:00:00,7,4,1,5950,5353.0,4925.0,6132.406018937477,597.0,597.0,-182.4060189374768,182.4060189374768,33271.95574461915
2018-07-27 08:00:00,8,4,1,5232,5950.0,4390.0,5627.237279601749,-718.0,718.0,-395.2372796017489,395.2372796017489,156212.50718699105
2018-07-27 09:00:00,9,4,1,4674,5232.0,4654.0,4986.253874869302,-558.0,558.0,-312.2538748693023,312.2538748693023,97502.48237089391
2018-07-27 10:00:00,10,4,0,4571,4674.0,4806.0,4523.629351988524,-103.0,103.0,47.37064801147608,47.37064801147608,2243.9782930271626
2018-07-27 11:00:00,11,4,0,4813,4571.0,5029.0,4787.492747400888,242.0,242.0,25.50725259911178,25.50725259911178,650.6199351548946
2018-07-27 12:00:00,12,4,0,5121,4813.0,5264.0,5045.501560846818,308.0,308.0,75.49843915318161,75.49843915318161,5700.014314566665
2018-07-27 13:00:00,13,4,0,5228,5121.0,5264.0,5197.876147777419,107.0,107.0,30.123852222581263,30.123852222581263,907.446472727914
2018-07-27 14:00:00,14,4,0,5400,5228.0,5264.0,5462.677270440236,172.0,172.0,-62.67727044023559,62.67727044023559,3928.44022983843
2018-07-27 15:00:00,15,4,0,5795,5400.0,5752.0,5793.668516961575,395.0,395.0,1.3314830384251763,1.3314830384251763,1.7728470816139397
2018-07-27 16:00:00,16,4,0,6254,5795.0,6566.0,6077.88650528325,459.0,459.0,176.1134947167502,176.1134947167502,31015.963021346804
2018-07-27 17:00:00,17,4,1,5160,6254.0,5905.0,5584.9281992631095,-1094.0,1094.0,-424.9281992631095,424.9281992631095,180563.97452898888
2018-07-27 18:00:00,18,4,1,4303,5160.0,4555.0,4548.415540064399,-857.0,857.0,-245.41554006439856,245.41554006439856,60228.78730510041
2018-07-27 19:00:00,19,4,1,3506,4303.0,3707.0,3446.790912190041,-797.0,797.0,59.20908780995887,59.20908780995887,3505.7160792874206
2018-07-27 20:00:00,20,4,0,3184,3506.0,3154.0,3135.2860086436995,-322.0,322.0,48.71399135630054,48.71399135630054,2373.052953861724
2018-07-27 21:00:00,21,4,0,3191,3184.0,3206.0,3044.2878481732746,7.0,7.0,146.7121518267254,146.7121518267254,21524.455493628127
2018-07-27 22:00:00,22,4,0,3112,3191.0,2959.0,2893.9456927809833,-79.0,79.0,218.05430721901666,218.05430721901666,47547.680896765305
2018-07-27 23:00:00,23,4,0,2048,3112.0,1412.0,2201.429144363512,-1064.0,1064.0,-153.42914436351202,153.42914436351202,23540.502340119412
2018-07-28 00:00:00,0,5,0,1225,2048.0,774.0,1343.3391124266686,-823.0,823.0,-118.33911242666863,118.33911242666863,14004.145529931719
2018-07-28 01:00:00,1,5,0,871,1225.0,456.0,785.7746822957063,-354.0,354.0,85.22531770429373,85.22531770429373,7263.354777797802
2018-07-28 02:00:00,2,5,0,581,871.0,344.0,684.139592710564,-290.0,290.0,-103.13959271056399,103.13959271056399,10637.775584501023
2018-07-28 03:00:00,3,5,0,384,581.0,390.0,391.4230122366296,-197.0,197.0,-7.4230122366295745,7.4230122366295745,55.1011106651524
2018-07-28 04:00:00,4,5,0,451,384.0,836.0,396.5649537263861,67.0,67.0,54.43504627361392,54.43504627361392,2963.174262810489
2018-07-28 05:00:00,5,5,0,902,451.0,2945.0,809.6609592968643,451.0,451.0,92.33904070313565,92.33904070313565,8526.498437975342
2018-07-28 06:00:00,6,5,0,1530,902.0,5353.0,1405.2636863965097,628.0,628.0,124.73631360349032,124.73631360349032,15559.147931388283
2018-07-28 07:00:00,7,5,1,1974,1530.0,5950.0,2184.513482434526,444.0,444.0,-210.51348243452594,210.51348243452594,44315.92628671146
2018-07-28 08:00:00,8,5,1,2713,1974.0,5232.0,3051.8516758753826,739.0,739.0,-338.8516758753826,338.8516758753826,114820.45824355536
2018-07-28 09:00:00,9,5,1,3457,2713.0,4674.0,3463.6705264938523,744.0,744.0,-6.670526493852321,6.670526493852321,44.495923705185746
2018-07-28 10:00:00,10,5,0,3639,3457.0,4571.0,3866.594586976833,182.0,182.0,-227.59458697683294,227.59458697683294,51799.296021155176
2018-07-28 11:00:00,11,5,0,4009,3639.0,4813.0,3918.511155610659,370.0,370.0,90.48884438934101,90.48884438934101,8188.230958918372
2018-07-28 12:00:00,12,5,0,4158,4009.0,5121.0,4199.751347401397,149.0,149.0,-41.75134740139674,41.75134740139674,1743.1750098321186
2018-07-28 13:00:00,13,5,0,4229,4158.0,5228.0,4306.794487541167,71.0,71.0,-77.79448754116675,77.79448754116675,6051.982291792748
2018-07-28 14:00:00,14,5,0,4175,4229.0,5400.0,4381.227630003361,-54.0,54.0,-206.2276300033609,206.2276300033609,42529.83537680312
2018-07-28 15:00:00,15,5,0,3948,4175.0,5795.0,4303.1955199922495,-227.0,227.0,-355.1955199922495,355.1955199922495,126163.85742256451
2018-07-28 16:00:00,16,5,0,3974,3948.0,6254.0,4077.832420513142,26.0,26.0,-103.8324205131421,103.8324205131421,10781.171549617971
2018-07-28 17:00:00,17,5,1,4007,3974.0,5160.0,3787.685262967812,33.0,33.0,219.31473703218808,219.31473703218808,48098.95387949781
2018-07-28 18:00:00,18,5,1,3657,4007.0,4303.0,3809.3259407325636,-350.0,350.0,-152.3259407325636,152.3259407325636,23203.19222006048
2018-07-28 19:00:00,19,5,1,3247,3657.0,3506.0,3273.7534627667064,-410.0,410.0,-26.753462766706434,26.753462766706434,715.7477700095475
2018-07-28 20:00:00,20,5,0,2937,3247.0,3184.0,2904.1403645118976,-310.0,310.0,32.85963548810241,32.85963548810241,1079.7556444109596
2018-07-28 20:00:00,20,5,0,2937,2937.0,3191.0,2806.212189200746,0.0,0.0,130.7878107992542,130.7878107992542,17105.451453661513
2018-07-28 21:00:00,21,5,0,3001,2937.0,3112.0,2886.638835944273,64.0,64.0,114.36116405572693,114.36116405572693,13078.47584418089
2018-07-28 22:00:00,22,5,0,3005,3001.0,2048.0,2944.8936035161196,4.0,4.0,60.10639648388042,60.10639648388042,3612.7788982774323
2018-07-28 23:00:00,23,5,0,1968,3005.0,1225.0,2396.114218145536,-1037.0,1037.0,-428.11421814553614,428.11421814553614,183281.7837783637
2018-07-29 00:00:00,0,6,0,1487,1968.0,871.0,1294.4385343757986,-481.0,481.0,192.56146562420145,192.56146562420145,37079.91804334051
2018-07-29 01:00:00,1,6,0,924,1487.0,581.0,911.9366832280538,-563.0,563.0,12.063316771946234,12.063316771946234,145.5236115403193
2018-07-29 02:00:00,2,6,0,869,924.0,384.0,716.3807839542741,-55.0,55.0,152.61921604572592,152.61921604572592,23292.625106411964
2018-07-29 03:00:00,3,6,0,546,869.0,451.0,459.4590290968416,-323.0,323.0,86.54097090315838,86.54097090315838,7489.339644861306
2018-07-29 04:00:00,4,6,0,378,546.0,902.0,450.1105937506249,-168.0,168.0,-72.1105937506249,72.1105937506249,5199.937731067663
2018-07-29 05:00:00,5,6,0,657,378.0,1530.0,575.2558302332036,279.0,279.0,81.7441697667964,81.7441697667964,6682.109290862832
2018-07-29 06:00:00,6,6,0,1210,657.0,1974.0,989.1327046562875,553.0,553.0,220.8672953437125,220.8672953437125,48782.36215244672
2018-07-29 07:00:00,7,6,1,1286,1210.0,2713.0,1711.4937459692258,76.0,76.0,-425.49374596922576,425.49374596922576,181044.92785892403
2018-07-29 07:00:00,7,6,1,1286,1286.0,3457.0,1773.2813009006097,0.0,0.0,-487.2813009006097,487.2813009006097,237443.06620739054
2018-07-29 08:00:00,8,6,1,1866,1286.0,3639.0,1961.0970816186593,580.0,580.0,-95.09708161865933,95.09708161865933,9043.454932385954
2018-07-29 08:00:00,8,6,1,1866,1866.0,4009.0,2285.6014145750114,0.0,0.0,-419.6014145750114,419.6014145750114,176065.34711335058
2018-07-29 09:00:00,9,6,1,2855,1866.0,4158.0,2433.727253080162,989.0,989.0,421.272746919838,421.272746919838,177470.7272973859
2018-07-29 10:00:00,10,6,0,3500,2855.0,4229.0,3405.7194920423253,645.0,645.0,94.28050795767467,94.28050795767467,8888.814180757157
2018-07-29 11:00:00,11,6,0,3824,3500.0,4175.0,3772.0221611773404,324.0,324.0,51.97783882265958,51.97783882265958,2701.6957286743773
2018-07-29 12:00:00,12,6,0,4016,3824.0,3948.0,4027.5656856775977,192.0,192.0,-11.565685677597685,11.565685677597685,133.7650851929882
2018-07-29 13:00:00,13,6,0,4489,4016.0,3974.0,4162.4685735521125,473.0,473.0,326.5314264478875,326.5314264478875,106622.77245809216
2018-07-29 14:00:00,14,6,0,4435,4489.0,4007.0,4609.912935683061,-54.0,54.0,-174.91293568306082,174.91293568306082,30594.53506926657
2018-07-29 15:00:00,15,6,0,4412,4435.0,3657.0,4553.970739146232,-23.0,23.0,-141.9707391462316,141.9707391462316,20155.69077372734
2018-07-29 15:00:00,15,6,0,4412,4412.0,3247.0,4507.285578041539,0.0,0.0,-95.28557804153934,95.28557804153934,9079.341382710283
2018-07-29 16:00:00,16,6,0,4485,4412.0,2937.0,4507.285578041539,73.0,73.0,-22.28557804153934,22.28557804153934,496.6469886455403
2018-07-29 16:00:00,16,6,0,4485,4485.0,2937.0,4609.912935683061,0.0,0.0,-124.91293568306082,124.91293568306082,15603.24150096049
2018-07-29 16:00:00,16,6,0,4485,4485.0,3001.0,4609.912935683061,0.0,0.0,-124.91293568306082,124.91293568306082,15603.24150096049
2018-07-29 17:00:00,17,6,1,4146,4485.0,3005.0,4378.836621310909,-339.0,339.0,-232.83662131090932,232.83662131090932,54212.892223479794
2018-07-29 17:00:00,17,6,1,4146,4146.0,1968.0,3967.0976610362018,0.0,0.0,178.90233896379823,178.90233896379823,32006.04688671776
2018-07-29 18:00:00,18,6,1,3947,4146.0,1487.0,3881.8642383962683,-199.0,199.0,65.13576160373168,65.13576160373168,4242.667439698166
2018-07-29 19:00:00,19,6,1,3604,3947.0,924.0,3440.1096111131865,-343.0,343.0,163.89038888681353,163.89038888681353,26860.05956947097
2018-07-29 20:00:00,20,6,0,3344,3604.0,869.0,3094.552723017023,-260.0,260.0,249.4472769829772,249.4472769829772,62223.94399422215
2018-07-29 21:00:00,21,6,0,2794,3344.0,546.0,2951.2496670941528,-550.0,550.0,-157.24966709415276,157.24966709415276,24727.457801221866
2018-07-29 22:00:00,22,6,0,2084,2794.0,378.0,2340.9675776060544,-710.0,710.0,-256.9675776060544,256.9675776060544,66032.3359407236
2018-07-29 23:00:00,23,6,0,1224,2084.0,657.0,1459.6196329747959,-860.0,860.0,-235.61963297479588,235.61963297479588,55516.61144317751
2018-07-30 00:00:00,0,0,0,640,1224.0,1210.0,696.6041712822714,-584.0,584.0,-56.60417128227141,56.60417128227141,3204.0322065527193
2018-07-30 01:00:00,1,0,0,384,640.0,1286.0,395.0791742838303,-256.0,256.0,-11.079174283830298,11.079174283830298,122.7481028114866
2018-07-30 02:00:00,2,0,0,317,384.0,1286.0,300.70079610799485,-67.0,67.0,16.299203892005153,16.299203892005153,265.66404751315594
2018-07-30 03:00:00,3,0,0,333,317.0,1866.0,340.25745791637854,16.0,16.0,-7.2574579163785415,7.2574579163785415,52.670695408005564
2018-07-30 04:00:00,4,0,0,915,333.0,1866.0,836.9111792524359,582.0,582.0,78.08882074756411,78.08882074756411,6097.8639257452
2018-07-30 05:00:00,5,0,0,3051,915.0,2855.0,2892.541393103712,2136.0,2136.0,158.45860689628807,158.45860689628807,25109.130099512353
2018-07-30 06:00:00,6,0,0,5560,3051.0,3500.0,5623.915754859309,2509.0,2509.0,-63.915754859309345,63.915754859309345,4085.2237192353264
2018-07-30 07:00:00,7,0,1,6313,5560.0,3824.0,6310.056961728797,753.0,753.0,2.9430382712025676,2.9430382712025676,8.661474265762998
2018-07-30 07:00:00,7,0,1,6313,6313.0,4016.0,6376.256199380107,0.0,0.0,-63.25619938010732,63.25619938010732,4001.3467600158897
2018-07-30 08:00:00,8,0,1,5427,6313.0,4489.0,5824.169438517341,-886.0,886.0,-397.1694385173414,397.1694385173414,157743.56289218023
2018-07-30 09:00:00,9,0,1,4638,5427.0,4435.0,5004.436131688376,-789.0,789.0,-366.436131688376,366.436131688376,134275.43860674085
2018-07-30 10:00:00,10,0,0,4233,4638.0,4412.0,4363.3198539751675,-405.0,405.0,-130.31985397516746,130.31985397516746,16983.26434010897
2018-07-30 11:00:00,11,0,0,4491,4233.0,4412.0,4426.743192978774,258.0,258.0,64.25680702122645,64.25680702122645,4128.937248563137
2018-07-30 12:00:00,12,0,0,4522,4491.0,4485.0,4754.030901800299,31.0,31.0,-232.03090180029903,232.03090180029903,53838.339390260015
2018-07-30 13:00:00,13,0,0,4625,4522.0,4485.0,4773.155859731288,103.0,103.0,-148.15585973128782,148.15585973128782,21950.15877271703
2018-07-30 14:00:00,14,0,0,4808,4625.0,4485.0,4864.6351101652035,183.0,183.0,-56.635110165203514,56.635110165203514,3207.5357034247386
2018-07-30 15:00:00,15,0,0,5483,4808.0,4146.0,5378.441193667889,675.0,675.0,104.55880633211109,104.55880633211109,10932.543981595914
2018-07-30 16:00:00,16,0,0,5632,5483.0,4146.0,6268.240480561484,149.0,149.0,-636.2404805614842,636.2404805614842,404801.9491051084
2018-07-30 17:00:00,17,0,1,5590,5632.0,3947.0,5843.884877911624,-42.0,42.0,-253.88487791162424,253.88487791162424,64457.531232200345
2018-07-30 18:00:00,18,0,1,4288,5590.0,3604.0,4059.7605566591606,-1302.0,1302.0,228.23944334083944,228.23944334083944,52093.243496536255
2018-07-30 19:00:00,19,0,1,3190,4288.0,3344.0,3125.388522770595,-1098.0,1098.0,64.61147722940495,64.61147722940495,4174.6429897659145
2018-07-30 20:00:00,20,0,0,2911,3190.0,2794.0,2796.332337129236,-279.0,279.0,114.66766287076416,114.66766287076416,13148.672908243227
2018-07-30 21:00:00,21,0,0,2431,2911.0,2084.0,2577.000427190949,-480.0,480.0,-146.0004271909488,146.0004271909488,21316.124739939547
2018-07-30 22:00:00,22,0,0,1742,2431.0,1224.0,1750.1408489275736,-689.0,689.0,-8.140848927573643,8.140848927573643,66.27342126157693
2018-07-30 23:00:00,23,0,0,1116,1742.0,640.0,1157.582196479613,-626.0,626.0,-41.582196479613,41.582196479613,1729.07906406914
2018-07-31 00:00:00,0,1,0,625,1116.0,384.0,626.7874915276465,-491.0,491.0,-1.7874915276464662,1.7874915276464662,3.1951259614078977
2018-07-31 01:00:00,1,1,0,368,625.0,317.0,392.3677728872504,-257.0,257.0,-24.367772887250396,24.367772887250396,593.7883554846155
2018-07-31 02:00:00,2,1,0,299,368.0,333.0,288.22776650072393,-69.0,69.0,10.77223349927607,10.77223349927607,116.04101456292555
2018-07-31 03:00:00,3,1,0,352,299.0,915.0,352.5559738145683,53.0,53.0,-0.55597381456829,0.55597381456829,0.3091068824856153
2018-07-31 04:00:00,4,1,0,819,352.0,3051.0,851.5321710028013,467.0,467.0,-32.532171002801306,32.532171002801306,1058.342150155506
2018-07-31 05:00:00,5,1,0,2764,819.0,5560.0,2852.933935831569,1945.0,1945.0,-88.93393583156922,88.93393583156922,7909.24494249367
2018-07-31 06:00:00,6,1,0,4240,2764.0,6313.0,5598.737565386561,1476.0,1476.0,-1358.737565386561,1358.737565386561,1846167.7715925993
2018-07-31 07:00:00,7,1,1,5655,4240.0,6313.0,4438.594128870174,1415.0,1415.0,1216.4058711298258,1216.4058711298258,1479643.2433191102
2018-07-31 08:00:00,8,1,1,5960,5655.0,5427.0,5545.13038026048,305.0,305.0,414.8696197395202,414.8696197395202,172116.8013828141
2018-07-31 09:00:00,9,1,1,4925,5960.0,4638.0,5044.3056190518655,-1035.0,1035.0,-119.3056190518655,119.3056190518655,14233.830737348853
2018-07-31 10:00:00,10,1,0,4455,4925.0,4233.0,4454.022132318296,-470.0,470.0,0.9778676817040832,0.9778676817040832,0.9562252029213182
2018-07-31 11:00:00,11,1,0,4727,4455.0,4491.0,4723.58321938955,272.0,272.0,3.4167806104496776,3.4167806104496776,11.674389739944871
2018-07-31 12:00:00,12,1,0,4998,4727.0,4522.0,4894.609774391263,271.0,271.0,103.39022560873673,103.39022560873673,10689.53875142548
2018-07-31 13:00:00,13,1,0,4875,4998.0,4625.0,4963.036715897476,-123.0,123.0,-88.03671589747591,88.03671589747591,7750.463346012889
2018-07-31 14:00:00,14,1,0,4922,4875.0,4808.0,5133.870163073305,47.0,47.0,-211.87016307330487,211.87016307330487,44888.966000708795
2018-07-31 15:00:00,15,1,0,5722,4922.0,5483.0,5554.7673520294065,800.0,800.0,167.23264797059346,167.23264797059346,27966.75854725644
2018-07-31 16:00:00,16,1,0,6357,5722.0,5632.0,6432.017221005521,635.0,635.0,-75.0172210055207,75.0172210055207,5627.583447391135
2018-07-31 17:00:00,17,1,1,5912,6357.0,5590.0,6081.961445278992,-445.0,445.0,-169.96144527899196,169.96144527899196,28886.89288132378
2018-07-31 18:00:00,18,1,1,4740,5912.0,4288.0,4375.332069487504,-1172.0,1172.0,364.66793051249624,364.66793051249624,132982.6995442668
2018-07-31 19:00:00,19,1,1,3288,4740.0,3190.0,3378.3666821801125,-1452.0,1452.0,-90.36668218011255,90.36668218011255,8166.137248241471
2018-07-31 20:00:00,20,1,0,3076,3288.0,2911.0,2855.6478254494564,-212.0,212.0,220.35217455054362,220.35217455054362,48555.080829153245
2018-07-31 21:00:00,21,1,0,2686,3076.0,2431.0,2719.201989278444,-390.0,390.0,-33.201989278444216,33.201989278444216,1102.3720920459248
2018-07-31 22:00:00,22,1,0,2152,2686.0,1742.0,2049.958939105135,-534.0,534.0,102.04106089486504,102.04106089486504,10412.378108549556
2018-07-31 23:00:00,23,1,0,1263,2152.0,1116.0,1333.0865573093342,-889.0,889.0,-70.08655730933424,70.08655730933424,4912.125515474592
2018-08-01 00:00:00,0,2,0,662,1263.0,625.0,697.9266988825686,-601.0,601.0,-35.926698882568644,35.926698882568644,1290.727692598759
2018-08-01 01:00:00,1,2,0,398,662.0,368.0,410.7886194263697,-264.0,264.0,-12.788619426369678,12.788619426369678,163.5487868325199
2018-08-01 02:00:00,2,2,0,352,398.0,299.0,316.1186471414344,-46.0,46.0,35.881352858565606,35.881352858565606,1287.4714829608943
2018-08-01 03:00:00,3,2,0,409,352.0,352.0,358.07536121310864,57.0,57.0,50.924638786891364,50.924638786891364,2593.3188355753605
2018-08-01 04:00:00,4,2,0,908,409.0,819.0,867.6173025200669,499.0,499.0,40.382697479933086,40.382697479933086,1630.762255755794
2018-08-01 05:00:00,5,2,0,3063,908.0,2764.0,2892.541393103712,2155.0,2155.0,170.45860689628807,170.45860689628807,29056.136665023267
2018-08-01 05:00:00,5,2,0,3063,3063.0,4240.0,3041.5825746378773,0.0,0.0,21.417425362122685,21.417425362122685,458.706109142096
2018-08-01 06:00:00,6,2,0,5431,3063.0,5655.0,5758.663397397808,2368.0,2368.0,-327.6633973978078,327.6633973978078,107363.30199427372
2018-08-01 06:00:00,6,2,0,5431,5431.0,5960.0,5602.507229350513,0.0,0.0,-171.50722935051272,171.50722935051272,29414.72971948937
2018-08-01 07:00:00,7,2,1,5853,5431.0,4925.0,6295.440829697968,422.0,422.0,-442.4408296979682,442.4408296979682,195753.88778382647
2018-08-01 07:00:00,7,2,1,5853,5853.0,4455.0,6378.3829482878255,0.0,0.0,-525.3829482878255,525.3829482878255,276027.2423516079
2018-08-01 08:00:00,8,2,1,5873,5853.0,4727.0,5634.992872064302,20.0,20.0,238.007127935698,238.007127935698,56647.39294819972
2018-08-01 09:00:00,9,2,1,5068,5873.0,4998.0,5156.001855842024,-805.0,805.0,-88.00185584202427,88.00185584202427,7744.3266316404215
2018-08-01 09:00:00,9,2,1,5068,5068.0,4875.0,5044.180159226341,0.0,0.0,23.819840773659053,23.819840773659053,567.3848144824702
2018-08-01 10:00:00,10,2,0,4665,5068.0,4922.0,4571.757815729174,-403.0,403.0,93.24218427082633,93.24218427082633,8694.104927594733
2018-08-01 11:00:00,11,2,0,4986,4665.0,5722.0,4879.942160998659,321.0,321.0,106.05783900134065,106.05783900134065,11248.265213634295
2018-08-01 12:00:00,12,2,0,5141,4986.0,6357.0,5085.250299216085,155.0,155.0,55.749700783914705,55.749700783914705,3108.0291374960198
2018-08-01 13:00:00,13,2,0,4874,5141.0,5912.0,5202.850568953646,-267.0,267.0,-328.85056895364596,328.85056895364596,108142.69670113665
2018-08-01 14:00:00,14,2,0,5044,4874.0,4740.0,5132.62451793401,170.0,170.0,-88.62451793401033,88.62451793401033,7854.3051790357185
2018-08-01 15:00:00,15,2,0,5655,5044.0,3288.0,5626.488078979257,611.0,611.0,28.511921020743102,28.511921020743102,812.9296402930923
2018-08-01 15:00:00,15,2,0,5655,5655.0,3076.0,5851.789349175133,0.0,0.0,-196.78934917513288,196.78934917513288,38726.04794877237
2018-08-01 16:00:00,16,2,0,6455,5655.0,2686.0,6267.33801594044,800.0,800.0,187.66198405956038,187.66198405956038,35217.02026117069
2018-08-01 17:00:00,17,2,1,5773,6455.0,2152.0,6146.333297390369,-682.0,682.0,-373.3332973903689,373.3332973903689,139377.75094036563
2018-08-01 18:00:00,18,2,1,4500,5773.0,1263.0,4495.759746858817,-1273.0,1273.0,4.24025314118262,4.24025314118262,17.97974670130908
2018-08-01 19:00:00,19,2,1,3389,4500.0,662.0,3360.960348756221,-1111.0,1111.0,28.03965124377919,28.03965124377919,786.2220418727678
2018-08-01 20:00:00,20,2,0,2992,3389.0,398.0,2981.153464769703,-397.0,397.0,10.846535230296922,10.846535230296922,117.6473265020723
2018-08-01 21:00:00,21,2,0,2559,2992.0,352.0,2697.2851662814182,-433.0,433.0,-138.28516628141824,138.28516628141824,19122.787213479492
2018-08-01 22:00:00,22,2,0,2344,2559.0,409.0,1911.7624875722106,-215.0,215.0,432.2375124277894,432.2375124277894,186829.2671497634
2018-08-01 23:00:00,23,2,0,1320,2344.0,908.0,1587.9917515760812,-1024.0,1024.0,-267.99175157608124,267.99175157608124,71819.57891281604
2018-08-02 00:00:00,0,3,0,709,1320.0,3063.0,729.1129425429023,-611.0,611.0,-20.11294254290226,20.11294254290226,404.53045773408763
2018-08-02 01:00:00,1,3,0,413,709.0,3063.0,439.58555886609827,-296.0,296.0,-26.585558866098268,26.585558866098268,706.7919402227762
2018-08-02 02:00:00,2,3,0,324,413.0,5431.0,319.47808725231704,-89.0,89.0,4.521912747682961,4.521912747682961,20.44769489765767
2018-08-02 03:00:00,3,3,0,403,324.0,5431.0,353.55428047775604,79.0,79.0,49.44571952224396,49.44571952224396,2444.8791790724176
2018-08-02 04:00:00,4,3,0,887,403.0,5853.0,885.0943461609656,484.0,484.0,1.9056538390343576,1.9056538390343576,3.631516554226385
2018-08-02 05:00:00,5,3,0,3091,887.0,5853.0,2892.541393103712,2204.0,2204.0,198.45860689628807,198.45860689628807,39385.8186512154
2018-08-02 06:00:00,6,3,0,5589,3091.0,5873.0,5757.48535701465,2498.0,2498.0,-168.4853570146497,168.4853570146497,28387.31552835397
2018-08-02 07:00:00,7,3,1,6435,5589.0,5068.0,6314.482063992732,846.0,846.0,120.51793600726796,120.51793600726796,14524.572899451936
2018-08-02 08:00:00,8,3,1,5736,6435.0,5068.0,5909.948760844061,-699.0,699.0,-173.94876084406133,173.94876084406133,30258.171399184444
2018-08-02 09:00:00,9,3,1,4976,5736.0,4665.0,5162.79665361768,-760.0,760.0,-186.79665361768002,186.79665361768002,34892.98980276353
2018-08-02 10:00:00,10,3,0,4388,4976.0,4986.0,4617.751939276794,-588.0,588.0,-229.75193927679356,229.75193927679356,52785.953601447436
2018-08-02 11:00:00,11,3,0,4652,4388.0,5141.0,4543.643400114636,264.0,264.0,108.35659988536372,108.35659988536372,11741.152738716804
2018-08-02 12:00:00,12,3,0,4977,4652.0,4874.0,4873.203982506202,325.0,325.0,103.79601749379799,103.79601749379799,10773.61324757282
2018-08-02 13:00:00,13,3,0,4931,4977.0,5044.0,4969.693749539547,-46.0,46.0,-38.69374953954684,38.69374953954684,1497.2062534291815
2018-08-02 14:00:00,14,3,0,5104,4931.0,5655.0,5203.581212208939,173.0,173.0,-99.58121220893918,99.58121220893918,9916.417825001778
2018-08-02 15:00:00,15,3,0,5707,5104.0,5655.0,5660.646942844108,603.0,603.0,46.3530571558922,46.3530571558922,2148.6059076974093
2018-08-02 16:00:00,16,3,0,6303,5707.0,6455.0,6359.949081515241,596.0,596.0,-56.94908151524123,56.94908151524123,3243.1978854295908
2018-08-02 17:00:00,17,3,1,5783,6303.0,5773.0,5977.1069105934075,-520.0,520.0,-194.10691059340752,194.10691059340752,37677.4927401171
2018-08-02 18:00:00,18,3,1,4569,5783.0,4500.0,4470.333375891939,-1214.0,1214.0,98.66662410806111,98.66662410806111,9735.102712881428
2018-08-02 19:00:00,19,3,1,3570,4569.0,3389.0,3533.528991638726,-999.0,999.0,36.471008361274016,36.471008361274016,1330.1344508881193
2018-08-02 20:00:00,20,3,0,3103,3570.0,2992.0,3151.2302540502938,-467.0,467.0,-48.23025405029375,48.23025405029375,2326.157405755877
2018-08-02 21:00:00,21,3,0,3023,3103.0,2559.0,3005.5289361050004,-80.0,80.0,17.47106389499959,17.47106389499959,305.2380736231582
2018-08-02 22:00:00,22,3,0,2303,3023.0,2344.0,2568.1107916522587,-720.0,720.0,-265.11079165225874,265.11079165225874,70283.73185048734
2018-08-02 23:00:00,23,3,0,1379,2303.0,1320.0,1415.891598787606,-924.0,924.0,-36.89159878760597,36.89159878760597,1360.9900611056903
2018-08-03 00:00:00,0,4,0,778,1379.0,709.0,1019.9874860704917,-601.0,601.0,-241.98748607049174,241.98748607049174,58557.943414716436
2018-08-03 01:00:00,1,4,0,435,778.0,413.0,475.0159545237741,-343.0,343.0,-40.0159545237741,40.0159545237741,1601.2766164487568
2018-08-03 02:00:00,2,4,0,371,435.0,324.0,339.36118592095414,-64.0,64.0,31.638814079045858,31.638814079045858,1001.0145563284304
2018-08-03 03:00:00,3,4,0,398,371.0,403.0,380.16458860435756,27.0,27.0,17.83541139564244,17.83541139564244,318.1018996518122
2018-08-03 04:00:00,4,4,0,853,398.0,887.0,820.8773521726134,455.0,455.0,32.12264782738657,32.12264782738657,1031.8645034423032
2018-08-03 05:00:00,5,4,0,2900,853.0,3091.0,2855.212421305396,2047.0,2047.0,44.78757869460378,44.78757869460378,2005.9272053253264
2018-08-03 06:00:00,6,4,0,5265,2900.0,5589.0,5617.656296554592,2365.0,2365.0,-352.6562965545918,352.6562965545918,124366.46349960018
2018-08-03 07:00:00,7,4,1,5783,5265.0,6435.0,6094.925539629595,518.0,518.0,-311.9255396295948,311.9255396295948,97297.54227321393
2018-08-03 08:00:00,8,4,1,5213,5783.0,5736.0,5545.160706914121,-570.0,570.0,-332.16070691412096,332.16070691412096,110330.73521768856
2018-08-03 09:00:00,9,4,1,4577,5213.0,4976.0,4965.094117715798,-636.0,636.0,-388.09411771579835,388.09411771579835,150617.04420560395
2018-08-03 10:00:00,10,4,0,4384,4577.0,4388.0,4426.022616847143,-193.0,193.0,-42.02261684714267,42.02261684714267,1765.900326681759
2018-08-03 10:00:00,10,4,0,4384,4384.0,4652.0,4506.008734874957,0.0,0.0,-122.00873487495664,122.00873487495664,14886.131385787461
2018-08-03 11:00:00,11,4,0,4820,4384.0,4977.0,4543.643400114636,436.0,436.0,276.3565998853637,276.3565998853637,76372.97030019901
2018-08-03 11:00:00,11,4,0,4820,4820.0,4931.0,5049.349492914579,0.0,0.0,-229.34949291457906,229.34949291457906,52601.18990017455
2018-08-03 11:00:00,11,4,0,4820,4820.0,5104.0,5048.001530926893,0.0,0.0,-228.00153092689288,228.00153092689288,51984.69810500689
2018-08-03 12:00:00,12,4,0,5073,4820.0,5707.0,5048.001530926893,253.0,253.0,24.998469073107117,24.998469073107117,624.923455999093
2018-08-03 13:00:00,13,4,0,5067,5073.0,6303.0,5129.061316948547,-6.0,6.0,-62.061316948546846,62.061316948546846,3851.607061387988
2018-08-03 14:00:00,14,4,0,5456,5067.0,5783.0,5300.816055214054,389.0,389.0,155.18394478594564,155.18394478594564,24082.056719327426
2018-08-03 15:00:00,15,4,0,5646,5456.0,4569.0,5842.164215391724,190.0,190.0,-196.1642153917237,196.1642153917237,38480.39940025057
2018-08-03 16:00:00,16,4,0,5888,5646.0,3570.0,5966.441190417341,242.0,242.0,-78.4411904173412,78.4411904173412,6153.020354089582
2018-08-03 17:00:00,17,4,1,5135,5888.0,3103.0,5513.142983898932,-753.0,753.0,-378.14298389893156,378.14298389893156,142992.11627198762
2018-08-03 18:00:00,18,4,1,4753,5135.0,3023.0,4614.156825679439,-382.0,382.0,138.84317432056105,138.84317432056105,19277.427055409702
2018-08-03 19:00:00,19,4,1,3767,4753.0,2303.0,3696.4395510924724,-986.0,986.0,70.56044890752764,70.56044890752764,4978.776950031819
2018-08-03 20:00:00,20,4,0,3461,3767.0,1379.0,3260.7773732653527,-306.0,306.0,200.2226267346473,200.2226267346473,40089.100256521895
2018-08-03 21:00:00,21,4,0,2632,3461.0,778.0,3203.4931872356683,-829.0,829.0,-571.4931872356683,571.4931872356683,326604.4630567826
2018-08-03 21:00:00,21,4,0,2632,2632.0,435.0,2695.531739500879,0.0,0.0,-63.53173950087921,63.53173950087921,4036.281924007576
2018-08-03 21:00:00,21,4,0,2632,2632.0,371.0,2660.3465575955634,0.0,0.0,-28.346557595563354,28.346557595563354,803.5273275185905
2018-08-03 22:00:00,22,4,0,2594,2632.0,398.0,2665.5110157299846,-38.0,38.0,-71.51101572998459,71.51101572998459,5113.825370734104
2018-08-03 22:00:00,22,4,0,2594,2594.0,853.0,2548.264848567948,0.0,0.0,45.735151432052135,45.735151432052135,2091.7040765127404
2018-08-03 22:00:00,22,4,0,2594,2594.0,2900.0,2558.906600968542,0.0,0.0,35.09339903145792,35.09339903145792,1231.5466555811317
2018-08-03 23:00:00,23,4,0,1833,2594.0,5265.0,2100.0199590247616,-761.0,761.0,-267.01995902476165,267.01995902476165,71299.65851758538
2018-08-03 23:00:00,23,4,0,1833,1833.0,5783.0,1394.2241826066186,0.0,0.0,438.77581739338143,438.77581739338143,192524.21792923
2018-08-04 00:00:00,0,5,0,1078,1833.0,5213.0,1329.9458446632007,-755.0,755.0,-251.94584466320066,251.94584466320066,63476.70864305364
2018-08-04 00:00:00,0,5,0,1078,1078.0,4577.0,1095.824561723942,0.0,0.0,-17.824561723941997,17.824561723941997,317.7150006506181
2018-08-04 01:00:00,1,5,0,668,1078.0,4384.0,730.3911391085911,-410.0,410.0,-62.39113910859112,62.39113910859112,3892.6542392675683
2018-08-04 01:00:00,1,5,0,668,668.0,4384.0,646.3114141146069,0.0,0.0,21.68858588539308,21.68858588539308,470.394757708072
2018-08-04 02:00:00,2,5,0,519,668.0,4820.0,575.0686818537375,-149.0,149.0,-56.06868185373753,56.06868185373753,3143.697084815636
2018-08-04 03:00:00,3,5,0,362,519.0,4820.0,385.57770184812244,-157.0,157.0,-23.577701848122445,23.577701848122445,555.9080244389565
2018-08-04 04:00:00,4,5,0,423,362.0,4820.0,384.69990606002665,61.0,61.0,38.30009393997335,38.30009393997335,1466.8971958107834
2018-08-04 05:00:00,5,5,0,850,423.0,5073.0,776.8516314795608,427.0,427.0,73.14836852043925,73.14836852043925,5350.683817201988
2018-08-04 06:00:00,6,5,0,1427,850.0,5067.0,1080.455989390387,577.0,577.0,346.544010609613,346.544010609613,120092.75128939557
2018-08-04 06:00:00,6,5,0,1427,1427.0,5456.0,1507.6599659833414,0.0,0.0,-80.65996598334141,80.65996598334141,6506.030112433793
2018-08-04 07:00:00,7,5,1,1817,1427.0,5646.0,1927.353434630234,390.0,390.0,-110.353434630234,110.353434630234,12177.88053468933
2018-08-04 08:00:00,8,5,1,2559,1817.0,5888.0,2150.811729086103,742.0,742.0,408.1882709138972,408.1882709138972,166617.66451167714
2018-08-04 08:00:00,8,5,1,2559,2559.0,5135.0,3195.110268948703,0.0,0.0,-636.1102689487029,636.1102689487029,404636.27426199114
2018-08-04 09:00:00,9,5,1,3477,2559.0,4753.0,3192.033210106214,918.0,918.0,284.966789893786,284.966789893786,81206.07134236916
2018-08-04 10:00:00,10,5,0,3962,3477.0,3767.0,3766.08551509802,485.0,485.0,195.9144849019799,195.9144849019799,38382.48539440811
2018-08-04 11:00:00,11,5,0,4236,3962.0,3461.0,4069.018825768049,274.0,274.0,166.98117423195117,166.98117423195117,27882.712547881234
2018-08-04 11:00:00,11,5,0,4236,4236.0,2632.0,4356.288401006139,0.0,0.0,-120.28840100613888,120.28840100613888,14469.299416613674
2018-08-04 12:00:00,12,5,0,4263,4236.0,2632.0,4356.288401006139,27.0,27.0,-93.28840100613888,93.28840100613888,8702.725762282174
2018-08-04 12:00:00,12,5,0,4263,4263.0,2632.0,4378.954469112227,0.0,0.0,-115.95446911222734,115.95446911222734,13445.438907098485
2018-08-04 13:00:00,13,5,0,4552,4263.0,2594.0,4377.832190947095,289.0,289.0,174.1678090529049,174.1678090529049,30334.42571028914
2018-08-04 13:00:00,13,5,0,4552,4552.0,2594.0,4629.751143539808,0.0,0.0,-77.75114353980825,77.75114353980825,6045.240321747867
2018-08-04 13:00:00,13,5,0,4552,4552.0,2594.0,4629.751143539808,0.0,0.0,-77.75114353980825,77.75114353980825,6045.240321747867
2018-08-04 14:00:00,14,5,0,4379,4552.0,1833.0,4629.751143539808,-173.0,173.0,-250.75114353980825,250.75114353980825,62876.13598652152
2018-08-04 14:00:00,14,5,0,4379,4379.0,1833.0,4425.124588597224,0.0,0.0,-46.12458859722392,46.12458859722392,2127.477673263159
2018-08-04 15:00:00,15,5,0,4493,4379.0,1078.0,4428.21315898915,114.0,114.0,64.78684101085037,64.78684101085037,4197.334768165203
2018-08-04 16:00:00,16,5,0,4300,4493.0,1078.0,4614.139394319256,-193.0,193.0,-314.1393943192561,314.1393943192561,98683.55906326907
2018-08-04 17:00:00,17,5,1,4602,4300.0,668.0,4117.020264114972,302.0,302.0,484.9797358850283,484.9797358850283,235205.34421911178
2018-08-04 18:00:00,18,5,1,4087,4602.0,668.0,4252.349735182801,-515.0,515.0,-165.34973518280094,165.34973518280094,27340.5349250224
2018-08-04 19:00:00,19,5,1,3237,4087.0,519.0,3439.824167206447,-850.0,850.0,-202.82416720644687,202.82416720644687,41137.64280298872
2018-08-04 20:00:00,20,5,0,2962,3237.0,362.0,2973.644421787639,-275.0,275.0,-11.644421787639203,11.644421787639203,135.59255876844657
2018-08-04 21:00:00,21,5,0,2938,2962.0,423.0,2957.7148085923686,-24.0,24.0,-19.714808592368627,19.714808592368627,388.67367783373186
2018-08-04 22:00:00,22,5,0,2573,2938.0,850.0,2904.867114681562,-365.0,365.0,-331.8671146815618,331.8671146815618,110135.78180706491
2018-08-04 23:00:00,23,5,0,2015,2573.0,1427.0,2098.1133108879053,-558.0,558.0,-83.1133108879053,83.1133108879053,6907.8224467495975
2018-08-05 00:00:00,0,6,0,1323,2015.0,1427.0,1381.6849673211848,-692.0,692.0,-58.684967321184786,58.684967321184786,3443.9253894885264
2018-08-05 01:00:00,1,6,0,812,1323.0,1817.0,876.6729421856741,-511.0,511.0,-64.67294218567406,64.67294218567406,4182.589450951539
2018-08-05 02:00:00,2,6,0,689,812.0,2559.0,614.2859723848446,-123.0,123.0,74.71402761515537,74.71402761515537,5582.1859224782
2018-08-05 03:00:00,3,6,0,396,689.0,2559.0,422.86163022012096,-293.0,293.0,-26.861630220120958,26.861630220120958,721.5471780825155
2018-08-05 04:00:00,4,6,0,356,396.0,3477.0,358.9247064655873,-40.0,40.0,-2.924706465587292,2.924706465587292,8.553907909848109
2018-08-05 04:00:00,4,6,0,356,356.0,3962.0,321.69866138550924,0.0,0.0,34.30133861449076,34.30133861449076,1176.581830745955
2018-08-05 05:00:00,5,6,0,504,356.0,4236.0,609.1788745424935,148.0,148.0,-105.17887454249353,105.17887454249353,11062.595650025594
2018-08-05 06:00:00,6,6,0,962,504.0,4236.0,843.408278360411,458.0,458.0,118.59172163958897,118.59172163958897,14063.996441441754
2018-08-05 06:00:00,6,6,0,962,962.0,4263.0,1096.6661252835754,0.0,0.0,-134.6661252835754,134.6661252835754,18134.965298891628
2018-08-05 07:00:00,7,6,1,1210,962.0,4263.0,1145.8918371753225,248.0,248.0,64.10816282467749,64.10816282467749,4109.8565407553615
2018-08-05 08:00:00,8,6,1,1903,1210.0,4552.0,1911.1790853452942,693.0,693.0,-8.179085345294197,8.179085345294197,66.8974370856063
2018-08-05 09:00:00,9,6,1,3030,1903.0,4552.0,2686.213767329047,1127.0,1127.0,343.7862326709528,343.7862326709528,118188.97377408651
2018-08-05 10:00:00,10,6,0,3735,3030.0,4552.0,3512.0848912090446,705.0,705.0,222.9151087909554,222.9151087909554,49691.14572728348
2018-08-05 11:00:00,11,6,0,4072,3735.0,4379.0,3982.637778772398,337.0,337.0,89.36222122760182,89.36222122760182,7985.606582730849
2018-08-05 12:00:00,12,6,0,4454,4072.0,4379.0,4249.126602905508,382.0,382.0,204.87339709449225,204.87339709449225,41973.10883703751
2018-08-05 13:00:00,13,6,0,4507,4454.0,4493.0,4589.510955637368,53.0,53.0,-82.51095563736817,82.51095563736817,6808.057800191738
2018-08-05 14:00:00,14,6,0,4396,4507.0,4300.0,4619.291617641228,-111.0,111.0,-223.29161764122819,223.29161764122819,49859.14650883645
2018-08-05 15:00:00,15,6,0,4595,4396.0,4602.0,4427.815419566182,199.0,199.0,167.18458043381816,167.18458043381816,27950.683934831814
2018-08-05 16:00:00,16,6,0,4875,4595.0,4087.0,4670.823379190415,280.0,280.0,204.17662080958507,204.17662080958507,41688.09248522109
2018-08-05 17:00:00,17,6,1,4555,4875.0,3237.0,4689.739687673359,-320.0,320.0,-134.73968767335919,134.73968767335919,18154.78343431438
2018-08-05 18:00:00,18,6,1,4229,4555.0,2962.0,4212.8376347652675,-326.0,326.0,16.162365234732533,16.162365234732533,261.2220499808908
2018-08-05 19:00:00,19,6,1,3684,4229.0,2938.0,3459.085409816361,-545.0,545.0,224.91459018363912,224.91459018363912,50586.57287747433
2018-08-05 20:00:00,20,6,0,3316,3684.0,2573.0,3094.3757472017155,-368.0,368.0,221.6242527982845,221.6242527982845,49117.30942839791
2018-08-05 21:00:00,21,6,0,2735,3316.0,2015.0,2812.7628331147703,-581.0,581.0,-77.76283311477027,77.76283311477027,6047.058214035612
2018-08-05 22:00:00,22,6,0,2109,2735.0,1323.0,2003.072651697113,-626.0,626.0,105.92734830288691,105.92734830288691,11220.603118481118
2018-08-05 23:00:00,23,6,0,1560,2109.0,812.0,1467.9085375684529,-549.0,549.0,92.09146243154714,92.09146243154714,8480.83745278106
2018-08-06 00:00:00,0,0,0,703,1560.0,689.0,839.0515874703333,-857.0,857.0,-136.0515874703333,136.0515874703333,18510.03445319775
2018-08-06 01:00:00,1,0,0,421,703.0,396.0,438.4523876721538,-282.0,282.0,-17.452387672153804,17.452387672153804,304.5858354591461
2018-08-06 02:00:00,2,0,0,327,421.0,356.0,324.9282027829802,-94.0,94.0,2.071797217019821,2.071797217019821,4.2923437084510745
2018-08-06 03:00:00,3,0,0,375,327.0,356.0,339.50536834828256,48.0,48.0,35.49463165171744,35.49463165171744,1259.8688760911016
2018-08-06 03:00:00,3,0,0,375,375.0,504.0,374.53435544405295,0.0,0.0,0.46564455594705123,0.46564455594705123,0.21682485248312652
2018-08-06 04:00:00,4,0,0,890,375.0,962.0,851.6533027061475,515.0,515.0,38.34669729385246,38.34669729385246,1470.4691933463514
2018-08-06 04:00:00,4,0,0,890,890.0,962.0,889.5411692364145,0.0,0.0,0.45883076358552444,0.45883076358552444,0.21052566961247543
2018-08-06 05:00:00,5,0,0,3047,890.0,1210.0,2892.541393103712,2157.0,2157.0,154.45860689628807,154.45860689628807,23857.46124434205
2018-08-06 05:00:00,5,0,0,3047,3047.0,1903.0,3022.9240041931207,0.0,0.0,24.07599580687929,24.07599580687929,579.6535740928692
2018-08-06 06:00:00,6,0,0,5580,3047.0,3030.0,5634.032326177982,2533.0,2533.0,-54.03232617798221,54.03232617798221,2919.492272203862
2018-08-06 06:00:00,6,0,0,5580,5580.0,3735.0,5625.544178089139,0.0,0.0,-45.54417808913877,45.54417808913877,2074.2721578151877
2018-08-06 07:00:00,7,0,1,6280,5580.0,4072.0,6312.355315085014,700.0,700.0,-32.3553150850139,32.3553150850139,1046.866414250528
2018-08-06 07:00:00,7,0,1,6280,6280.0,4454.0,6376.256199380107,0.0,0.0,-96.25619938010732,96.25619938010732,9265.255919102972
2018-08-06 08:00:00,8,0,1,5582,6280.0,4507.0,5830.873921234827,-698.0,698.0,-248.87392123482732,248.87392123482732,61938.228670799035
2018-08-06 08:00:00,8,0,1,5582,5582.0,4396.0,5630.077005559924,0.0,0.0,-48.077005559924146,48.077005559924146,2311.398463608977
2018-08-06 09:00:00,9,0,1,4694,5582.0,4595.0,5149.727757847754,-888.0,888.0,-455.7277578477542,455.7277578477542,207687.7892729413
2018-08-06 09:00:00,9,0,1,4694,4694.0,4875.0,4574.681973416317,0.0,0.0,119.3180265836827,119.3180265836827,14236.79146782441
2018-08-06 10:00:00,10,0,0,4357,4694.0,4555.0,4468.790780240454,-337.0,337.0,-111.7907802404543,111.7907802404543,12497.178546769546
2018-08-06 11:00:00,11,0,0,4432,4357.0,4229.0,4535.94135547545,75.0,75.0,-103.94135547545011,103.94135547545011,10803.805378073883
2018-08-06 12:00:00,12,0,0,4606,4432.0,3684.0,4677.6586783757,174.0,174.0,-71.65867837570022,71.65867837570022,5134.966186552047
2018-08-06 13:00:00,13,0,0,4669,4606.0,3316.0,4856.94766068346,63.0,63.0,-187.94766068345962,187.94766068345962,35324.323156384875
2018-08-06 14:00:00,14,0,0,4814,4669.0,2735.0,4887.0179564261725,145.0,145.0,-73.01795642617253,73.01795642617253,5331.621960654431
2018-08-06 15:00:00,15,0,0,5395,4814.0,2109.0,5399.949760001344,581.0,581.0,-4.949760001343748,4.949760001343748,24.50012407090246
2018-08-06 16:00:00,16,0,0,6651,5395.0,1560.0,6152.661036974943,1256.0,1256.0,498.3389630250567,498.3389630250567,248341.72206888886
2018-08-06 17:00:00,17,0,1,5590,6651.0,703.0,6194.219654756119,-1061.0,1061.0,-604.2196547561189,604.2196547561189,365081.39119360346
2018-08-06 18:00:00,18,0,1,4308,5590.0,421.0,4230.89138954618,-1282.0,1282.0,77.10861045381989,77.10861045381989,5945.737806118942
2018-08-06 19:00:00,19,0,1,3314,4308.0,327.0,3123.654985254073,-994.0,994.0,190.34501474592707,190.34501474592707,36231.224638627195
2018-08-06 20:00:00,20,0,0,2795,3314.0,375.0,2868.746957708258,-519.0,519.0,-73.74695770825792,73.74695770825792,5438.613771223583
2018-08-06 21:00:00,21,0,0,2330,2795.0,375.0,2533.0491874510103,-465.0,465.0,-203.0491874510103,203.0491874510103,41228.97252451552
2018-08-06 22:00:00,22,0,0,1723,2330.0,890.0,1718.8154182339192,-607.0,607.0,4.1845817660807825,4.1845817660807825,17.51072455701576
2018-08-06 23:00:00,23,0,0,1148,1723.0,890.0,1168.6346569420464,-575.0,575.0,-20.634656942046377,20.634656942046377,425.7890671159427
2018-08-07 00:00:00,0,1,0,606,1148.0,3047.0,633.2881992684493,-542.0,542.0,-27.28819926844926,27.28819926844926,744.6458193145949
2018-08-07 01:00:00,1,1,0,376,606.0,3047.0,379.875491300776,-230.0,230.0,-3.875491300775991,3.875491300775991,15.019432822390383
2018-08-07 02:00:00,2,1,0,288,376.0,5580.0,288.4846238143783,-88.0,88.0,-0.4846238143783239,0.4846238143783239,0.23486024146259615
2018-08-07 03:00:00,3,1,0,362,288.0,5580.0,353.1596581347322,74.0,74.0,8.840341865267817,8.840341865267817,78.15164429480687
2018-08-07 04:00:00,4,1,0,912,362.0,6280.0,852.3399154928126,550.0,550.0,59.660084507187435,59.660084507187435,3559.325683404746
2018-08-07 05:00:00,5,1,0,3153,912.0,6280.0,2892.541393103712,2241.0,2241.0,260.4586068962881,260.4586068962881,67838.68590635512
2018-08-07 06:00:00,6,1,0,5814,3153.0,5582.0,5738.149823172837,2661.0,2661.0,75.85017682716261,75.85017682716261,5753.249324711836
2018-08-07 06:00:00,6,1,0,5814,5814.0,5582.0,5765.101747365139,0.0,0.0,48.89825263486091,48.89825263486091,2391.0391107426817
2018-08-07 10:00:00,10,1,0,4416,5814.0,4694.0,4590.705384830943,-1398.0,1398.0,-174.70538483094333,174.70538483094333,30521.971488928004
2018-08-07 11:00:00,11,1,0,4515,4416.0,4694.0,4660.357982092074,99.0,99.0,-145.35798209207405,145.35798209207405,21128.94295787972
2018-08-07 11:00:00,11,1,0,4515,4515.0,4357.0,4772.406263279079,0.0,0.0,-257.4062632790792,257.4062632790792,66257.98437529865
2018-08-07 12:00:00,12,1,0,4940,4515.0,4432.0,4772.406263279079,425.0,425.0,167.5937367209208,167.5937367209208,28087.66058808131
2018-08-07 12:00:00,12,1,0,4940,4940.0,4606.0,5079.402335753029,0.0,0.0,-139.40233575302864,139.40233575302864,19433.011213400125
2018-08-07 13:00:00,13,1,0,4726,4940.0,4669.0,4957.408420004895,-214.0,214.0,-231.40842000489465,231.40842000489465,53549.856849161726
2018-08-07 13:00:00,13,1,0,4726,4726.0,4814.0,4894.609774391263,0.0,0.0,-168.60977439126327,168.60977439126327,28429.2560202727
2018-08-07 13:00:00,13,1,0,4726,4726.0,5395.0,4894.609774391263,0.0,0.0,-168.60977439126327,168.60977439126327,28429.2560202727
2018-08-07 14:00:00,14,1,0,5040,4726.0,6651.0,4895.518686377257,314.0,314.0,144.48131362274307,144.48131362274307,20874.849986153444
2018-08-07 14:00:00,14,1,0,5040,5040.0,5590.0,5290.3152454675965,0.0,0.0,-250.31524546759647,250.31524546759647,62657.72211350308
2018-08-07 15:00:00,15,1,0,5555,5040.0,4308.0,5617.029837302086,515.0,515.0,-62.02983730208598,62.02983730208598,3847.7007157232574
2018-08-07 15:00:00,15,1,0,5555,5555.0,3314.0,5848.457489339763,0.0,0.0,-293.457489339763,293.457489339763,86117.29804959713
2018-08-07 16:00:00,16,1,0,6471,5555.0,2795.0,6296.969224089221,916.0,916.0,174.03077591077908,174.03077591077908,30286.710964107806
2018-08-07 17:00:00,17,1,1,5656,6471.0,2330.0,6153.7031351723535,-815.0,815.0,-497.70313517235354,497.70313517235354,247708.41076039002
2018-08-07 18:00:00,18,1,1,4121,5656.0,1723.0,4429.4723702037745,-1535.0,1535.0,-308.4723702037745,308.4723702037745,95155.20317913452
2018-08-07 19:00:00,19,1,1,3272,4121.0,1148.0,3050.037336508155,-849.0,849.0,221.96266349184498,221.96266349184498,49267.42398439401
2018-08-07 20:00:00,20,1,0,2888,3272.0,606.0,2888.098639590747,-384.0,384.0,-0.09863959074709783,0.09863959074709783,0.009729768862754947
2018-08-07 21:00:00,21,1,0,2532,2888.0,376.0,2646.8933112343534,-356.0,356.0,-114.8933112343534,114.8933112343534,13200.472966393998
2018-08-07 22:00:00,22,1,0,1771,2532.0,288.0,1842.5534921535552,-761.0,761.0,-71.55349215355523,71.55349215355523,5119.902239368889
2018-08-07 23:00:00,23,1,0,1168,1771.0,362.0,1217.4494111805147,-603.0,603.0,-49.449411180514744,49.449411180514744,2445.2442660996167
2018-08-08 00:00:00,0,2,0,643,1168.0,912.0,636.8826267671727,-525.0,525.0,6.117373232827276,6.117373232827276,37.42225526971164
2018-08-08 01:00:00,1,2,0,393,643.0,3153.0,398.7645328675264,-250.0,250.0,-5.764532867526384,5.764532867526384,33.229839180791956
2018-08-08 02:00:00,2,2,0,295,393.0,5814.0,308.87791701562253,-98.0,98.0,-13.877917015622529,13.877917015622529,192.5965806925053
2018-08-08 02:00:00,2,2,0,295,295.0,5814.0,271.0808297773531,0.0,0.0,23.919170222646926,23.919170222646926,572.1267041399594
2018-08-08 03:00:00,3,2,0,374,295.0,4416.0,352.5559738145683,79.0,79.0,21.44402618543171,21.44402618543171,459.84625904148083
2018-08-08 04:00:00,4,2,0,912,374.0,4515.0,854.3060657915828,538.0,538.0,57.693934208417204,57.693934208417204,3328.5900444451727
2018-08-08 04:00:00,4,2,0,912,912.0,4515.0,899.9290033536969,0.0,0.0,12.070996646303115,12.070996646303115,145.70896003506104
2018-08-08 05:00:00,5,2,0,3119,912.0,4940.0,2892.541393103712,2207.0,2207.0,226.45860689628807,226.45860689628807,51283.50063740753
2018-08-08 06:00:00,6,2,0,5730,3119.0,4940.0,5790.943767139001,2611.0,2611.0,-60.943767139000556,60.943767139000556,3714.142753092724
2018-08-08 07:00:00,7,2,1,6430,5730.0,4726.0,6387.599394533837,700.0,700.0,42.40060546616314,42.40060546616314,1797.8113438972237
2018-08-08 08:00:00,8,2,1,5864,6430.0,4726.0,5918.973945329104,-566.0,566.0,-54.973945329104026,54.973945329104026,3022.1346650473183
2018-08-08 09:00:00,9,2,1,4902,5864.0,4726.0,5178.814034096677,-962.0,962.0,-276.81403409667655,276.81403409667655,76626.009472876
2018-08-08 10:00:00,10,2,0,4610,4902.0,5040.0,4483.485751327481,-292.0,292.0,126.51424867251899,126.51424867251899,16005.855117171972
2018-08-08 11:00:00,11,2,0,4838,4610.0,5040.0,4860.474612853799,228.0,228.0,-22.474612853799044,22.474612853799044,505.10822292814925
2018-08-08 12:00:00,12,2,0,5004,4838.0,5555.0,5044.327847910885,166.0,166.0,-40.327847910884884,40.327847910884884,1626.3353171234623
2018-08-08 13:00:00,13,2,0,4741,5004.0,5555.0,4963.80365541751,-263.0,263.0,-222.80365541750962,222.80365541750962,49641.468867404365
2018-08-08 14:00:00,14,2,0,5128,4741.0,6471.0,4895.518686377257,387.0,387.0,232.48131362274307,232.48131362274307,54047.561183756225
2018-08-08 15:00:00,15,2,0,5798,5128.0,5656.0,5676.653442324643,670.0,670.0,121.34655767535696,121.34655767535696,14724.987059658733
2018-08-08 16:00:00,16,2,0,6652,5798.0,4121.0,6557.98906363668,854.0,854.0,94.01093636332007,94.01093636332007,8838.056155908216
2018-08-08 17:00:00,17,2,1,6043,6652.0,3272.0,6195.102471354185,-609.0,609.0,-152.10247135418467,152.10247135418467,23135.16179205057
2018-08-08 18:00:00,18,2,1,4806,6043.0,2888.0,4506.730555969334,-1237.0,1237.0,299.2694440306659,299.2694440306659,89562.20013042388
2018-08-08 19:00:00,19,2,1,3655,4806.0,2532.0,3435.1626923489252,-1151.0,1151.0,219.83730765107475,219.83730765107475,48328.44183527329
2018-08-08 20:00:00,20,2,0,3130,3655.0,1771.0,3070.3181471696025,-525.0,525.0,59.681852830397474,59.681852830397474,3561.9235572692232
2018-08-08 21:00:00,21,2,0,3267,3130.0,1168.0,2779.077781656324,137.0,137.0,487.9222183436759,487.9222183436759,238068.09115341376
2018-08-08 22:00:00,22,2,0,2711,3267.0,643.0,2566.1644416500144,-556.0,556.0,144.8355583499856,144.8355583499856,20977.338962552083
2018-08-08 23:00:00,23,2,0,1478,2711.0,393.0,1611.5627458404022,-1233.0,1233.0,-133.56274584040216,133.56274584040216,17839.007076427864
2018-08-09 00:00:00,0,3,0,801,1478.0,295.0,799.1027237910753,-677.0,677.0,1.8972762089247226,1.8972762089247226,3.5996570129517678
2018-08-09 01:00:00,1,3,0,482,801.0,295.0,480.6665822336017,-319.0,319.0,1.3334177663983269,1.3334177663983269,1.778002939746703
2018-08-09 02:00:00,2,3,0,336,482.0,374.0,338.8301900411179,-146.0,146.0,-2.8301900411178735,2.8301900411178735,8.00997566884279
2018-08-09 02:00:00,2,3,0,336,336.0,912.0,271.94150620311103,0.0,0.0,64.05849379688897,64.05849379688897,4103.490627526063
2018-08-09 03:00:00,3,3,0,379,336.0,912.0,353.56808100535187,43.0,43.0,25.43191899464813,25.43191899464813,646.7825037503443
2018-08-09 03:00:00,3,3,0,379,379.0,3119.0,384.3303327162394,0.0,0.0,-5.330332716239411,5.330332716239411,28.412446865812218
2018-08-09 04:00:00,4,3,0,936,379.0,5730.0,857.4598322244477,557.0,557.0,78.54016777555228,78.54016777555228,6168.5579542119
2018-08-09 04:00:00,4,3,0,936,936.0,6430.0,917.5061275617326,0.0,0.0,18.49387243826743,18.49387243826743,342.0233177629077
2018-08-09 05:00:00,5,3,0,3022,936.0,5864.0,2892.541393103712,2086.0,2086.0,129.45860689628807,129.45860689628807,16759.530899527646
2018-08-09 05:00:00,5,3,0,3022,3022.0,4902.0,3001.9021799503766,0.0,0.0,20.09782004962335,20.09782004962335,403.92237074704235
2018-08-09 06:00:00,6,3,0,5423,3022.0,4610.0,5797.25624993165,2401.0,2401.0,-374.25624993165,374.25624993165,140067.7406129017
2018-08-09 06:00:00,6,3,0,5423,5423.0,4838.0,5524.777355829561,0.0,0.0,-101.7773558295612,101.7773558295612,10358.630159657116
2018-08-09 07:00:00,7,3,1,6313,5423.0,5004.0,6229.113758693398,890.0,890.0,83.88624130660173,83.88624130660173,7036.901480549414
2018-08-09 07:00:00,7,3,1,6313,6313.0,4741.0,6408.133613151609,0.0,0.0,-95.1336131516091,95.1336131516091,9050.40435128001
2018-08-09 08:00:00,8,3,1,5908,6313.0,5128.0,5893.460941720685,-405.0,405.0,14.539058279315213,14.539058279315213,211.38421564932426
2018-08-09 08:00:00,8,3,1,5908,5908.0,5798.0,5742.184241139408,0.0,0.0,165.8157588605918,165.8157588605918,27494.865886513933
2018-08-09 09:00:00,9,3,1,4788,5908.0,6652.0,5186.083727337555,-1120.0,1120.0,-398.0837273375546,398.0837273375546,158470.6539709605
2018-08-09 10:00:00,10,3,0,4517,4788.0,6043.0,4546.161343522331,-271.0,271.0,-29.161343522330753,29.161343522330753,850.3839560273818
2018-08-09 11:00:00,11,3,0,4675,4517.0,4806.0,4772.406263279079,158.0,158.0,-97.40626327907921,97.40626327907921,9487.980125993296
2018-08-09 12:00:00,12,3,0,4927,4675.0,3655.0,4887.0179564261725,252.0,252.0,39.98204357382747,39.98204357382747,1598.5638083394383
2018-08-09 13:00:00,13,3,0,4990,4927.0,3130.0,4957.249583350538,63.0,63.0,32.75041664946184,32.75041664946184,1072.5897907133474
2018-08-09 14:00:00,14,3,0,5155,4990.0,3267.0,5298.072297544517,165.0,165.0,-143.0722975445169,143.0722975445169,20469.68232466678
2018-08-09 15:00:00,15,3,0,5654,5155.0,2711.0,5705.372555656954,499.0,499.0,-51.37255565695432,51.37255565695432,2639.139474726869
2018-08-09 16:00:00,16,3,0,6532,5654.0,1478.0,6425.222799382749,878.0,878.0,106.77720061725086,106.77720061725086,11401.370571656636
2018-08-09 17:00:00,17,3,1,5871,6532.0,801.0,6156.849210811739,-661.0,661.0,-285.8492108117389,285.8492108117389,81709.77132169394
2018-08-09 18:00:00,18,3,1,4426,5871.0,482.0,4737.499066245551,-1445.0,1445.0,-311.49906624555115,311.49906624555115,97031.66827185026
2018-08-09 19:00:00,19,3,1,3530,4426.0,336.0,3395.3784430132005,-896.0,896.0,134.62155698679953,134.62155698679953,18122.963605550114
2018-08-09 20:00:00,20,3,0,3290,3530.0,336.0,3166.174218283139,-240.0,240.0,123.825781716861,123.825781716861,15332.824217791709
2018-08-09 21:00:00,21,3,0,3176,3290.0,379.0,3021.8530560407107,-114.0,114.0,154.14694395928927,154.14694395928927,23761.28033198827
2018-08-09 22:00:00,22,3,0,2420,3176.0,379.0,2691.3070391661813,-756.0,756.0,-271.3070391661813,271.3070391661813,73607.50950111984
2018-08-09 23:00:00,23,3,0,1406,2420.0,936.0,1374.5209646921908,-1014.0,1014.0,31.479035307809227,31.479035307809227,990.9296639103
2018-08-10 00:00:00,0,4,0,731,1406.0,936.0,793.2931229352205,-675.0,675.0,-62.29312293522048,62.29312293522048,3880.4331650224917
2018-08-10 01:00:00,1,4,0,471,731.0,3022.0,441.7994181167819,-260.0,260.0,29.200581883218092,29.200581883218092,852.6739823185246
2018-08-10 02:00:00,2,4,0,374,471.0,3022.0,345.33733293115256,-97.0,97.0,28.66266706884744,28.66266706884744,821.5484834995915
2018-08-10 03:00:00,3,4,0,404,374.0,5423.0,380.54851843551296,30.0,30.0,23.45148156448704,23.45148156448704,549.9719875694755
2018-08-10 04:00:00,4,4,0,818,404.0,5423.0,835.5029438191003,414.0,414.0,-17.502943819100324,17.502943819100324,306.3530423345822
2018-08-10 05:00:00,5,4,0,2854,818.0,6313.0,2850.994053299926,2036.0,2036.0,3.005946700074219,3.005946700074219,9.035715563687086
2018-08-10 05:00:00,5,4,0,2854,2854.0,6313.0,2851.4405817855923,0.0,0.0,2.559418214407742,2.559418214407742,6.550621596242116
2018-08-10 06:00:00,6,4,0,5227,2854.0,5908.0,5592.576729494055,2373.0,2373.0,-365.57672949405514,365.57672949405514,133646.34514756958
2018-08-10 07:00:00,7,4,1,5950,5227.0,5908.0,6087.83772964131,723.0,723.0,-137.83772964131003,137.83772964131003,18999.23971267088
2018-08-10 08:00:00,8,4,1,5211,5950.0,4788.0,5594.795953364171,-739.0,739.0,-383.7959533641706,383.7959533641706,147299.33381871262
2018-08-10 09:00:00,9,4,1,4584,5211.0,4517.0,4966.14183435917,-627.0,627.0,-382.1418343591704,382.1418343591704,146032.38156739163
2018-08-10 10:00:00,10,4,0,4512,4584.0,4675.0,4475.330704559302,-72.0,72.0,36.66929544069808,36.66929544069808,1344.637228117201
2018-08-10 11:00:00,11,4,0,4796,4512.0,4927.0,4766.3666620599615,284.0,284.0,29.633337940038473,29.633337940038473,878.1347174685236
2018-08-10 12:00:00,12,4,0,4941,4796.0,4990.0,5019.889527864768,145.0,145.0,-78.88952786476784,78.88952786476784,6223.557606725982
2018-08-10 13:00:00,13,4,0,5053,4941.0,5155.0,4960.49680459723,112.0,112.0,92.50319540276996,92.50319540276996,8556.841159723042
2018-08-10 14:00:00,14,4,0,5367,5053.0,5654.0,5300.148352209786,314.0,314.0,66.85164779021397,66.85164779021397,4469.142812266821
2018-08-10 15:00:00,15,4,0,5684,5367.0,6532.0,5753.380510844447,317.0,317.0,-69.38051084444669,69.38051084444669,4813.655285036385
2018-08-10 16:00:00,16,4,0,5868,5684.0,5871.0,6000.159003477315,184.0,184.0,-132.1590034773153,132.1590034773153,17466.00220011704
2018-08-10 17:00:00,17,4,1,5309,5868.0,4426.0,5478.66468438722,-559.0,559.0,-169.6646843872204,169.6646843872204,28786.105128215113
2018-08-10 18:00:00,18,4,1,4616,5309.0,3530.0,4437.554624758013,-693.0,693.0,178.44537524198677,178.44537524198677,31842.751945253465
2018-08-10 19:00:00,19,4,1,3713,4616.0,3290.0,3659.9912471901766,-903.0,903.0,53.00875280982336,53.00875280982336,2809.9278744529565
2018-08-10 20:00:00,20,4,0,3344,3713.0,3176.0,3232.2003991949423,-369.0,369.0,111.79960080505771,111.79960080505771,12499.15074017026
2018-08-10 21:00:00,21,4,0,3374,3344.0,2420.0,3100.6835841331804,30.0,30.0,273.3164158668196,273.3164158668196,74701.86318228429
2018-08-10 22:00:00,22,4,0,3117,3374.0,1406.0,3074.2941716606783,-257.0,257.0,42.70582833932167,42.70582833932167,1823.7877741476098
2018-08-10 23:00:00,23,4,0,2271,3117.0,731.0,2196.416528508531,-846.0,846.0,74.58347149146903,74.58347149146903,5562.694219718773
2018-08-11 00:00:00,0,5,0,1412,2271.0,471.0,1478.6958861859891,-859.0,859.0,-66.69588618598914,66.69588618598914,4448.3412341344165
2018-08-11 01:00:00,1,5,0,831,1412.0,374.0,895.0957707754413,-581.0,581.0,-64.09577077544134,64.09577077544134,4108.26783129792
2018-08-11 02:00:00,2,5,0,665,831.0,404.0,635.5208201636113,-166.0,166.0,29.479179836388653,29.479179836388653,869.0220438261433
2018-08-11 03:00:00,3,5,0,423,665.0,818.0,435.7193680357803,-242.0,242.0,-12.719368035780292,12.719368035780292,161.7823232296294
2018-08-11 03:00:00,3,5,0,423,423.0,2854.0,389.82328328623066,0.0,0.0,33.17671671376934,33.17671671376934,1100.6945319057018
2018-08-11 04:00:00,4,5,0,459,423.0,2854.0,409.5992571286396,36.0,36.0,49.40074287136042,49.40074287136042,2440.4333962422675
2018-08-11 05:00:00,5,5,0,876,459.0,5227.0,809.3397139085696,417.0,417.0,66.66028609143041,66.66028609143041,4443.59374179135
2018-08-11 05:00:00,5,5,0,876,876.0,5950.0,1296.0351921567865,0.0,0.0,-420.0351921567865,420.0351921567865,176429.56265018854
2018-08-11 05:00:00,5,5,0,876,876.0,5211.0,1289.7934584496088,0.0,0.0,-413.7934584496088,413.7934584496088,171225.02625568814
2018-08-11 06:00:00,6,5,0,1560,876.0,4584.0,1229.0375229873823,684.0,684.0,330.9624770126177,330.9624770126177,109536.16119032749
2018-08-11 07:00:00,7,5,1,2004,1560.0,4512.0,2185.3864607359255,444.0,444.0,-181.38646073592554,181.38646073592554,32901.04813830546
2018-08-11 07:00:00,7,5,1,2004,2004.0,4796.0,2319.876922373104,0.0,0.0,-315.8769223731042,315.8769223731042,99778.2300879041
2018-08-11 08:00:00,8,5,1,2806,2004.0,4941.0,2991.6104634577564,802.0,802.0,-185.6104634577564,185.6104634577564,34451.244145003126
2018-08-11 09:00:00,9,5,1,3514,2806.0,5053.0,3462.941017555668,708.0,708.0,51.05898244433183,51.05898244433183,2607.019688250586
2018-08-11 10:00:00,10,5,0,3971,3514.0,5367.0,3807.629805618193,457.0,457.0,163.37019438180687,163.37019438180687,26689.82041234936
2018-08-11 11:00:00,11,5,0,4198,3971.0,5684.0,4117.532649857524,227.0,227.0,80.46735014247588,80.46735014247588,6474.994438951813
2018-08-11 12:00:00,12,5,0,4310,4198.0,5868.0,4322.246740357272,112.0,112.0,-12.246740357271847,12.246740357271847,149.98264937843095
2018-08-11 13:00:00,13,5,0,4262,4310.0,5309.0,4405.020709458442,-48.0,48.0,-143.02070945844207,143.02070945844207,20454.9233339961
2018-08-11 14:00:00,14,5,0,4280,4262.0,4616.0,4376.449287845689,18.0,18.0,-96.44928784568856,96.44928784568856,9302.465125940487
2018-08-11 15:00:00,15,5,0,4188,4280.0,3713.0,4386.483558990978,-92.0,92.0,-198.48355899097805,198.48355899097805,39395.72318972507
2018-08-11 16:00:00,16,5,0,4305,4188.0,3344.0,4299.072227283545,117.0,117.0,5.927772716455365,5.927772716455365,35.138489377952624
2018-08-11 17:00:00,17,5,1,4134,4305.0,3374.0,4104.34402512433,-171.0,171.0,29.655974875669926,29.655974875669926,879.4768458263659
2018-08-11 18:00:00,18,5,1,3920,4134.0,3117.0,3888.184994078634,-214.0,214.0,31.81500592136581,31.81500592136581,1012.1946017765415
2018-08-11 19:00:00,19,5,1,3567,3920.0,2271.0,3446.685937273028,-353.0,353.0,120.31406272697222,120.31406272697222,14475.473689869807
2018-08-11 20:00:00,20,5,0,3362,3567.0,1412.0,3149.8276810132284,-205.0,205.0,212.17231898677164,212.17231898677164,45017.09294422438
2018-08-11 21:00:00,21,5,0,3378,3362.0,831.0,3178.6532866058014,16.0,16.0,199.34671339419856,199.34671339419856,39739.11214106874
2018-08-11 22:00:00,22,5,0,3167,3378.0,665.0,3182.151190083988,-211.0,211.0,-15.151190083987785,15.151190083987785,229.55856096112979
2018-08-11 23:00:00,23,5,0,2511,3167.0,423.0,2260.7498520540494,-656.0,656.0,250.25014794595063,250.25014794595063,62625.13654697018
2018-08-11 23:00:00,23,5,0,2511,2511.0,423.0,2000.8601900273766,0.0,0.0,510.1398099726234,510.1398099726234,260242.62571890434
2018-08-12 00:00:00,0,6,0,1406,2511.0,459.0,1550.2507155263559,-1105.0,1105.0,-144.25071552635586,144.25071552635586,20808.268929865644
2018-08-12 01:00:00,1,6,0,868,1406.0,876.0,918.9357377552918,-538.0,538.0,-50.935737755291825,50.935737755291825,2594.449380675861
2018-08-12 01:00:00,1,6,0,868,868.0,876.0,714.6025930301853,0.0,0.0,153.3974069698147,153.3974069698147,23530.76446506296
2018-08-12 02:00:00,2,6,0,678,868.0,876.0,685.3009705433201,-190.0,190.0,-7.300970543320091,7.300970543320091,53.30417087442766
2018-08-12 03:00:00,3,6,0,392,678.0,1560.0,417.49722460476994,-286.0,286.0,-25.49722460476994,25.49722460476994,650.1084625460857
2018-08-12 03:00:00,3,6,0,392,392.0,2004.0,381.4433792017326,0.0,0.0,10.556620798267375,10.556620798267375,111.4422426784113
2018-08-12 04:00:00,4,6,0,365,392.0,2004.0,394.76088315872687,-27.0,27.0,-29.76088315872687,29.76088315872687,885.7101663873926
2018-08-12 04:00:00,4,6,0,365,365.0,2806.0,372.79789976040223,0.0,0.0,-7.797899760402231,7.797899760402231,60.80724067328117
2018-08-12 05:00:00,5,6,0,529,365.0,3514.0,542.2284864598314,164.0,164.0,-13.228486459831402,13.228486459831402,174.99285401794273
2018-08-12 06:00:00,6,6,0,984,529.0,3971.0,912.7679341963961,455.0,455.0,71.23206580360386,71.23206580360386,5074.00719864895
2018-08-12 06:00:00,6,6,0,984,984.0,4198.0,1120.0346234254425,0.0,0.0,-136.03462342544253,136.03462342544253,18505.418770501958
2018-08-12 07:00:00,7,6,1,1196,984.0,4310.0,1176.6649128054344,212.0,212.0,19.33508719456563,19.33508719456563,373.84559682145584
2018-08-12 07:00:00,7,6,1,1196,1196.0,4262.0,1495.324983142887,0.0,0.0,-299.32498314288705,299.32498314288705,89595.44553348962
2018-08-12 08:00:00,8,6,1,1850,1196.0,4280.0,1818.6351817921784,654.0,654.0,31.3648182078216,31.3648182078216,983.7518212096974
2018-08-12 08:00:00,8,6,1,1850,1850.0,4188.0,2174.878634217629,0.0,0.0,-324.87863421762904,324.87863421762904,105546.12697111201
2018-08-12 09:00:00,9,6,1,2713,1850.0,4305.0,2395.371566118258,863.0,863.0,317.6284338817418,317.6284338817418,100887.822010168
2018-08-12 09:00:00,9,6,1,2713,2713.0,4134.0,3282.546528368679,0.0,0.0,-569.546528368679,569.546528368679,324383.24797681445
2018-08-12 10:00:00,10,6,0,3534,2713.0,3920.0,3287.2416586109957,821.0,821.0,246.75834138900427,246.75834138900427,60889.67904505238
2018-08-12 11:00:00,11,6,0,3856,3534.0,3567.0,3767.5471447948185,322.0,322.0,88.45285520518155,88.45285520518155,7823.907593948813
2018-08-12 12:00:00,12,6,0,4037,3856.0,3362.0,4028.6762877234655,181.0,181.0,8.32371227653448,8.32371227653448,69.28418606253081
2018-08-12 13:00:00,13,6,0,4522,4037.0,3378.0,4202.218519880027,485.0,485.0,319.7814801199729,319.7814801199729,102260.19502772063
2018-08-12 14:00:00,14,6,0,4468,4522.0,3167.0,4624.470587899534,-54.0,54.0,-156.4705878995337,156.4705878995337,24483.044877625707
2018-08-12 15:00:00,15,6,0,4351,4468.0,2511.0,4597.930351710656,-117.0,117.0,-246.9303517106564,246.9303517106564,60974.59859594847
2018-08-12 16:00:00,16,6,0,4466,4351.0,2511.0,4415.004712450485,115.0,115.0,50.995287549514615,50.995287549514615,2600.51935225768
2018-08-12 17:00:00,17,6,1,4313,4466.0,1406.0,4357.048135840395,-153.0,153.0,-44.048135840394934,44.048135840394934,1940.2382710138847
2018-08-12 18:00:00,18,6,1,4012,4313.0,868.0,4038.0790384004354,-301.0,301.0,-26.079038400435365,26.079038400435365,680.1162438913824
2018-08-12 19:00:00,19,6,1,3658,4012.0,868.0,3441.8448657068534,-354.0,354.0,216.1551342931466,216.1551342931466,46723.042081288244
2018-08-12 20:00:00,20,6,0,3151,3658.0,678.0,3076.1406314689607,-507.0,507.0,74.85936853103931,74.85936853103931,5603.925056865958
2018-08-12 21:00:00,21,6,0,2708,3151.0,392.0,2715.9808949668845,-443.0,443.0,-7.980894966884534,7.980894966884534,63.694684472442894
2018-08-12 22:00:00,22,6,0,1930,2708.0,392.0,1992.145083903183,-778.0,778.0,-62.14508390318292,62.14508390318292,3862.011453333645
2018-08-12 23:00:00,23,6,0,1282,1930.0,365.0,1301.2168775648963,-648.0,648.0,-19.216877564896322,19.216877564896322,369.2883833442156
2018-08-13 00:00:00,0,0,0,651,1282.0,365.0,689.6239595315872,-631.0,631.0,-38.62395953158716,38.62395953158716,1491.8102498976828
2018-08-13 01:00:00,1,0,0,434,651.0,529.0,407.83803895300844,-217.0,217.0,26.161961046991564,26.161961046991564,684.448205824304
2018-08-13 02:00:00,2,0,0,355,434.0,984.0,332.8542613966643,-79.0,79.0,22.1457386033357,22.1457386033357,490.4337382872731
2018-08-13 03:00:00,3,0,0,348,355.0,984.0,345.63711940528714,-7.0,7.0,2.3628805947128626,2.3628805947128626,5.583204704870611
2018-08-13 04:00:00,4,0,0,924,348.0,1196.0,843.2524148795234,576.0,576.0,80.74758512047663,80.74758512047663,6520.172502788619
2018-08-13 05:00:00,5,0,0,3025,924.0,1196.0,2892.541393103712,2101.0,2101.0,132.45860689628807,132.45860689628807,17545.282540905373
2018-08-13 06:00:00,6,0,0,5546,3025.0,1850.0,5637.040845993678,2521.0,2521.0,-91.04084599367798,91.04084599367798,8288.435639244592
2018-08-13 07:00:00,7,0,1,6383,5546.0,1850.0,6312.355315085014,837.0,837.0,70.6446849149861,70.6446849149861,4990.6715067376645
2018-08-13 08:00:00,8,0,1,5642,6383.0,2713.0,5889.971597926713,-741.0,741.0,-247.971597926713,247.971597926713,61489.913378327416
2018-08-13 09:00:00,9,0,1,4714,5642.0,2713.0,5031.236723281939,-928.0,928.0,-317.2367232819388,317.2367232819388,100639.1385986614
2018-08-13 10:00:00,10,0,0,4216,4714.0,3534.0,4337.792949435822,-498.0,498.0,-121.79294943582227,121.79294943582227,14833.522532276758
2018-08-13 11:00:00,11,0,0,4440,4216.0,3856.0,4370.002514808478,224.0,224.0,69.99748519152217,69.99748519152217,4899.647933137366
2018-08-13 12:00:00,12,0,0,4673,4440.0,4037.0,4717.968158710279,233.0,233.0,-44.96815871027866,44.96815871027866,2022.1352977928104
2018-08-13 13:00:00,13,0,0,4494,4673.0,4522.0,4885.611308568627,-179.0,179.0,-391.61130856862655,391.61130856862655,153359.41699883205
2018-08-13 14:00:00,14,0,0,4811,4494.0,4468.0,4753.757414952179,317.0,317.0,57.242585047821194,57.242585047821194,3276.7135429570426
2018-08-13 15:00:00,15,0,0,5245,4811.0,4351.0,5383.125732635502,434.0,434.0,-138.12573263550166,138.12573263550166,19078.718016094088
2018-08-13 16:00:00,16,0,0,6163,5245.0,4466.0,5913.870234889403,918.0,918.0,249.12976511059696,249.12976511059696,62065.63986406122
2018-08-13 17:00:00,17,0,1,5603,6163.0,4313.0,5784.309274738002,-560.0,560.0,-181.3092747380024,181.3092747380024,32873.05310602043
2018-08-13 18:00:00,18,0,1,4077,5603.0,4012.0,4202.204338957894,-1526.0,1526.0,-125.20433895789392,125.20433895789392,15676.126493883194
2018-08-13 19:00:00,19,0,1,3247,4077.0,3658.0,2977.5883169774447,-830.0,830.0,269.4116830225553,269.4116830225553,72582.6549490458
2018-08-13 20:00:00,20,0,0,2835,3247.0,3151.0,2782.3299130478968,-412.0,412.0,52.67008695210325,52.67008695210325,2774.138059542117
2018-08-13 21:00:00,21,0,0,2615,2835.0,2708.0,2507.2333166023905,-220.0,220.0,107.76668339760954,107.76668339760954,11613.658050520611
2018-08-13 22:00:00,22,0,0,1823,2615.0,1930.0,1945.4181554142694,-792.0,792.0,-122.41815541426945,122.41815541426945,14986.204775032229
2018-08-13 23:00:00,23,0,0,1117,1823.0,1282.0,1224.2838371458863,-706.0,706.0,-107.28383714588631,107.28383714588631,11509.821712745055
2018-08-14 00:00:00,0,1,0,571,1117.0,651.0,624.4011553846958,-546.0,546.0,-53.40115538469581,53.40115538469581,2851.6833964204266
2018-08-14 01:00:00,1,1,0,394,571.0,434.0,351.73660284106614,-177.0,177.0,42.263397158933856,42.263397158933856,1786.1947394137783
2018-08-14 02:00:00,2,1,0,284,394.0,355.0,310.3597520758133,-110.0,110.0,-26.359752075813276,26.359752075813276,694.8365294983423
2018-08-14 03:00:00,3,1,0,340,284.0,348.0,352.438121417559,56.0,56.0,-12.438121417558989,12.438121417558989,154.70686439793963
2018-08-14 04:00:00,4,1,0,940,340.0,924.0,851.6275883435669,600.0,600.0,88.37241165643309,88.37241165643309,7809.68314197407
2018-08-14 05:00:00,5,1,0,3184,940.0,3025.0,2892.541393103712,2244.0,2244.0,291.4586068962881,291.4586068962881,84948.11953392498
2018-08-14 06:00:00,6,1,0,5702,3184.0,5546.0,5763.129655160313,2518.0,2518.0,-61.12965516031272,61.12965516031272,3736.834740018748
2018-08-14 07:00:00,7,1,1,6573,5702.0,6383.0,6327.3673618778375,871.0,871.0,245.63263812216246,245.63263812216246,60335.39291085322
2018-08-14 08:00:00,8,1,1,5841,6573.0,5642.0,5939.994128400556,-732.0,732.0,-98.99412840055629,98.99412840055629,9799.837457785827
2018-08-14 09:00:00,9,1,1,4766,5841.0,4714.0,5067.949016447654,-1075.0,1075.0,-301.9490164476538,301.9490164476538,91173.20853370549
2018-08-14 10:00:00,10,1,0,4478,4766.0,4216.0,4465.269649648696,-288.0,288.0,12.730350351303969,12.730350351303969,162.06182006694507
2018-08-14 11:00:00,11,1,0,4741,4478.0,4440.0,4744.859043926848,263.0,263.0,-3.859043926848244,3.859043926848244,14.892220029344317
2018-08-14 12:00:00,12,1,0,4996,4741.0,4673.0,4894.609774391263,255.0,255.0,101.39022560873673,101.39022560873673,10279.977848990533
2018-08-14 13:00:00,13,1,0,4832,4996.0,4494.0,4965.733367128651,-164.0,164.0,-133.73336712865057,133.73336712865057,17884.613483566438
2018-08-14 14:00:00,14,1,0,4985,4832.0,4811.0,5132.575966329606,153.0,153.0,-147.57596632960576,147.57596632960576,21778.665838116933
2018-08-14 15:00:00,15,1,0,5672,4985.0,5245.0,5594.477080209928,687.0,687.0,77.52291979007168,77.52291979007168,6009.803092777888
2018-08-14 16:00:00,16,1,0,6373,5672.0,6163.0,6392.328198799419,701.0,701.0,-19.328198799418715,19.328198799418715,373.57926882985106
2018-08-14 17:00:00,17,1,1,6014,6373.0,5603.0,6108.968684935282,-359.0,359.0,-94.968684935282,94.968684935282,9019.051118336858
2018-08-14 18:00:00,18,1,1,4525,6014.0,4077.0,4412.96636098716,-1489.0,1489.0,112.03363901283956,112.03363901283956,12551.536270459246
2018-08-14 19:00:00,19,1,1,3423,4525.0,3247.0,3331.471953813807,-1102.0,1102.0,91.52804618619302,91.52804618619302,8377.383238661883
2018-08-14 20:00:00,20,1,0,3046,3423.0,2835.0,3005.629107082702,-377.0,377.0,40.37089291729808,40.37089291729808,1629.8089949399482
2018-08-14 21:00:00,21,1,0,2784,3046.0,2615.0,2761.618805856767,-262.0,262.0,22.381194143233188,22.381194143233188,500.91785127709556
2018-08-14 22:00:00,22,1,0,2287,2784.0,1823.0,2122.350097009336,-497.0,497.0,164.64990299066403,164.64990299066403,27109.590554835075
2018-08-14 23:00:00,23,1,0,2772,2287.0,1117.0,1344.278725214559,485.0,485.0,1427.721274785441,1427.721274785441,2038388.0384749647
2018-08-15 00:00:00,0,2,0,793,2772.0,571.0,823.1615328492837,-1979.0,1979.0,-30.16153284928373,30.16153284928373,909.7180638184216
2018-08-15 01:00:00,1,2,0,492,793.0,394.0,473.26172954144204,-301.0,301.0,18.738270458557963,18.738270458557963,351.12277977806605
2018-08-15 02:00:00,2,2,0,335,492.0,284.0,337.21512309920394,-157.0,157.0,-2.215123099203936,2.215123099203936,4.9067703446268505
2018-08-15 03:00:00,3,2,0,403,335.0,340.0,354.01200497570636,68.0,68.0,48.98799502429364,48.98799502429364,2399.8236565002185
2018-08-15 04:00:00,4,2,0,948,403.0,940.0,886.1334819899508,545.0,545.0,61.86651801004916,61.86651801004916,3827.4660506877376
2018-08-15 05:00:00,5,2,0,3181,948.0,3184.0,2892.541393103712,2233.0,2233.0,288.4586068962881,288.4586068962881,83208.36789254725
2018-08-15 06:00:00,6,2,0,5767,3181.0,5702.0,5764.141546893295,2586.0,2586.0,2.858453106705383,2.858453106705383,8.170754163233656
2018-08-15 07:00:00,7,2,1,6561,5767.0,6573.0,6382.596549231044,794.0,794.0,178.40345076895574,178.40345076895574,31827.791246271212
2018-08-15 08:00:00,8,2,1,5930,6561.0,5841.0,5939.994128400556,-631.0,631.0,-9.994128400556292,9.994128400556292,99.88260248680587
2018-08-15 09:00:00,9,2,1,4672,5930.0,4766.0,5062.905676385859,-1258.0,1258.0,-390.9056763858589,390.9056763858589,152807.24783068584
2018-08-15 10:00:00,10,2,0,4638,4672.0,4478.0,4519.89694317483,-34.0,34.0,118.10305682516992,118.10305682516992,13948.332031449314
2018-08-15 11:00:00,11,2,0,4979,4638.0,4741.0,4873.203982506202,341.0,341.0,105.79601749379799,105.79601749379799,11192.797317548011
2018-08-15 12:00:00,12,2,0,5016,4979.0,4996.0,5086.472578545202,37.0,37.0,-70.47257854520194,70.47257854520194,4966.384326809657
2018-08-15 13:00:00,13,2,0,4841,5016.0,4832.0,4968.865238050465,-175.0,175.0,-127.86523805046545,127.86523805046545,16349.519101702197
2018-08-15 14:00:00,14,2,0,4968,4841.0,4985.0,5125.930226820063,127.0,127.0,-157.93022682006267,157.93022682006267,24941.95654343644
2018-08-15 15:00:00,15,2,0,5428,4968.0,5672.0,5591.506203075408,460.0,460.0,-163.50620307540794,163.50620307540794,26734.27844413654
2018-08-15 16:00:00,16,2,0,5541,5428.0,6373.0,6267.857105324542,113.0,113.0,-726.8571053245423,726.8571053245423,528321.2515607728
2018-08-15 17:00:00,17,2,1,5920,5541.0,6014.0,5864.729803269175,379.0,379.0,55.270196730824864,55.270196730824864,3054.7946466640833
2018-08-15 18:00:00,18,2,1,4545,5920.0,4525.0,4503.986235429192,-1375.0,1375.0,41.013764570808235,41.013764570808235,1682.1288842696847
2018-08-15 19:00:00,19,2,1,3358,4545.0,3423.0,3401.0824769543665,-1187.0,1187.0,-43.082476954366484,43.082476954366484,1856.0998205235192
2018-08-15 20:00:00,20,2,0,3133,3358.0,3046.0,2973.993336975629,-225.0,225.0,159.00666302437094,159.00666302437094,25283.11888614585
2018-08-15 21:00:00,21,2,0,2687,3133.0,2784.0,2791.6791500694317,-446.0,446.0,-104.67915006943167,104.67915006943167,10957.724459258596
2018-08-15 22:00:00,22,2,0,1742,2687.0,2287.0,2005.159924869988,-945.0,945.0,-263.1599248699879,263.1599248699879,69253.14605757767
2018-08-15 23:00:00,23,2,0,1051,1742.0,2772.0,1146.5903534310307,-691.0,691.0,-95.59035343103074,95.59035343103074,9137.51566906937
2018-08-16 00:00:00,0,3,0,652,1051.0,793.0,566.4217598823016,-399.0,399.0,85.57824011769844,85.57824011769844,7323.635181642451
2018-08-16 01:00:00,1,3,0,399,652.0,492.0,404.99849430661726,-253.0,253.0,-5.9984943066172605,5.9984943066172605,35.98193394651969
2018-08-16 02:00:00,2,3,0,300,399.0,335.0,316.1186471414344,-99.0,99.0,-16.118647141434394,16.118647141434394,259.81078567007114
2018-08-16 03:00:00,3,3,0,412,300.0,403.0,353.2775105317414,112.0,112.0,58.72248946825857,58.72248946825857,3448.330769349739
2018-08-16 04:00:00,4,3,0,977,412.0,948.0,887.9440915028025,565.0,565.0,89.05590849719749,89.05590849719749,7930.954838261213
2018-08-16 05:00:00,5,3,0,3150,977.0,3181.0,2892.541393103712,2173.0,2173.0,257.4586068962881,257.4586068962881,66284.93426497739
2018-08-16 06:00:00,6,3,0,5386,3150.0,5767.0,5788.807621202007,2236.0,2236.0,-402.8076212020069,402.8076212020069,162253.97969841945
2018-08-16 07:00:00,7,3,1,6494,5386.0,6561.0,6155.833233157213,1108.0,1108.0,338.1667668427872,338.1667668427872,114356.76219690399
2018-08-16 08:00:00,8,3,1,5847,6494.0,5930.0,5914.568802907065,-647.0,647.0,-67.56880290706522,67.56880290706522,4565.5431262938255
2018-08-16 09:00:00,9,3,1,4976,5847.0,4672.0,5070.365245111176,-871.0,871.0,-94.36524511117568,94.36524511117568,8904.799484892266
2018-08-16 10:00:00,10,3,0,4466,4976.0,4638.0,4598.80582169362,-510.0,510.0,-132.8058216936197,132.8058216936197,17637.38627571751
2018-08-16 11:00:00,11,3,0,4574,4466.0,4979.0,4731.758112509139,108.0,108.0,-157.7581125091392,157.7581125091392,24887.622062446226
2018-08-16 12:00:00,12,3,0,4961,4574.0,5016.0,4794.314748008075,387.0,387.0,166.68525199192482,166.68525199192482,27783.973231611475
2018-08-16 13:00:00,13,3,0,4785,4961.0,4841.0,4965.003242240998,-176.0,176.0,-180.00324224099768,180.00324224099768,32401.16721727129
2018-08-16 14:00:00,14,3,0,4927,4785.0,4968.0,4994.172139317346,142.0,142.0,-67.17213931734568,67.17213931734568,4512.096300468897
2018-08-16 15:00:00,15,3,0,5729,4927.0,5428.0,5559.354100711839,802.0,802.0,169.64589928816076,169.64589928816076,28779.731145288784
2018-08-16 16:00:00,16,3,0,6272,5729.0,5541.0,6444.558225756807,543.0,543.0,-172.55822575680668,172.55822575680668,29776.341276337058
2018-08-16 16:00:00,16,3,0,6272,6272.0,5920.0,6461.707824695511,0.0,0.0,-189.70782469551068,189.70782469551068,35989.058750702614
2018-08-16 17:00:00,17,3,1,5928,6272.0,4545.0,5940.163889796378,-344.0,344.0,-12.163889796377589,12.163889796377589,147.96021497841883
2018-08-16 18:00:00,18,3,1,4580,5928.0,3358.0,4641.121394238857,-1348.0,1348.0,-61.12139423885674,61.12139423885674,3735.8248337017494
2018-08-16 19:00:00,19,3,1,3725,4580.0,3133.0,3539.216032516608,-855.0,855.0,185.7839674833922,185.7839674833922,34515.68257387012
2018-08-16 20:00:00,20,3,0,3205,3725.0,2687.0,3235.3819304536823,-520.0,520.0,-30.381930453682344,30.381930453682344,923.0616980923907
2018-08-16 21:00:00,21,3,0,3090,3205.0,1742.0,3009.2830790842336,-115.0,115.0,80.71692091576642,80.71692091576642,6515.221322122091
2018-08-16 22:00:00,22,3,0,2377,3090.0,1051.0,2607.6195468817314,-713.0,713.0,-230.61954688173137,230.61954688173137,53185.37540393509
2018-08-16 23:00:00,23,3,0,1380,2377.0,652.0,1366.0854705167033,-997.0,997.0,13.914529483296747,13.914529483296747,193.61413074153444
2018-08-17 00:00:00,0,4,0,809,1380.0,399.0,1034.6332408814799,-571.0,571.0,-225.63324088147988,225.63324088147988,50910.35939067992
2018-08-17 01:00:00,1,4,0,449,809.0,300.0,480.1648687923815,-360.0,360.0,-31.164868792381526,31.164868792381526,971.249046846356
2018-08-17 02:00:00,2,4,0,363,449.0,412.0,342.316692362377,-86.0,86.0,20.68330763762299,20.68330763762299,427.79921483255345
2018-08-17 02:00:00,2,4,0,363,363.0,977.0,289.32445316787727,0.0,0.0,73.67554683212273,73.67554683212273,5428.08620101231
2018-08-17 03:00:00,3,4,0,408,363.0,3150.0,369.1210690775813,45.0,45.0,38.878930922418704,38.878930922418704,1511.5712696702053
2018-08-17 04:00:00,4,4,0,899,408.0,5386.0,829.9933600174602,491.0,491.0,69.00663998253981,69.00663998253981,4761.916361679861
2018-08-17 05:00:00,5,4,0,2821,899.0,6494.0,2892.541393103712,1922.0,1922.0,-71.54139310371193,71.54139310371193,5118.17092721984
2018-08-17 06:00:00,6,4,0,5243,2821.0,5847.0,5589.924859689288,2422.0,2422.0,-346.9248596892876,346.9248596892876,120356.85827043188
2018-08-17 07:00:00,7,4,1,5994,5243.0,4976.0,6058.213008782943,751.0,751.0,-64.21300878294278,64.21300878294278,4123.310496958286
2018-08-17 07:00:00,7,4,1,5994,5994.0,4466.0,6390.6018577658115,0.0,0.0,-396.6018577658115,396.6018577658115,157293.03358329294
2018-08-17 08:00:00,8,4,1,5406,5994.0,4574.0,5724.384755536793,-588.0,588.0,-318.3847555367929,318.3847555367929,101368.85255822339
2018-08-17 09:00:00,9,4,1,4719,5406.0,4961.0,5135.568643420969,-687.0,687.0,-416.56864342096924,416.56864342096924,173529.43468158663
2018-08-17 10:00:00,10,4,0,4510,4719.0,4785.0,4524.635295000735,-209.0,209.0,-14.635295000734914,14.635295000734914,214.19185975853637
2018-08-17 11:00:00,11,4,0,4948,4510.0,4927.0,4766.3666620599615,438.0,438.0,181.63333794003847,181.63333794003847,32990.66945124022
2018-08-17 12:00:00,12,4,0,5076,4948.0,5729.0,5088.552209308501,128.0,128.0,-12.552209308501006,12.552209308501006,157.5579585244193
2018-08-17 13:00:00,13,4,0,5027,5076.0,6272.0,5129.061316948547,-49.0,49.0,-102.06131694854685,102.06131694854685,10416.512417271735
2018-08-17 14:00:00,14,4,0,5289,5027.0,6272.0,5304.504528450144,262.0,262.0,-15.50452845014388,15.50452845014388,240.39040246132097
2018-08-17 15:00:00,15,4,0,5581,5289.0,5928.0,5742.902847528869,292.0,292.0,-161.90284752886873,161.90284752886873,26212.532037956116
2018-08-17 16:00:00,16,4,0,5734,5581.0,4580.0,6008.348833467075,153.0,153.0,-274.34883346707466,274.34883346707466,75267.28242474467
2018-08-17 17:00:00,17,4,1,5141,5734.0,3725.0,5463.34620902336,-593.0,593.0,-322.34620902335973,322.34620902335973,103907.07847173153
2018-08-17 18:00:00,18,4,1,4536,5141.0,3205.0,4490.492369450077,-605.0,605.0,45.507630549923306,45.507630549923306,2070.9444382683128
2018-08-17 19:00:00,19,4,1,3703,4536.0,3090.0,3649.6771391272982,-833.0,833.0,53.32286087270177,53.32286087270177,2843.3274916495093
2018-08-17 20:00:00,20,4,0,3279,3703.0,2377.0,3231.45842432442,-424.0,424.0,47.541575675580134,47.541575675580134,2260.2014177169126
2018-08-17 21:00:00,21,4,0,3177,3279.0,1380.0,3026.9965069593877,-102.0,102.0,150.00349304061228,150.00349304061228,22501.047924385017
2018-08-17 22:00:00,22,4,0,2903,3177.0,809.0,2894.546218765305,-274.0,274.0,8.453781234694816,8.453781234694816,71.46641716407821
2018-08-17 23:00:00,23,4,0,2126,2903.0,449.0,2127.3916270243776,-777.0,777.0,-1.3916270243776125,1.3916270243776125,1.9366257749780882
2018-08-18 00:00:00,0,5,0,1569,2126.0,363.0,1372.70010099724,-557.0,557.0,196.29989900275996,196.29989900275996,38533.65034849376
2018-08-18 01:00:00,1,5,0,806,1569.0,363.0,905.4220162247191,-763.0,763.0,-99.42201622471907,99.42201622471907,9884.737310188302
2018-08-18 02:00:00,2,5,0,598,806.0,408.0,608.9878904124961,-208.0,208.0,-10.987890412496085,10.987890412496085,120.7337357170234
2018-08-18 02:00:00,2,5,0,598,598.0,899.0,515.1194165014444,0.0,0.0,82.88058349855555,82.88058349855555,6869.191121061039
2018-08-18 03:00:00,3,5,0,448,598.0,2821.0,396.55632658944234,-150.0,150.0,51.443673410557665,51.443673410557665,2646.451533972118
2018-08-18 03:00:00,3,5,0,448,448.0,5243.0,391.54720513678717,0.0,0.0,56.45279486321283,56.45279486321283,3186.9180478679887
2018-08-18 04:00:00,4,5,0,523,448.0,5994.0,461.81500902476785,75.0,75.0,61.184990975232154,61.184990975232154,3743.60312063924
2018-08-18 04:00:00,4,5,0,523,523.0,5994.0,503.36525641044545,0.0,0.0,19.634743589554546,19.634743589554546,385.52315582755335
2018-08-18 05:00:00,5,5,0,940,523.0,5406.0,831.463515579935,417.0,417.0,108.536484420065,108.536484420065,11780.16845026701
2018-08-18 05:00:00,5,5,0,940,940.0,4719.0,1055.7192668530133,0.0,0.0,-115.71926685301332,115.71926685301332,13390.948720998907
2018-08-18 06:00:00,6,5,0,1648,940.0,4510.0,1104.5759454328095,708.0,708.0,543.4240545671905,543.4240545671905,295309.70308224484
2018-08-18 06:00:00,6,5,0,1648,1648.0,4948.0,1923.42801673163,0.0,0.0,-275.4280167316299,275.4280167316299,75860.592400719
2018-08-18 07:00:00,7,5,1,2229,1648.0,5076.0,2172.8960583762832,581.0,581.0,56.103941623716764,56.103941623716764,3147.6522657174187
2018-08-18 07:00:00,7,5,1,2229,2229.0,5027.0,2451.716753097919,0.0,0.0,-222.71675309791908,222.71675309791908,49602.75211047945
2018-08-18 08:00:00,8,5,1,2987,2229.0,5289.0,2970.793592304106,758.0,758.0,16.206407695894086,16.206407695894086,262.64765040553505
2018-08-18 08:00:00,8,5,1,2987,2987.0,5581.0,3483.003613296845,0.0,0.0,-496.00361329684483,496.00361329684483,246019.58440352598
2018-08-18 09:00:00,9,5,1,3922,2987.0,5734.0,3460.027850360209,935.0,935.0,461.97214963979104,461.97214963979104,213418.2670428095
2018-08-18 09:00:00,9,5,1,3922,3922.0,5141.0,3938.3311107366635,0.0,0.0,-16.331110736663504,16.331110736663504,266.70517789316597
2018-08-18 10:00:00,10,5,0,5146,3922.0,4536.0,4043.888869724652,1224.0,1224.0,1102.111130275348,1102.111130275348,1214648.943476805
2018-08-18 10:00:00,10,5,0,5146,5146.0,3703.0,4570.601617878234,0.0,0.0,575.3983821217662,575.3983821217662,331083.2981483461
2018-08-18 11:00:00,11,5,0,4916,5146.0,3279.0,5315.879346579817,-230.0,230.0,-399.87934657981714,399.87934657981714,159903.49182110152
2018-08-18 12:00:00,12,5,0,4448,4916.0,3177.0,5037.612235114097,-468.0,468.0,-589.6122351140966,589.6122351140966,347642.58779624075
2018-08-18 13:00:00,13,5,0,4438,4448.0,2903.0,4590.491973103263,-10.0,10.0,-152.49197310326326,152.49197310326326,23253.801860926367
2018-08-18 14:00:00,14,5,0,4710,4438.0,2126.0,4583.125626481775,272.0,272.0,126.87437351822518,126.87437351822518,16097.10665564212
2018-08-18 15:00:00,15,5,0,4893,4710.0,1569.0,4715.392794930907,183.0,183.0,177.60720506909274,177.60720506909274,31544.319292454762
2018-08-18 16:00:00,16,5,0,4897,4893.0,806.0,4779.506036400343,4.0,4.0,117.49396359965704,117.49396359965704,13804.831482357533
2018-08-18 17:00:00,17,5,1,4664,4897.0,598.0,4725.169964902208,-233.0,233.0,-61.16996490220845,61.16996490220845,3741.7646061374135
2018-08-18 18:00:00,18,5,1,4157,4664.0,598.0,4273.496696712664,-507.0,507.0,-116.49669671266383,116.49669671266383,13571.48034496238
2018-08-18 19:00:00,19,5,1,3619,4157.0,448.0,3448.34211847968,-538.0,538.0,170.6578815203202,170.6578815203202,29124.112525003642
2018-08-18 20:00:00,20,5,0,3543,3619.0,448.0,3184.9258992972304,-76.0,76.0,358.07410070276956,358.07410070276956,128217.06159409715
2018-08-18 21:00:00,21,5,0,3442,3543.0,523.0,3290.2448093792177,-101.0,101.0,151.7551906207823,151.7551906207823,23029.63788034997
2018-08-18 22:00:00,22,5,0,3128,3442.0,523.0,3291.0121940589206,-314.0,314.0,-163.0121940589206,163.0121940589206,26572.975411903193
2018-08-18 23:00:00,23,5,0,2044,3128.0,940.0,2418.9002314442537,-1084.0,1084.0,-374.9002314442537,374.9002314442537,140550.18353695498
2018-08-19 00:00:00,0,6,0,1346,2044.0,940.0,1357.7873246530573,-698.0,698.0,-11.78732465305734,11.78732465305734,138.94102247657332
2018-08-19 01:00:00,1,6,0,997,1346.0,1648.0,885.8869048952007,-349.0,349.0,111.1130951047993,111.1130951047993,12346.119903768174
2018-08-19 02:00:00,2,6,0,726,997.0,1648.0,720.2513513098952,-271.0,271.0,5.748648690104801,5.748648690104801,33.04696176224365
2018-08-19 03:00:00,3,6,0,386,726.0,2229.0,426.6885752379655,-340.0,340.0,-40.688575237965495,40.688575237965495,1655.5601548955788
2018-08-19 04:00:00,4,6,0,388,386.0,2229.0,355.4023098611784,2.0,2.0,32.59769013882158,32.59769013882158,1062.6094023866256
2018-08-19 05:00:00,5,6,0,552,388.0,2987.0,590.3822507141801,164.0,164.0,-38.382250714180145,38.382250714180145,1473.1971698861823
2018-08-19 06:00:00,6,6,0,994,552.0,2987.0,946.9101680325331,442.0,442.0,47.08983196746692,47.08983196746692,2217.4522747242695
2018-08-19 07:00:00,7,6,1,1277,994.0,3922.0,1356.6086182563768,283.0,283.0,-79.60861825637676,79.60861825637676,6337.532100689523
2018-08-19 08:00:00,8,6,1,1971,1277.0,3922.0,2014.207322861375,694.0,694.0,-43.207322861374905,43.207322861374905,1866.8727488470906
2018-08-19 09:00:00,9,6,1,2895,1971.0,5146.0,2990.934632722823,924.0,924.0,-95.93463272282315,95.93463272282315,9203.453755662971
2018-08-19 10:00:00,10,6,0,3766,2895.0,5146.0,3519.3530073728657,871.0,871.0,246.6469926271343,246.6469926271343,60834.73897200964
2018-08-19 11:00:00,11,6,0,4384,3766.0,4916.0,4042.909452028269,618.0,618.0,341.0905479717312,341.0905479717312,116342.76191565586
2018-08-19 12:00:00,12,6,0,4624,4384.0,4448.0,4426.358511548609,240.0,240.0,197.64148845139061,197.64148845139061,39062.15795728117
2018-08-19 13:00:00,13,6,0,4596,4624.0,4438.0,4697.8884438873365,-28.0,28.0,-101.8884438873365,101.8884438873365,10381.25499778292
2018-08-19 14:00:00,14,6,0,4742,4596.0,4710.0,4676.398569623684,146.0,146.0,65.60143037631588,65.60143037631588,4303.547667418619
2018-08-19 15:00:00,15,6,0,4779,4742.0,4893.0,4715.392794930907,37.0,37.0,63.60720506909274,63.60720506909274,4045.8765367016176
2018-08-19 16:00:00,16,6,0,4989,4779.0,4897.0,4733.653607060302,210.0,210.0,255.34639293969758,255.34639293969758,65201.78038731444
2018-08-19 17:00:00,17,6,1,4870,4989.0,4664.0,4816.238165210611,-119.0,119.0,53.76183478938856,53.76183478938856,2890.33487992151
2018-08-19 18:00:00,18,6,1,4287,4870.0,4157.0,4407.284809803886,-583.0,583.0,-120.28480980388576,120.28480980388576,14468.435469556973
2018-08-19 19:00:00,19,6,1,3792,4287.0,3619.0,3467.966667952228,-495.0,495.0,324.0333320477721,324.0333320477721,104997.60027798172
2018-08-19 20:00:00,20,6,0,3213,3792.0,3543.0,3280.77723728936,-579.0,579.0,-67.77723728936007,67.77723728936007,4593.753894578222
2018-08-19 21:00:00,21,6,0,2682,3213.0,3442.0,2873.933433155995,-531.0,531.0,-191.93343315599486,191.93343315599486,36838.44276304675
2018-08-19 22:00:00,22,6,0,1973,2682.0,3128.0,1967.6774426290947,-709.0,709.0,5.322557370905315,5.322557370905315,28.3296169665785
2018-08-19 23:00:00,23,6,0,2369,1973.0,2044.0,1306.2347725423851,396.0,396.0,1062.7652274576149,1062.7652274576149,1129469.9286930359
2018-08-20 00:00:00,0,0,0,922,2369.0,1346.0,776.4083377932478,-1447.0,1447.0,145.59166220675218,145.59166220675218,21196.93210412503
2018-08-20 01:00:00,1,0,0,473,922.0,997.0,473.9643256235454,-449.0,449.0,-0.9643256235453919,0.9643256235453919,0.9299239082262089
2018-08-20 02:00:00,2,0,0,346,473.0,726.0,337.52658503561224,-127.0,127.0,8.473414964387757,8.473414964387757,71.79876115871038
2018-08-20 03:00:00,3,0,0,369,346.0,386.0,350.52416321070734,23.0,23.0,18.475836789292657,18.475836789292657,341.35654506458
2018-08-20 04:00:00,4,0,0,941,369.0,388.0,833.1394636607392,572.0,572.0,107.86053633926076,107.86053633926076,11633.89529939299
2018-08-20 05:00:00,5,0,0,3005,941.0,552.0,2892.541393103712,2064.0,2064.0,112.45860689628807,112.45860689628807,12646.938265053852
2018-08-20 05:00:00,5,0,0,3005,3005.0,994.0,2968.9726872597776,0.0,0.0,36.02731274022244,36.02731274022244,1297.9672632817942
2018-08-20 05:00:00,5,0,0,3005,3005.0,1277.0,2980.4104145325045,0.0,0.0,24.589585467495453,24.589585467495453,604.6477134632636
2018-08-20 05:00:00,5,0,0,3005,3005.0,1971.0,2988.146628780756,0.0,0.0,16.853371219243854,16.853371219243854,284.03612145363707
2018-08-20 06:00:00,6,0,0,5352,3005.0,2895.0,5648.821593949641,2347.0,2347.0,-296.8215939496413,296.8215939496413,88103.05863480573
2018-08-20 07:00:00,7,0,1,6077,5352.0,3766.0,6028.158414216212,725.0,725.0,48.841585783788105,48.841585783788105,2385.500501875132
2018-08-20 08:00:00,8,0,1,5349,6077.0,4384.0,5556.113923662341,-728.0,728.0,-207.11392366234122,207.11392366234122,42896.177374810104
2018-08-20 08:00:00,8,0,1,5349,5349.0,4624.0,4877.453619277567,0.0,0.0,471.54638072243324,471.54638072243324,222355.98917242597
2018-08-20 09:00:00,9,0,1,4777,5349.0,4596.0,4803.263184129365,-572.0,572.0,-26.263184129365072,26.263184129365072,689.7548406129334
2018-08-20 09:00:00,9,0,1,4777,4777.0,4742.0,4560.562625245483,0.0,0.0,216.4373747545169,216.4373747545169,46845.13719062719
2018-08-20 09:00:00,9,0,1,4777,4777.0,4779.0,4560.562625245483,0.0,0.0,216.4373747545169,216.4373747545169,46845.13719062719
2018-08-20 10:00:00,10,0,0,4375,4777.0,4989.0,4406.012364095115,-402.0,402.0,-31.012364095115117,31.012364095115117,961.7667267679853
2018-08-20 10:00:00,10,0,0,4375,4375.0,4870.0,4426.092077693118,0.0,0.0,-51.09207769311797,51.09207769311797,2610.400402999603
2018-08-20 10:00:00,10,0,0,4375,4375.0,4287.0,4419.418226215503,0.0,0.0,-44.41822621550273,44.41822621550273,1972.9788201315737
2018-08-20 10:00:00,10,0,0,4375,4375.0,3792.0,4420.628996087011,0.0,0.0,-45.62899608701082,45.62899608701082,2082.0052839084487
2018-08-20 11:00:00,11,0,0,4532,4375.0,3213.0,4457.675704906207,157.0,157.0,74.3242950937929,74.3242950937929,5524.100841189207
2018-08-20 11:00:00,11,0,0,4532,4532.0,2682.0,4781.015072034074,0.0,0.0,-249.01507203407436,249.01507203407436,62008.506100135244
2018-08-20 11:00:00,11,0,0,4532,4532.0,1973.0,4781.89342724085,0.0,0.0,-249.89342724084963,249.89342724084963,62446.72497817781
2018-08-20 12:00:00,12,0,0,4842,4532.0,2369.0,4781.015072034074,310.0,310.0,60.984927965925635,60.984927965925635,3719.1614390091386
2018-08-20 13:00:00,13,0,0,4690,4842.0,922.0,4944.790688131549,-152.0,152.0,-254.79068813154936,254.79068813154936,64918.29475854845
2018-08-20 14:00:00,14,0,0,5001,4690.0,473.0,4876.91880787394,311.0,311.0,124.08119212606016,124.08119212606016,15396.142239424255
2018-08-20 14:00:00,14,0,0,5001,5001.0,346.0,5248.77145492681,0.0,0.0,-247.7714549268103,247.7714549268103,61390.69387654839
2018-08-20 15:00:00,15,0,0,5388,5001.0,369.0,5461.421569806394,387.0,387.0,-73.42156980639356,73.42156980639356,5390.726912835123
2018-08-20 16:00:00,16,0,0,6423,5388.0,941.0,5926.259249169624,1035.0,1035.0,496.7407508303759,496.7407508303759,246751.37353552558
2018-08-20 16:00:00,16,0,0,6423,6423.0,3005.0,6424.691715198408,0.0,0.0,-1.6917151984080192,1.6917151984080192,2.861900312524684
2018-08-20 17:00:00,17,0,1,5848,6423.0,3005.0,6125.2808389917145,-575.0,575.0,-277.2808389917145,277.2808389917145,76884.6636719491
2018-08-20 17:00:00,17,0,1,5848,5848.0,3005.0,5898.233880398353,0.0,0.0,-50.233880398352994,50.233880398352994,2523.442739876033
2018-08-20 18:00:00,18,0,1,4285,5848.0,3005.0,4289.363318107606,-1563.0,1563.0,-4.363318107605664,4.363318107605664,19.038544908159476
2018-08-20 19:00:00,19,0,1,3231,4285.0,5352.0,3125.59170260003,-1054.0,1054.0,105.4082973999698,105.4082973999698,11110.909160760479
2018-08-20 19:00:00,19,0,1,3231,3231.0,6077.0,3125.9140463441126,0.0,0.0,105.08595365588735,105.08595365588735,11043.057655767305
2018-08-20 20:00:00,20,0,0,2726,3231.0,5349.0,2864.125640383452,-505.0,505.0,-138.1256403834518,138.1256403834518,19078.692531338653
2018-08-20 20:00:00,20,0,0,2726,2726.0,5349.0,2563.586810888183,0.0,0.0,162.4131891118168,162.4131891118168,26378.043997470766
2018-08-20 21:00:00,21,0,0,2240,2726.0,4777.0,2535.1308448294008,-486.0,486.0,-295.13084482940076,295.13084482940076,87102.21556971583
2018-08-20 22:00:00,22,0,0,1617,2240.0,4777.0,1730.3911155968515,-623.0,623.0,-113.39111559685148,113.39111559685148,12857.545096298534
2018-08-20 23:00:00,23,0,0,1005,1617.0,4777.0,1154.6987313168333,-612.0,612.0,-149.69873131683335,149.69873131683335,22409.71015786946
2018-08-21 00:00:00,0,1,0,659,1005.0,4375.0,556.6604756883903,-346.0,346.0,102.3395243116097,102.3395243116097,10473.37823632655
2018-08-21 01:00:00,1,1,0,416,659.0,4375.0,408.77875058867835,-243.0,243.0,7.221249411321651,7.221249411321651,52.146443060513285
2018-08-21 02:00:00,2,1,0,316,416.0,4375.0,318.4086743858924,-100.0,100.0,-2.408674385892425,2.408674385892425,5.801712297254252
2018-08-21 03:00:00,3,1,0,336,316.0,4375.0,353.55428047775604,20.0,20.0,-17.554280477756038,17.554280477756038,308.15276309172674
2018-08-21 04:00:00,4,1,0,996,336.0,4532.0,851.3050915476401,660.0,660.0,144.69490845235987,144.69490845235987,20936.6165320368
2018-08-21 05:00:00,5,1,0,3136,996.0,4532.0,2892.541393103712,2140.0,2140.0,243.45860689628807,243.45860689628807,59272.09327188133
2018-08-21 06:00:00,6,1,0,5701,3136.0,4532.0,5769.490960981956,2565.0,2565.0,-68.49096098195605,68.49096098195605,4691.011736231826
2018-08-21 07:00:00,7,1,1,6837,5701.0,4842.0,6325.350171172307,1136.0,1136.0,511.64982882769345,511.64982882769345,261785.54733940802
2018-08-21 08:00:00,8,1,1,6123,6837.0,4690.0,6023.829223299599,-714.0,714.0,99.17077670040089,99.17077670040089,9834.842951360777
2018-08-21 09:00:00,9,1,1,5053,6123.0,5001.0,5186.083727337555,-1070.0,1070.0,-133.0837273375546,133.0837273375546,17711.278482056576
2018-08-21 10:00:00,10,1,0,4540,5053.0,5001.0,4554.643135851072,-513.0,513.0,-14.643135851071747,14.643135851071747,214.4214275529427
2018-08-21 11:00:00,11,1,0,4652,4540.0,5388.0,4785.68804573709,112.0,112.0,-133.68804573708985,133.68804573708985,17872.493573002226
2018-08-21 12:00:00,12,1,0,4794,4652.0,6423.0,4873.203982506202,142.0,142.0,-79.20398250620201,79.20398250620201,6273.270844842754
2018-08-21 13:00:00,13,1,0,4762,4794.0,6423.0,4921.432748676819,-32.0,32.0,-159.43274867681885,159.43274867681885,25418.80135064568
2018-08-21 14:00:00,14,1,0,4994,4762.0,5848.0,4908.875602029989,232.0,232.0,85.12439797001116,85.12439797001116,7246.16312975684
2018-08-21 15:00:00,15,1,0,5660,4994.0,5848.0,5595.624965475282,666.0,666.0,64.3750345247181,64.3750345247181,4144.145070058647
2018-08-21 16:00:00,16,1,0,6229,5660.0,4285.0,6342.052564575189,569.0,569.0,-113.05256457518863,113.05256457518863,12780.882357027194
2018-08-21 17:00:00,17,1,1,5875,6229.0,3231.0,5759.254843145205,-354.0,354.0,115.74515685479491,115.74515685479491,13396.941335341078
2018-08-21 18:00:00,18,1,1,4435,5875.0,3231.0,4433.974197077077,-1440.0,1440.0,1.025802922922594,1.025802922922594,1.0522716366765374
2018-08-21 19:00:00,19,1,1,3410,4435.0,2726.0,3211.8880754336133,-1025.0,1025.0,198.11192456638673,198.11192456638673,39248.33465539771
2018-08-21 20:00:00,20,1,0,3003,3410.0,2726.0,2993.041561370251,-407.0,407.0,9.958438629748798,9.958438629748798,99.17049994247311
2018-08-21 21:00:00,21,1,0,2504,3003.0,2240.0,2713.6400018041377,-499.0,499.0,-209.64000180413768,209.64000180413768,43948.930356438854
2018-08-21 22:00:00,22,1,0,1747,2504.0,1617.0,1802.2441935186882,-757.0,757.0,-55.244193518688235,55.244193518688235,3051.9209175302753
2018-08-21 23:00:00,23,1,0,1117,1747.0,1005.0,1153.4256148396425,-630.0,630.0,-36.42561483964255,36.42561483964255,1326.8254164459875
2018-08-22 00:00:00,0,2,0,635,1117.0,659.0,624.4975750310026,-482.0,482.0,10.502424968997389,10.502424968997389,110.30093022941979
2018-08-22 01:00:00,1,2,0,425,635.0,416.0,393.0780877296283,-210.0,210.0,31.921912270371706,31.921912270371706,1019.0084829973077
2018-08-22 02:00:00,2,2,0,279,425.0,316.0,333.58258347048815,-146.0,146.0,-54.582583470488146,54.582583470488146,2979.2584183128056
2018-08-22 03:00:00,3,2,0,393,279.0,336.0,353.1596581347322,114.0,114.0,39.84034186526782,39.84034186526782,1587.2528399414116
2018-08-22 04:00:00,4,2,0,994,393.0,996.0,872.2705680388551,601.0,601.0,121.72943196114488,121.72943196114488,14818.054605583002
2018-08-22 05:00:00,5,2,0,3163,994.0,3136.0,2892.541393103712,2169.0,2169.0,270.4586068962881,270.4586068962881,73147.85804428089
2018-08-22 06:00:00,6,2,0,5766,3163.0,5701.0,5839.134278602658,2603.0,2603.0,-73.13427860265801,73.13427860265801,5348.622706731202
2018-08-22 07:00:00,7,2,1,6589,5766.0,6837.0,6413.276426503573,823.0,823.0,175.72357349642698,175.72357349642698,30878.774282354174
2018-08-22 08:00:00,8,2,1,6056,6589.0,6123.0,5949.436172516606,-533.0,533.0,106.56382748339365,106.56382748339365,11355.849327910484
2018-08-22 09:00:00,9,2,1,5116,6056.0,5053.0,5177.878825956828,-940.0,940.0,-61.87882595682822,61.87882595682822,3828.9891017954383
2018-08-22 10:00:00,10,2,0,4583,5116.0,4540.0,4570.583785400588,-533.0,533.0,12.416214599412342,12.416214599412342,154.16238497866019
2018-08-22 11:00:00,11,2,0,4734,4583.0,4652.0,4806.421460525129,151.0,151.0,-72.42146052512908,72.42146052512908,5244.867944592829
2018-08-22 12:00:00,12,2,0,5043,4734.0,4794.0,4894.609774391263,309.0,309.0,148.39022560873673,148.39022560873673,22019.659056211785
2018-08-22 13:00:00,13,2,0,4938,5043.0,4762.0,5008.915737831203,-105.0,105.0,-70.91573783120293,70.91573783120293,5029.041872143906
2018-08-22 14:00:00,14,2,0,5216,4938.0,4994.0,5209.433702753147,278.0,278.0,6.566297246852628,6.566297246852628,43.1162595340244
2018-08-22 15:00:00,15,2,0,5707,5216.0,5660.0,5745.797282721308,491.0,491.0,-38.797282721307965,38.797282721307965,1505.2291465571016
2018-08-22 16:00:00,16,2,0,6470,5707.0,6229.0,6469.80081319106,763.0,763.0,0.19918680893988494,0.19918680893988494,0.03967538485565423
2018-08-22 17:00:00,17,2,1,5819,6470.0,5875.0,6154.814836653465,-651.0,651.0,-335.81483665346514,335.81483665346514,112771.60451659348
2018-08-22 18:00:00,18,2,1,4446,5819.0,4435.0,4416.1363315218905,-1373.0,1373.0,29.863668478109503,29.863668478109503,891.8386949704311
2018-08-22 19:00:00,19,2,1,3444,4446.0,3410.0,3241.321009412318,-1002.0,1002.0,202.67899058768216,202.67899058768216,41078.77322564176
2018-08-22 20:00:00,20,2,0,3154,3444.0,3003.0,3031.5742949832916,-290.0,290.0,122.42570501670843,122.42570501670843,14988.053248838109
2018-08-22 21:00:00,21,2,0,2627,3154.0,2504.0,2818.2456501279903,-527.0,527.0,-191.2456501279903,191.2456501279903,36574.89869287768
2018-08-22 22:00:00,22,2,0,1928,2627.0,1747.0,1923.8072900582672,-699.0,699.0,4.192709941732801,4.192709941732801,17.578816655505065
2018-08-22 23:00:00,23,2,0,1169,1928.0,1117.0,1265.1616632660705,-759.0,759.0,-96.16166326607049,96.16166326607049,9247.06548209713
2018-08-23 00:00:00,0,3,0,596,1169.0,635.0,640.7818354558035,-573.0,573.0,-44.7818354558035,44.7818354558035,2005.4127867906598
2018-08-23 01:00:00,1,3,0,402,596.0,425.0,367.267569421578,-194.0,194.0,34.732430578422,34.732430578422,1206.3417338849033
2018-08-23 03:00:00,3,3,0,381,402.0,279.0,410.26152922348854,-21.0,21.0,-29.261529223488537,29.261529223488537,856.2370924970737
2018-08-23 04:00:00,4,3,0,976,381.0,393.0,840.950467555876,595.0,595.0,135.049532444124,135.049532444124,18238.3762133765
2018-08-23 05:00:00,5,3,0,3163,976.0,994.0,2892.541393103712,2187.0,2187.0,270.4586068962881,270.4586068962881,73147.85804428089
2018-08-23 06:00:00,6,3,0,5860,3163.0,3163.0,5763.316328146645,2697.0,2697.0,96.68367185335501,96.68367185335501,9347.732403047232
2018-08-23 07:00:00,7,3,1,6815,5860.0,5766.0,6378.3829482878255,955.0,955.0,436.61705171217454,436.61705171217454,190634.4498458317
2018-08-23 08:00:00,8,3,1,6162,6815.0,6589.0,5985.029077110566,-653.0,653.0,176.9709228894344,176.9709228894344,31318.707548338138
2018-08-23 09:00:00,9,3,1,5583,6162.0,6056.0,5156.001855842024,-579.0,579.0,426.99814415797573,426.99814415797573,182327.41511435542
2018-08-23 10:00:00,10,3,0,4837,5583.0,5116.0,4662.170838731939,-746.0,746.0,174.8291612680614,174.8291612680614,30565.23562969382
2018-08-23 11:00:00,11,3,0,5015,4837.0,4583.0,5053.335962211548,178.0,178.0,-38.33596221154767,38.33596221154767,1469.6459986852108
2018-08-23 12:00:00,12,3,0,5136,5015.0,4734.0,5092.35640201098,121.0,121.0,43.643597989020236,43.643597989020236,1904.7636454272113
2018-08-23 13:00:00,13,3,0,5051,5136.0,5043.0,5196.915595325107,-85.0,85.0,-145.91559532510655,145.91559532510655,21291.360959080255
2018-08-23 14:00:00,14,3,0,5312,5051.0,4938.0,5320.92261947587,261.0,261.0,-8.922619475870306,8.922619475870306,79.6131383111801
2018-08-23 15:00:00,15,3,0,5848,5312.0,5216.0,5744.694507798952,536.0,536.0,103.30549220104785,103.30549220104785,10672.024718900759
2018-08-23 16:00:00,16,3,0,6586,5848.0,5707.0,6541.075625600921,738.0,738.0,44.92437439907917,44.92437439907917,2018.19941514864
2018-08-23 17:00:00,17,3,1,5780,6586.0,6470.0,6167.131407365246,-806.0,806.0,-387.13140736524565,387.13140736524565,149870.72656859577
2018-08-23 18:00:00,18,3,1,4750,5780.0,5819.0,4801.881672232319,-1030.0,1030.0,-51.88167223231903,51.88167223231903,2691.707913621784
2018-08-23 19:00:00,19,3,1,3519,4750.0,4446.0,3583.79333471021,-1231.0,1231.0,-64.79333471020982,64.79333471020982,4198.1762228692805
2018-08-23 20:00:00,20,3,0,2996,3519.0,3444.0,3153.2618199608883,-523.0,523.0,-157.26181996088826,157.26181996088826,24731.280017410834
2018-08-23 21:00:00,21,3,0,2717,2996.0,3154.0,2970.5095229511458,-279.0,279.0,-253.50952295114575,253.50952295114575,64267.078226917496
2018-08-23 22:00:00,22,3,0,2107,2717.0,2627.0,2013.1329192111132,-610.0,610.0,93.86708078888682,93.86708078888682,8811.028855827406
2018-08-23 23:00:00,23,3,0,1904,2107.0,1928.0,1333.7738754540164,-203.0,203.0,570.2261245459836,570.2261245459836,325157.83311473153
2018-08-24 00:00:00,0,4,0,790,1904.0,1169.0,905.2583943645233,-1114.0,1114.0,-115.25839436452327,115.25839436452327,13284.49747148797
2018-08-24 01:00:00,1,4,0,505,790.0,596.0,467.5425311862317,-285.0,285.0,37.45746881376829,37.45746881376829,1403.0619699344238
2018-08-24 01:00:00,1,4,0,505,505.0,402.0,356.66080560134424,0.0,0.0,148.33919439865576,148.33919439865576,22004.516594842185
2018-08-24 02:00:00,2,4,0,387,505.0,381.0,355.5581247600845,-118.0,118.0,31.441875239915476,31.441875239915476,988.5915186024098
2018-08-24 02:00:00,2,4,0,387,387.0,976.0,308.853948656021,0.0,0.0,78.14605134397902,78.14605134397902,6106.805340655806
2018-08-24 03:00:00,3,4,0,424,387.0,3163.0,392.21267133046257,37.0,37.0,31.78732866953743,31.78732866953743,1010.4342639451962
2018-08-24 03:00:00,3,4,0,424,424.0,5860.0,408.5556545989898,0.0,0.0,15.444345401010196,15.444345401010196,238.52780486570478
2018-08-24 03:00:00,3,4,0,424,424.0,6815.0,408.7953971422415,0.0,0.0,15.204602857758516,15.204602857758516,231.17994806215845
2018-08-24 04:00:00,4,4,0,916,424.0,6162.0,824.8486746037188,492.0,492.0,91.15132539628121,91.15132539628121,8308.564121498739
2018-08-24 04:00:00,4,4,0,916,916.0,5583.0,870.8522104139156,0.0,0.0,45.1477895860844,45.1477895860844,2038.322904509351
2018-08-24 05:00:00,5,4,0,2950,916.0,4837.0,2892.541393103712,2034.0,2034.0,57.458606896288074,57.458606896288074,3301.4915064621637
2018-08-24 05:00:00,5,4,0,2950,2950.0,5015.0,2946.291862158705,0.0,0.0,3.708137841294956,3.708137841294956,13.750286250043617
2018-08-24 05:00:00,5,4,0,2950,2950.0,5136.0,2942.3928200952128,0.0,0.0,7.607179904787245,7.607179904787245,57.869186103798874
2018-08-24 06:00:00,6,4,0,5259,2950.0,5051.0,5650.319336937919,2309.0,2309.0,-391.3193369379187,391.3193369379187,153130.82346153236
2018-08-24 06:00:00,6,4,0,5259,5259.0,5312.0,5296.60589383594,0.0,0.0,-37.60589383594015,37.60589383594015,1414.2032512000014
2018-08-24 06:00:00,6,4,0,5259,5259.0,5848.0,5296.60589383594,0.0,0.0,-37.60589383594015,37.60589383594015,1414.2032512000014
2018-08-24 07:00:00,7,4,1,6243,5259.0,6586.0,5946.191469758189,984.0,984.0,296.80853024181124,296.80853024181124,88095.30362430417
2018-08-24 07:00:00,7,4,1,6243,6243.0,5780.0,6376.256199380107,0.0,0.0,-133.25619938010732,133.25619938010732,17757.214673230916
2018-08-24 07:00:00,7,4,1,6243,6243.0,4750.0,6376.256199380107,0.0,0.0,-133.25619938010732,133.25619938010732,17757.214673230916
2018-08-24 07:00:00,7,4,1,6243,6243.0,3519.0,6390.752927737144,0.0,0.0,-147.7529277371441,147.7529277371441,21830.927654897725
2018-08-24 07:00:00,7,4,1,6243,6243.0,2996.0,6408.133613151609,0.0,0.0,-165.1336131516091,165.1336131516091,27269.110192505286
2018-08-24 08:00:00,8,4,1,5687,6243.0,2717.0,5849.28692139031,-556.0,556.0,-162.28692139031045,162.28692139031045,26337.044854344804
2018-08-24 08:00:00,8,4,1,5687,5687.0,2107.0,5737.7742257292275,0.0,0.0,-50.77422572922751,50.77422572922751,2578.021998402549
2018-08-24 08:00:00,8,4,1,5687,5687.0,1904.0,5737.7742257292275,0.0,0.0,-50.77422572922751,50.77422572922751,2578.021998402549
2018-08-24 09:00:00,9,4,1,4971,5687.0,790.0,5186.083727337555,-716.0,716.0,-215.0837273375546,215.0837273375546,46261.009765415525
2018-08-24 09:00:00,9,4,1,4971,4971.0,505.0,5056.979063042353,0.0,0.0,-85.97906304235312,85.97906304235312,7392.399281640932
2018-08-24 09:00:00,9,4,1,4971,4971.0,505.0,5056.979063042353,0.0,0.0,-85.97906304235312,85.97906304235312,7392.399281640932
2018-08-24 09:00:00,9,4,1,4971,4971.0,387.0,5056.979063042353,0.0,0.0,-85.97906304235312,85.97906304235312,7392.399281640932
2018-08-24 10:00:00,10,4,0,4539,4971.0,387.0,4673.9314154324065,-432.0,432.0,-134.93141543240654,134.93141543240654,18206.48687059268
2018-08-24 10:00:00,10,4,0,4539,4539.0,424.0,4519.568120488644,0.0,0.0,19.431879511355874,19.431879511355874,377.5979413438522
2018-08-24 10:00:00,10,4,0,4539,4539.0,424.0,4431.199246026541,0.0,0.0,107.800753973459,107.800753973459,11621.002557246235
2018-08-24 11:00:00,11,4,0,4391,4539.0,424.0,4774.86634457509,-148.0,148.0,-383.8663445750899,383.8663445750899,147353.37049744165
2018-08-24 11:00:00,11,4,0,4391,4391.0,916.0,4434.324424916598,0.0,0.0,-43.32442491659822,43.32442491659822,1877.0057943539566
2018-08-24 11:00:00,11,4,0,4391,4391.0,916.0,4434.324424916598,0.0,0.0,-43.32442491659822,43.32442491659822,1877.0057943539566
2018-08-24 11:00:00,11,4,0,4391,4391.0,2950.0,4434.324424916598,0.0,0.0,-43.32442491659822,43.32442491659822,1877.0057943539566
2018-08-24 12:00:00,12,4,0,4971,4391.0,2950.0,4434.324424916598,580.0,580.0,536.6755750834018,536.6755750834018,288020.6728911
2018-08-24 12:00:00,12,4,0,4971,4971.0,2950.0,5086.860778143902,0.0,0.0,-115.86077814390228,115.86077814390228,13423.719912110544
2018-08-24 12:00:00,12,4,0,4971,4971.0,5259.0,5086.860778143902,0.0,0.0,-115.86077814390228,115.86077814390228,13423.719912110544
2018-08-24 13:00:00,13,4,0,5149,4971.0,5259.0,4965.906811030778,178.0,178.0,183.09318896922196,183.09318896922196,33523.11584691922
2018-08-24 13:00:00,13,4,0,5149,5149.0,5259.0,5290.85145448793,0.0,0.0,-141.8514544879299,141.8514544879299,20121.835140341253
2018-08-24 13:00:00,13,4,0,5149,5149.0,6243.0,5290.85145448793,0.0,0.0,-141.8514544879299,141.8514544879299,20121.835140341253
2018-08-24 13:00:00,13,4,0,5149,5149.0,6243.0,5290.85145448793,0.0,0.0,-141.8514544879299,141.8514544879299,20121.835140341253
2018-08-24 14:00:00,14,4,0,5499,5149.0,6243.0,5332.322606382144,350.0,350.0,166.67739361785607,166.67739361785607,27781.353543241727
2018-08-24 14:00:00,14,4,0,5499,5499.0,6243.0,5745.779366714987,0.0,0.0,-246.7793667149872,246.7793667149872,60900.055836250125
2018-08-24 14:00:00,14,4,0,5499,5499.0,6243.0,5745.779366714987,0.0,0.0,-246.7793667149872,246.7793667149872,60900.055836250125
2018-08-24 15:00:00,15,4,0,5879,5499.0,5687.0,5849.475862547919,380.0,380.0,29.52413745208105,29.52413745208105,871.6746922893749
2018-08-24 15:00:00,15,4,0,5879,5879.0,5687.0,5858.847080649783,0.0,0.0,20.152919350217417,20.152919350217417,406.14015833636756
2018-08-24 16:00:00,16,4,0,6088,5879.0,5687.0,6140.877687296618,209.0,209.0,-52.877687296618205,52.877687296618205,2796.0498138389385
2018-08-24 16:00:00,16,4,0,6088,6088.0,4971.0,6314.161643341405,0.0,0.0,-226.16164334140467,226.16164334140467,51149.08891888473
2018-08-24 16:00:00,16,4,0,6088,6088.0,4971.0,6314.161643341405,0.0,0.0,-226.16164334140467,226.16164334140467,51149.08891888473
2018-08-24 17:00:00,17,4,1,5750,6088.0,4971.0,5625.111642172226,-338.0,338.0,124.88835782777369,124.88835782777369,15597.101920918041
2018-08-24 17:00:00,17,4,1,5750,5750.0,4971.0,5568.700394737118,0.0,0.0,181.29960526288232,181.29960526288232,32869.54686847695
2018-08-24 17:00:00,17,4,1,5750,5750.0,4539.0,5568.700394737118,0.0,0.0,181.29960526288232,181.29960526288232,32869.54686847695
2018-08-24 18:00:00,18,4,1,4755,5750.0,4539.0,4729.15955045045,-995.0,995.0,25.840449549549703,25.840449549549703,667.7288329228235
2018-08-24 18:00:00,18,4,1,4755,4755.0,4539.0,4534.710796297314,0.0,0.0,220.28920370268588,220.28920370268588,48527.33326796343
2018-08-24 18:00:00,18,4,1,4755,4755.0,4391.0,4536.190379630647,0.0,0.0,218.80962036935307,218.80962036935307,47877.64996618041
2018-08-24 19:00:00,19,4,1,3467,4755.0,4391.0,3769.4446909988383,-1288.0,1288.0,-302.44469099883827,302.44469099883827,91472.79111338276
2018-08-24 20:00:00,20,4,0,3076,3467.0,4391.0,3099.704689711196,-391.0,391.0,-23.704689711195897,23.704689711195897,561.9123143040766
2018-08-24 21:00:00,21,4,0,3164,3076.0,4391.0,3025.558551294765,88.0,88.0,138.44144870523496,138.44144870523496,19166.034719604202
2018-08-24 22:00:00,22,4,0,2435,3164.0,4971.0,2887.3350724423335,-729.0,729.0,-452.3350724423335,452.3350724423335,204607.01776141112
2018-08-24 23:00:00,23,4,0,1860,2435.0,4971.0,1959.99834956487,-575.0,575.0,-99.99834956487007,99.99834956487007,9999.66991569795
2018-08-25 00:00:00,0,5,0,1089,1860.0,4971.0,1293.384538834912,-771.0,771.0,-204.38453883491206,204.38453883491206,41773.039714759674
2018-08-25 00:00:00,0,5,0,1089,1089.0,5149.0,1098.7984753877804,0.0,0.0,-9.7984753877804,9.7984753877804,96.01011992493825
2018-08-25 01:00:00,1,5,0,725,1089.0,5149.0,733.652288843805,-364.0,364.0,-8.652288843804968,8.652288843804968,74.8621022366319
2018-08-25 01:00:00,1,5,0,725,725.0,5149.0,698.803520734459,0.0,0.0,26.19647926554103,26.19647926554103,686.2555259099211
2018-08-25 02:00:00,2,5,0,495,725.0,5149.0,588.8218484092997,-230.0,230.0,-93.82184840929972,93.82184840929972,8802.539238937616
2018-08-25 02:00:00,2,5,0,495,495.0,5499.0,440.58009257594966,0.0,0.0,54.419907424050336,54.419907424050336,2961.526324042209
2018-08-25 02:00:00,2,5,0,495,495.0,5499.0,441.6896142398865,0.0,0.0,53.31038576011349,53.31038576011349,2841.997229892111
2018-08-25 03:00:00,3,5,0,366,495.0,5499.0,388.2481230228006,-129.0,129.0,-22.2481230228006,22.2481230228006,494.97897803767006
2018-08-25 03:00:00,3,5,0,366,366.0,5879.0,371.78825203990004,0.0,0.0,-5.788252039900044,5.788252039900044,33.50386167740702
2018-08-25 04:00:00,4,5,0,500,366.0,5879.0,389.77823992301666,134.0,134.0,110.22176007698334,110.22176007698334,12148.836394468079
2018-08-25 04:00:00,4,5,0,500,500.0,6088.0,484.78840436813175,0.0,0.0,15.21159563186825,15.21159563186825,231.3926416674732
2018-08-25 05:00:00,5,5,0,875,500.0,6088.0,795.9352568692697,375.0,375.0,79.06474313073033,79.06474313073033,6251.23360632837
2018-08-25 05:00:00,5,5,0,875,875.0,6088.0,972.3757570856652,0.0,0.0,-97.37575708566521,97.37575708566521,9482.038068006479
2018-08-25 06:00:00,6,5,0,1837,875.0,5750.0,1069.292503883762,962.0,962.0,767.707496116238,767.707496116238,589374.7995930635
2018-08-25 06:00:00,6,5,0,1837,1837.0,5750.0,1921.4711648621953,0.0,0.0,-84.47116486219534,84.47116486219534,7135.377693176184
2018-08-25 07:00:00,7,5,1,2672,1837.0,5750.0,2077.184017713186,835.0,835.0,594.8159822868138,594.8159822868138,353806.0527838272
2018-08-25 07:00:00,7,5,1,2672,2672.0,4755.0,3773.0011880082807,0.0,0.0,-1101.0011880082807,1101.0011880082807,1212203.6159956455
2018-08-25 07:00:00,7,5,1,2672,2672.0,4755.0,3740.8000462166774,0.0,0.0,-1068.8000462166774,1068.8000462166774,1142333.5387927718
2018-08-25 08:00:00,8,5,1,3503,2672.0,4755.0,3213.0693737896095,831.0,831.0,289.9306262103905,289.9306262103905,84059.76801474919
2018-08-25 08:00:00,8,5,1,3503,3503.0,3467.0,3709.021655015955,0.0,0.0,-206.02165501595482,206.02165501595482,42444.9223355131
2018-08-25 08:00:00,8,5,1,3503,3503.0,3076.0,3709.021655015955,0.0,0.0,-206.02165501595482,206.02165501595482,42444.9223355131
2018-08-25 09:00:00,9,5,1,4100,3503.0,3164.0,3717.002295531746,597.0,597.0,382.99770446825414,382.99770446825414,146687.24162795214
2018-08-25 09:00:00,9,5,1,4100,4100.0,2435.0,4078.5267535963,0.0,0.0,21.47324640370016,21.47324640370016,461.1003111140218
2018-08-25 09:00:00,9,5,1,4100,4100.0,1860.0,4078.5267535963,0.0,0.0,21.47324640370016,21.47324640370016,461.1003111140218
2018-08-25 10:00:00,10,5,0,4509,4100.0,1089.0,4212.8437905270175,409.0,409.0,296.1562094729825,296.1562094729825,87708.50040940508
2018-08-25 10:00:00,10,5,0,4509,4509.0,1089.0,4391.2611418929855,0.0,0.0,117.7388581070145,117.7388581070145,13862.438708343692
2018-08-25 11:00:00,11,5,0,4647,4509.0,725.0,4624.370368618179,138.0,138.0,22.629631381821127,22.629631381821127,512.1002164771036
2018-08-25 11:00:00,11,5,0,4647,4647.0,725.0,4707.526555990793,0.0,0.0,-60.526555990792986,60.526555990792986,3663.4639801065982
2018-08-25 12:00:00,12,5,0,4846,4647.0,495.0,4707.526555990793,199.0,199.0,138.47344400920701,138.47344400920701,19174.89469577099
2018-08-25 13:00:00,13,5,0,4585,4846.0,495.0,4880.999573576548,-261.0,261.0,-295.99957357654785,295.99957357654785,87615.74755749817
2018-08-25 14:00:00,14,5,0,4696,4585.0,495.0,4640.668201586926,111.0,111.0,55.33179841307356,55.33179841307356,3061.6079156250094
2018-08-25 15:00:00,15,5,0,5015,4696.0,366.0,4715.392794930907,319.0,319.0,299.60720506909274,299.60720506909274,89764.47732931339
2018-08-25 16:00:00,16,5,0,4677,5015.0,366.0,4936.625889001108,-338.0,338.0,-259.6258890011077,259.6258890011077,67405.60223961549
2018-08-25 17:00:00,17,5,1,4541,4677.0,500.0,4448.179108824017,-136.0,136.0,92.82089117598298,92.82089117598298,8615.717838703675
2018-08-25 18:00:00,18,5,1,3914,4541.0,500.0,4312.596146819577,-627.0,627.0,-398.59614681957737,398.59614681957737,158878.8882594141
2018-08-25 19:00:00,19,5,1,3371,3914.0,875.0,3420.781897812076,-543.0,543.0,-49.78189781207584,49.78189781207584,2478.2373497719614
2018-08-25 20:00:00,20,5,0,3071,3371.0,875.0,3051.97938922786,-300.0,300.0,19.020610772140117,19.020610772140117,361.7836341452527
2018-08-25 21:00:00,21,5,0,3156,3071.0,1837.0,3035.2571487957025,85.0,85.0,120.7428512042975,120.7428512042975,14578.836116943125
2018-08-25 21:00:00,21,5,0,3156,3156.0,1837.0,3059.967604051677,0.0,0.0,96.03239594832303,96.03239594832303,9222.22107157549
2018-08-25 22:00:00,22,5,0,2713,3156.0,2672.0,3038.3921615920904,-443.0,443.0,-325.39216159209036,325.39216159209036,105880.05882557304
2018-08-25 22:00:00,22,5,0,2713,2713.0,2672.0,2709.6307581437936,0.0,0.0,3.369241856206372,3.369241856206372,11.35179068561296
2018-08-25 22:00:00,22,5,0,2713,2713.0,2672.0,2709.036869254905,0.0,0.0,3.963130745094986,3.963130745094986,15.70640530271714
2018-08-25 23:00:00,23,5,0,2134,2713.0,3503.0,2295.611207842081,-579.0,579.0,-161.61120784208106,161.61120784208106,26118.18250017632
2018-08-25 23:00:00,23,5,0,2134,2134.0,3503.0,1887.632040600248,0.0,0.0,246.36795939975195,246.36795939975195,60697.17141879783
2018-08-25 23:00:00,23,5,0,2134,2134.0,3503.0,1868.0109726435091,0.0,0.0,265.98902735649085,265.98902735649085,70750.16267405204
2018-08-26 00:00:00,0,6,0,1375,2134.0,4100.0,1417.2716774201106,-759.0,759.0,-42.271677420110564,42.271677420110564,1786.8947119098852
2018-08-26 00:00:00,0,6,0,1375,1375.0,4100.0,1351.6919339568249,0.0,0.0,23.30806604317513,23.30806604317513,543.2659426730136
2018-08-26 01:00:00,1,6,0,855,1375.0,4100.0,927.6919065044043,-520.0,520.0,-72.6919065044043,72.6919065044043,5284.113271245056
2018-08-26 01:00:00,1,6,0,855,855.0,4509.0,715.3200481288782,0.0,0.0,139.67995187112183,139.67995187112183,19510.488954718912
2018-08-26 01:00:00,1,6,0,855,855.0,4509.0,714.8806830495132,0.0,0.0,140.1193169504868,140.1193169504868,19633.422982670974
2018-08-26 02:00:00,2,6,0,614,855.0,4647.0,676.239520446635,-241.0,241.0,-62.23952044663497,62.23952044663497,3873.7579054270923
2018-08-26 02:00:00,2,6,0,614,614.0,4647.0,526.2221350528348,0.0,0.0,87.7778649471652,87.7778649471652,7704.953574682773
2018-08-26 02:00:00,2,6,0,614,614.0,4846.0,524.2572080635789,0.0,0.0,89.7427919364211,89.7427919364211,8053.768704543768
2018-08-26 03:00:00,3,6,0,382,614.0,4585.0,392.1293458328475,-232.0,232.0,-10.129345832847491,10.129345832847491,102.60364700142483
2018-08-26 03:00:00,3,6,0,382,382.0,4696.0,377.480405327924,0.0,0.0,4.519594672075982,4.519594672075982,20.426735999857605
2018-08-26 03:00:00,3,6,0,382,382.0,5015.0,377.480405327924,0.0,0.0,4.519594672075982,4.519594672075982,20.426735999857605
2018-08-26 04:00:00,4,6,0,325,382.0,4677.0,378.02647461653925,-57.0,57.0,-53.02647461653925,53.02647461653925,2811.807010258481
2018-08-26 04:00:00,4,6,0,325,325.0,4541.0,293.6941213022288,0.0,0.0,31.30587869777122,31.30587869777122,980.0580410395659
2018-08-26 05:00:00,5,6,0,551,325.0,3914.0,504.38722033244005,226.0,226.0,46.61277966755995,46.61277966755995,2172.75122833649
2018-08-26 05:00:00,5,6,0,551,551.0,3371.0,581.7750260675233,0.0,0.0,-30.7750260675233,30.7750260675233,947.1022294567385
2018-08-26 06:00:00,6,6,0,1106,551.0,3071.0,897.2228501222168,555.0,555.0,208.77714987778324,208.77714987778324,43587.89831109037
2018-08-26 06:00:00,6,6,0,1106,1106.0,3156.0,1161.3804763669305,0.0,0.0,-55.38047636693045,55.38047636693045,3066.997162628142
2018-08-26 06:00:00,6,6,0,1106,1106.0,3156.0,1161.3804763669305,0.0,0.0,-55.38047636693045,55.38047636693045,3066.997162628142
2018-08-26 07:00:00,7,6,1,1657,1106.0,2713.0,1218.6373407093677,551.0,551.0,438.36265929063234,438.36265929063234,192161.821060355
2018-08-26 07:00:00,7,6,1,1657,1657.0,2713.0,1953.9931793571698,0.0,0.0,-296.99317935716977,296.99317935716977,88204.94858468001
2018-08-26 07:00:00,7,6,1,1657,1657.0,2713.0,1953.9931793571698,0.0,0.0,-296.99317935716977,296.99317935716977,88204.94858468001
2018-08-26 08:00:00,8,6,1,2467,1657.0,2134.0,2021.3042804915985,810.0,810.0,445.69571950840145,445.69571950840145,198644.67438811166
2018-08-26 08:00:00,8,6,1,2467,2467.0,2134.0,2687.508980540143,0.0,0.0,-220.50898054014306,220.50898054014306,48624.21049885319
2018-08-26 09:00:00,9,6,1,3408,2467.0,2134.0,2709.5562034304917,941.0,941.0,698.4437965695083,698.4437965695083,487823.7369664287
2018-08-26 09:00:00,9,6,1,3408,3408.0,1375.0,3694.0904631037038,0.0,0.0,-286.09046310370377,286.09046310370377,81847.75307889169
2018-08-26 10:00:00,10,6,0,4017,3408.0,1375.0,3740.6150662257614,609.0,609.0,276.38493377423856,276.38493377423856,76388.63161739023
2018-08-26 11:00:00,11,6,0,4394,4017.0,855.0,4164.7847290428435,377.0,377.0,229.21527095715646,229.21527095715646,52539.640439962655
2018-08-26 12:00:00,12,6,0,4638,4394.0,855.0,4427.815419566182,244.0,244.0,210.18458043381816,210.18458043381816,44177.55785214018
2018-08-26 13:00:00,13,6,0,4494,4638.0,855.0,4702.447805013841,-144.0,144.0,-208.4478050138414,208.4478050138414,43450.48741508844
2018-08-26 13:00:00,13,6,0,4494,4494.0,614.0,4609.912935683061,0.0,0.0,-115.91293568306082,115.91293568306082,13435.808658665395
2018-08-26 13:00:00,13,6,0,4494,4494.0,614.0,4609.912935683061,0.0,0.0,-115.91293568306082,115.91293568306082,13435.808658665395
2018-08-26 14:00:00,14,6,0,4565,4494.0,614.0,4609.912935683061,71.0,71.0,-44.91293568306082,44.91293568306082,2017.1717916707582
2018-08-26 14:00:00,14,6,0,4565,4565.0,382.0,4631.136978722349,0.0,0.0,-66.13697872234934,66.13697872234934,4374.0999545204895
2018-08-26 15:00:00,15,6,0,4289,4565.0,382.0,4632.120465345404,-276.0,276.0,-343.1204653454042,343.1204653454042,117731.65373884674
2018-08-26 15:00:00,15,6,0,4289,4289.0,382.0,4418.773637497363,0.0,0.0,-129.77363749736287,129.77363749736287,16841.196989296946
2018-08-26 16:00:00,16,6,0,4259,4289.0,325.0,4404.997035125224,-30.0,30.0,-145.9970351252241,145.9970351252241,21315.13426535592
2018-08-26 17:00:00,17,6,1,3998,4259.0,325.0,4064.815874720481,-261.0,261.0,-66.81587472048113,66.81587472048113,4464.36111466303
2018-08-26 17:00:00,17,6,1,3998,3998.0,551.0,3863.349387529241,0.0,0.0,134.65061247075892,134.65061247075892,18130.787438750496
2018-08-26 18:00:00,18,6,1,3688,3998.0,551.0,3814.3095698687666,-310.0,310.0,-126.30956986876663,126.30956986876663,15954.10744043284
2018-08-26 19:00:00,19,6,1,3165,3688.0,1106.0,3208.3424731699592,-523.0,523.0,-43.34247316995925,43.34247316995925,1878.5699804886374
2018-08-26 20:00:00,20,6,0,2840,3165.0,1106.0,2908.2614762105095,-325.0,325.0,-68.2614762105095,68.2614762105095,4659.629134437954
2018-08-26 21:00:00,21,6,0,2330,2840.0,1106.0,2527.434773133066,-510.0,510.0,-197.43477313306585,197.43477313306585,38980.48964210518
2018-08-26 22:00:00,22,6,0,1913,2330.0,1657.0,1858.184082014499,-417.0,417.0,54.81591798550107,54.81591798550107,3004.78486459318
2018-08-26 23:00:00,23,6,0,1208,1913.0,1657.0,1370.275156354048,-705.0,705.0,-162.27515635404802,162.27515635404802,26333.22636973073
2018-08-27 00:00:00,0,0,0,666,1208.0,1657.0,679.8689661987992,-542.0,542.0,-13.868966198799171,13.868966198799171,192.34822342343392
2018-08-27 01:00:00,1,0,0,337,666.0,2467.0,416.2453108403346,-329.0,329.0,-79.24531084033458,79.24531084033458,6279.81929018125
2018-08-27 01:00:00,1,0,0,337,337.0,2467.0,307.50914485403007,0.0,0.0,29.49085514596993,29.49085514596993,869.7105372405812
2018-08-27 02:00:00,2,0,0,292,337.0,3408.0,271.94150620311103,-45.0,45.0,20.058493796888968,20.058493796888968,402.3431733998332
2018-08-27 02:00:00,2,0,0,292,292.0,3408.0,271.0808297773531,0.0,0.0,20.919170222646926,20.919170222646926,437.6116828040778
2018-08-27 03:00:00,3,0,0,358,292.0,4017.0,340.54335884097753,66.0,66.0,17.456641159022467,17.456641159022467,304.7343205548773
2018-08-27 04:00:00,4,0,0,933,358.0,4394.0,848.3461591767056,575.0,575.0,84.65384082329444,84.65384082329444,7166.272766135673
2018-08-27 05:00:00,5,0,0,3129,933.0,4638.0,2892.541393103712,2196.0,2196.0,236.45860689628807,236.45860689628807,55912.672775333296
2018-08-27 06:00:00,6,0,0,5575,3129.0,4494.0,5633.868058608533,2446.0,2446.0,-58.86805860853292,58.86805860853292,3465.4483243376667
2018-08-27 07:00:00,7,0,1,6493,5575.0,4494.0,6312.355315085014,918.0,918.0,180.6446849149861,180.6446849149861,32632.502188034607
2018-08-27 08:00:00,8,0,1,6125,6493.0,4494.0,5913.239491095481,-368.0,368.0,211.76050890451916,211.76050890451916,44842.513131500935
2018-08-27 09:00:00,9,0,1,5094,6125.0,4565.0,5031.236723281939,-1031.0,1031.0,62.763276718061206,62.763276718061206,3939.2289043879236
2018-08-27 10:00:00,10,0,0,4672,5094.0,4565.0,4474.554010109139,-422.0,422.0,197.4459898908608,197.4459898908608,38984.9189239819
2018-08-27 11:00:00,11,0,0,4775,4672.0,4289.0,4887.0179564261725,103.0,103.0,-112.01795642617253,112.01795642617253,12548.022561895888
2018-08-27 12:00:00,12,0,0,4880,4775.0,4289.0,4936.647954317343,105.0,105.0,-56.64795431734274,56.64795431734274,3208.9907283397497
2018-08-27 13:00:00,13,0,0,4890,4880.0,4259.0,4942.863114529261,10.0,10.0,-52.86311452926111,52.86311452926111,2794.5088777337774
2018-08-27 14:00:00,14,0,0,5048,4890.0,3998.0,5155.445314198765,158.0,158.0,-107.44531419876512,107.44531419876512,11544.495543271358
2018-08-27 15:00:00,15,0,0,5661,5048.0,3998.0,5632.233803595201,613.0,613.0,28.766196404799302,28.766196404799302,827.4940555994883
2018-08-27 16:00:00,16,0,0,6535,5661.0,3688.0,6406.8985433284015,874.0,874.0,128.1014566715985,128.1014566715985,16409.98320138543
2018-08-27 17:00:00,17,0,1,5298,6535.0,3165.0,6155.3403628936585,-1237.0,1237.0,-857.3403628936585,857.3403628936585,735032.49784663
2018-08-27 18:00:00,18,0,1,3629,5298.0,2840.0,4034.0743040225107,-1669.0,1669.0,-405.07430402251066,405.07430402251066,164085.1917793214
2018-08-27 18:00:00,18,0,1,3629,3629.0,2330.0,3548.322598027711,0.0,0.0,80.67740197228886,80.67740197228886,6508.8431889982785
2018-08-27 18:00:00,18,0,1,3629,3629.0,1913.0,3550.830965689329,0.0,0.0,78.16903431067112,78.16903431067112,6110.397925062879
2018-08-27 19:00:00,19,0,1,2922,3629.0,1208.0,3003.620207841114,-707.0,707.0,-81.62020784111382,81.62020784111382,6661.858328026618
2018-08-27 19:00:00,19,0,1,2922,2922.0,666.0,2654.0923164513433,0.0,0.0,267.9076835486567,267.9076835486567,71774.52690440716
2018-08-27 20:00:00,20,0,0,2536,2922.0,337.0,2561.275606864247,-386.0,386.0,-25.275606864247038,25.275606864247038,638.856302355972
2018-08-27 21:00:00,21,0,0,2139,2536.0,337.0,2273.044777330842,-397.0,397.0,-134.04477733084195,134.04477733084195,17968.002329675
2018-08-27 22:00:00,22,0,0,1503,2139.0,292.0,1593.924873557294,-636.0,636.0,-90.92487355729395,90.92487355729395,8267.332631409892
2018-08-27 23:00:00,23,0,0,1014,1503.0,292.0,1033.4913154990757,-489.0,489.0,-19.491315499075654,19.491315499075654,379.9113798845068
2018-08-28 00:00:00,0,1,0,576,1014.0,358.0,555.9932956144029,-438.0,438.0,20.006704385597118,20.006704385597118,400.26822037267095
2018-08-28 01:00:00,1,1,0,364,576.0,933.0,354.89506807510793,-212.0,212.0,9.104931924892071,9.104931924892071,82.89978535691884
2018-08-28 01:00:00,1,1,0,364,364.0,3129.0,328.38558786635303,0.0,0.0,35.614412133646965,35.614412133646965,1268.3863516252602
2018-08-28 02:00:00,2,1,0,234,364.0,5575.0,288.22776650072393,-130.0,130.0,-54.22776650072393,54.22776650072393,2940.6506596570366
2018-08-28 02:00:00,2,1,0,234,234.0,6493.0,271.0808297773531,0.0,0.0,-37.080829777353074,37.080829777353074,1374.9879369770345
2018-08-28 03:00:00,3,1,0,367,234.0,6125.0,347.8169734248393,133.0,133.0,19.18302657516068,19.18302657516068,367.98850858332094
2018-08-28 03:00:00,3,1,0,367,367.0,5094.0,374.166870683289,0.0,0.0,-7.166870683289005,7.166870683289005,51.36403539098741
2018-08-28 04:00:00,4,1,0,986,367.0,4672.0,848.5413928170816,619.0,619.0,137.4586071829184,137.4586071829184,18894.868688667866
2018-08-28 04:00:00,4,1,0,986,986.0,4775.0,970.8640167787815,0.0,0.0,15.135983221218453,15.135983221218453,229.09798807300652
2018-08-28 05:00:00,5,1,0,3161,986.0,4880.0,2892.541393103712,2175.0,2175.0,268.4586068962881,268.4586068962881,72070.02361669573
2018-08-28 05:00:00,5,1,0,3161,3161.0,4890.0,3079.7828439824416,0.0,0.0,81.21715601755841,81.21715601755841,6596.226431580424
2018-08-28 05:00:00,5,1,0,3161,3161.0,5048.0,3079.7828439824416,0.0,0.0,81.21715601755841,81.21715601755841,6596.226431580424
2018-08-28 06:00:00,6,1,0,5611,3161.0,5661.0,5611.740003191487,2450.0,2450.0,-0.7400031914867213,0.7400031914867213,0.5476047234105331
2018-08-28 06:00:00,6,1,0,5611,5611.0,6535.0,5626.189818210107,0.0,0.0,-15.18981821010675,15.18981821010675,230.73057725609064
2018-08-28 07:00:00,7,1,1,6147,5611.0,5298.0,6313.727624479424,536.0,536.0,-166.72762447942387,166.72762447942387,27798.100764551782
2018-08-28 07:00:00,7,1,1,6147,6147.0,3629.0,6376.256199380107,0.0,0.0,-229.25619938010732,229.25619938010732,52558.40495421152
2018-08-28 08:00:00,8,1,1,5692,6147.0,3629.0,5613.329524294954,-455.0,455.0,78.67047570504565,78.67047570504565,6189.043747658177
2018-08-28 08:00:00,8,1,1,5692,5692.0,3629.0,5630.065217623692,0.0,0.0,61.93478237630825,61.93478237630825,3835.9172680006627
2018-08-28 08:00:00,8,1,1,5692,5692.0,2922.0,5729.27119515241,0.0,0.0,-37.271195152409746,37.271195152409746,1389.1419880890116
2018-08-28 09:00:00,9,1,1,5153,5692.0,2922.0,5186.083727337555,-539.0,539.0,-33.08372733755459,33.08372733755459,1094.5330145456571
2018-08-28 09:00:00,9,1,1,5153,5153.0,2536.0,5059.95271611775,0.0,0.0,93.04728388224976,93.04728388224976,8657.797037863975
2018-08-28 09:00:00,9,1,1,5153,5153.0,2139.0,5059.95271611775,0.0,0.0,93.04728388224976,93.04728388224976,8657.797037863975
2018-08-28 10:00:00,10,1,0,4624,5153.0,1503.0,4541.023515521742,-529.0,529.0,82.97648447825759,82.97648447825759,6885.0969763705225
2018-08-28 10:00:00,10,1,0,4624,4624.0,1014.0,4484.550374296287,0.0,0.0,139.44962570371263,139.44962570371263,19446.198108905548
2018-08-28 10:00:00,10,1,0,4624,4624.0,576.0,4484.550374296287,0.0,0.0,139.44962570371263,139.44962570371263,19446.198108905548
2018-08-28 11:00:00,11,1,0,4678,4624.0,364.0,4863.581158963856,54.0,54.0,-185.58115896385607,185.58115896385607,34440.36656236801
2018-08-28 11:00:00,11,1,0,4678,4678.0,364.0,4887.0179564261725,0.0,0.0,-209.01795642617253,209.01795642617253,43688.50610857336
2018-08-28 11:00:00,11,1,0,4678,4678.0,234.0,4887.0179564261725,0.0,0.0,-209.01795642617253,209.01795642617253,43688.50610857336
2018-08-28 12:00:00,12,1,0,4954,4678.0,234.0,4887.0179564261725,276.0,276.0,66.98204357382747,66.98204357382747,4486.594161326122
2018-08-28 12:00:00,12,1,0,4954,4954.0,367.0,5080.80294441606,0.0,0.0,-126.8029444160602,126.8029444160602,16078.986712582453
2018-08-28 13:00:00,13,1,0,5032,4954.0,367.0,4963.30535638033,78.0,78.0,68.69464361967039,68.69464361967039,4718.954062033521
2018-08-28 13:00:00,13,1,0,5032,5032.0,986.0,4965.910057485811,0.0,0.0,66.0899425141888,66.0899425141888,4367.880501528781
2018-08-28 14:00:00,14,1,0,5273,5032.0,986.0,5268.324499486127,241.0,241.0,4.675500513872976,4.675500513872976,21.86030505522646
2018-08-28 15:00:00,15,1,0,5865,5273.0,3161.0,5700.309069977952,592.0,592.0,164.69093002204772,164.69093002204772,27123.10243152702
2018-08-28 16:00:00,16,1,0,6657,5865.0,3161.0,6426.906977199905,792.0,792.0,230.09302280009524,230.09302280009524,52942.79914128515
2018-08-28 17:00:00,17,1,1,5716,6657.0,3161.0,6195.747514565395,-941.0,941.0,-479.74751456539525,479.74751456539525,230157.67773167414
2018-08-28 18:00:00,18,1,1,4363,5716.0,5611.0,4426.498636046346,-1353.0,1353.0,-63.49863604634629,63.49863604634629,4032.0767797463486
2018-08-28 19:00:00,19,1,1,3406,4363.0,5611.0,3190.775608732673,-957.0,957.0,215.22439126732706,215.22439126732706,46321.53859639149
2018-08-28 19:00:00,19,1,1,3406,3406.0,6147.0,3156.477436069219,0.0,0.0,249.52256393078096,249.52256393078096,62261.50991059067
2018-08-28 20:00:00,20,1,0,2896,3406.0,6147.0,3020.4473804308095,-510.0,510.0,-124.44738043080952,124.44738043080952,15487.150496090631
2018-08-28 21:00:00,21,1,0,2576,2896.0,5692.0,2731.108279730088,-320.0,320.0,-155.10827973008782,155.10827973008782,24058.578440827172
2018-08-28 22:00:00,22,1,0,1733,2576.0,5692.0,1935.1630403573765,-843.0,843.0,-202.16304035737653,202.16304035737653,40869.894886538255
2018-08-28 23:00:00,23,1,0,1153,1733.0,5692.0,1177.2513323302417,-580.0,580.0,-24.251332330241667,24.251332330241667,588.1271197918247
2018-08-29 00:00:00,0,2,0,623,1153.0,5153.0,636.3868827965011,-530.0,530.0,-13.38688279650114,13.38688279650114,179.2086310072582
2018-08-29 01:00:00,1,2,0,335,623.0,5153.0,390.25834388098747,-288.0,288.0,-55.25834388098747,55.25834388098747,3053.484568469465
2018-08-29 02:00:00,2,2,0,299,335.0,5153.0,271.94150620311103,-36.0,36.0,27.058493796888968,27.058493796888968,732.1620865562787
2018-08-29 03:00:00,3,2,0,372,299.0,4624.0,352.5301411313654,73.0,73.0,19.469858868634617,19.469858868634617,379.07540436455
2018-08-29 03:00:00,3,2,0,372,372.0,4624.0,380.8307316610998,0.0,0.0,-8.830731661099776,8.830731661099776,77.98182167035
2018-08-29 04:00:00,4,2,0,981,372.0,4624.0,852.6255803194495,609.0,609.0,128.37441968055055,128.37441968055055,16479.991628318123
2018-08-29 05:00:00,5,2,0,3103,981.0,4678.0,2892.541393103712,2122.0,2122.0,210.45860689628807,210.45860689628807,44292.82521672631
2018-08-29 06:00:00,6,2,0,5902,3103.0,4678.0,5792.298131441989,2799.0,2799.0,109.70186855801057,109.70186855801057,12034.499965119028
2018-08-29 06:00:00,6,2,0,5902,5902.0,4678.0,5767.127672610238,0.0,0.0,134.87232738976218,134.87232738976218,18190.544695531193
2018-08-29 07:00:00,7,2,1,6775,5902.0,4954.0,6392.4754456564915,873.0,873.0,382.5245543435085,382.5245543435085,146325.03467569978
2018-08-29 07:00:00,7,2,1,6775,6775.0,4954.0,6447.059486011549,0.0,0.0,327.94051398845113,327.94051398845113,107544.98071500951
2018-08-29 08:00:00,8,2,1,6164,6775.0,5032.0,6004.531655832409,-611.0,611.0,159.46834416759066,159.46834416759066,25430.152791553144
2018-08-29 08:00:00,8,2,1,6164,6164.0,5032.0,5794.082696513351,0.0,0.0,369.91730348664896,369.91730348664896,136838.81141883356
2018-08-29 09:00:00,9,2,1,5421,6164.0,5273.0,5186.083727337555,-743.0,743.0,234.9162726624454,234.9162726624454,55185.65516161639
2018-08-29 10:00:00,10,2,0,4871,5421.0,5865.0,4602.120427952727,-550.0,550.0,268.87957204727263,268.87957204727263,72296.22426432447
2018-08-29 11:00:00,11,2,0,4969,4871.0,6657.0,5055.167361933587,98.0,98.0,-86.16736193358702,86.16736193358702,7424.814262593781
2018-08-29 12:00:00,12,2,0,5134,4969.0,5716.0,5083.9023372284,165.0,165.0,50.09766277159997,50.09766277159997,2509.7758151769535
2018-08-29 13:00:00,13,2,0,4999,5134.0,4363.0,5158.174317175738,-135.0,135.0,-159.174317175738,159.174317175738,25336.46324836244
2018-08-29 14:00:00,14,2,0,5349,4999.0,3406.0,5296.953208456335,350.0,350.0,52.04679154366477,52.04679154366477,2708.8685099896943
2018-08-29 15:00:00,15,2,0,5814,5349.0,3406.0,5764.335909115679,465.0,465.0,49.66409088432101,49.66409088432101,2466.5219233660973
2018-08-29 16:00:00,16,2,0,6578,5814.0,2896.0,6563.111832642628,764.0,764.0,14.888167357372367,14.888167357372367,221.6575272611281
2018-08-29 17:00:00,17,2,1,5860,6578.0,2576.0,6165.800245667453,-718.0,718.0,-305.80024566745305,305.80024566745305,93513.79025027464
2018-08-29 18:00:00,18,2,1,4554,5860.0,1733.0,4531.448014729713,-1306.0,1306.0,22.551985270287332,22.551985270287332,508.5920396312568
2018-08-29 19:00:00,19,2,1,3487,4554.0,1153.0,3425.45165877868,-1067.0,1067.0,61.54834122131979,61.54834122131979,3788.1983070960127
2018-08-29 20:00:00,20,2,0,3205,3487.0,623.0,3080.0462002751738,-282.0,282.0,124.95379972482624,124.95379972482624,15613.452065671987
2018-08-29 21:00:00,21,2,0,2800,3205.0,335.0,2882.938503570576,-405.0,405.0,-82.9385035705759,82.9385035705759,6878.795374526432
2018-08-29 22:00:00,22,2,0,2106,2800.0,299.0,2187.8214689975293,-694.0,694.0,-81.82146899752934,81.82146899752934,6694.7527889136545
2018-08-29 23:00:00,23,2,0,1272,2106.0,372.0,1331.600330914517,-834.0,834.0,-59.60033091451692,59.60033091451692,3552.1994451199207
2018-08-30 00:00:00,0,3,0,670,1272.0,372.0,708.5665714434286,-602.0,602.0,-38.56657144342864,38.56657144342864,1487.3804329010857
2018-08-30 01:00:00,1,3,0,456,670.0,981.0,429.3515229738483,-214.0,214.0,26.64847702615168,26.64847702615168,710.141327813334
2018-08-30 02:00:00,2,3,0,326,456.0,3103.0,338.2797005248973,-130.0,130.0,-12.279700524897294,12.279700524897294,150.79104498116288
2018-08-30 03:00:00,3,3,0,388,326.0,5902.0,353.55428047775604,62.0,62.0,34.44571952224396,34.44571952224396,1186.5075934050988
2018-08-30 03:00:00,3,3,0,388,388.0,5902.0,394.12397820325504,0.0,0.0,-6.123978203255035,6.123978203255035,37.50310903394277
2018-08-30 04:00:00,4,3,0,1008,388.0,6775.0,869.4293223220305,620.0,620.0,138.57067767796946,138.57067767796946,19201.8327121317
2018-08-30 04:00:00,4,3,0,1008,1008.0,6775.0,984.331691301697,0.0,0.0,23.668308698303008,23.668308698303008,560.1888366381659
2018-08-30 05:00:00,5,3,0,3070,1008.0,6164.0,2892.541393103712,2062.0,2062.0,177.45860689628807,177.45860689628807,31491.5571615713
2018-08-30 06:00:00,6,3,0,5886,3070.0,6164.0,5840.584960252758,2816.0,2816.0,45.41503974724219,45.41503974724219,2062.525835243588
2018-08-30 07:00:00,7,3,1,6466,5886.0,5421.0,6389.2539352398235,580.0,580.0,76.74606476017652,76.74606476017652,5889.958456173209
2018-08-30 07:00:00,7,3,1,6466,6466.0,4871.0,6407.353779199274,0.0,0.0,58.64622080072604,58.64622080072604,3439.3792142075117
2018-08-30 08:00:00,8,3,1,5995,6466.0,4969.0,5944.108472926132,-471.0,471.0,50.89152707386802,50.89152707386802,2589.9475279102417
2018-08-30 09:00:00,9,3,1,5467,5995.0,5134.0,5186.083727337555,-528.0,528.0,280.9162726624454,280.9162726624454,78913.95224656137
2018-08-30 10:00:00,10,3,0,4911,5467.0,4999.0,4666.108193516331,-556.0,556.0,244.89180648366892,244.89180648366892,59971.99688283475
2018-08-30 11:00:00,11,3,0,5095,4911.0,5349.0,5070.884727803099,184.0,184.0,24.11527219690106,24.11527219690106,581.5463531306293
2018-08-30 12:00:00,12,3,0,5308,5095.0,5814.0,5166.577407910713,213.0,213.0,141.4225920892868,141.4225920892868,20000.349553252807
2018-08-30 13:00:00,13,3,0,5213,5308.0,6578.0,5215.52796618245,-95.0,95.0,-2.5279661824497452,2.5279661824497452,6.390613019609539
2018-08-30 14:00:00,14,3,0,5680,5213.0,5860.0,5453.869337632961,467.0,467.0,226.1306623670389,226.1306623670389,51135.07646255574
2018-08-30 15:00:00,15,3,0,6238,5680.0,4554.0,5903.080590931283,558.0,558.0,334.91940906871696,334.91940906871696,112171.01057093857
2018-08-30 16:00:00,16,3,0,6453,6238.0,3487.0,6578.127865186779,215.0,215.0,-125.12786518677876,125.12786518677876,15656.98264620068
2018-08-30 17:00:00,17,3,1,5775,6453.0,3205.0,6147.428308964442,-678.0,678.0,-372.4283089644423,372.4283089644423,138702.8453181141
2018-08-30 18:00:00,18,3,1,4531,5775.0,2800.0,4673.038161838493,-1244.0,1244.0,-142.03816183849267,142.03816183849267,20174.839418457836
2018-08-30 19:00:00,19,3,1,3884,4531.0,2106.0,3513.5295863919473,-647.0,647.0,370.4704136080527,370.4704136080527,137248.32735892164
2018-08-30 20:00:00,20,3,0,3332,3884.0,1272.0,3300.848981535308,-552.0,552.0,31.151018464691788,31.151018464691788,970.3859513875688
2018-08-30 21:00:00,21,3,0,3049,3332.0,670.0,3101.4812291473845,-283.0,283.0,-52.48122914738451,52.48122914738451,2754.2794128202813
2018-08-30 22:00:00,22,3,0,2221,3049.0,456.0,2506.381241076808,-828.0,828.0,-285.3812410768078,285.3812410768078,81442.45275853908
2018-08-30 23:00:00,23,3,0,1396,2221.0,326.0,1347.2485202012083,-825.0,825.0,48.751479798791706,48.751479798791706,2376.706782571996
2018-08-31 00:00:00,0,4,0,764,1396.0,388.0,778.870172273484,-632.0,632.0,-14.870172273483945,14.870172273483945,221.12202344309068
2018-08-31 01:00:00,1,4,0,456,764.0,388.0,465.4898873931002,-308.0,308.0,-9.489887393100219,9.489887393100219,90.05796273372246
2018-08-31 02:00:00,2,4,0,358,456.0,1008.0,342.316692362377,-98.0,98.0,15.683307637622988,15.683307637622988,245.96613845632356
2018-08-31 02:00:00,2,4,0,358,358.0,1008.0,282.51386240715516,0.0,0.0,75.48613759284484,75.48613759284484,5698.156968685903
2018-08-31 03:00:00,3,4,0,378,358.0,3070.0,368.09864441627474,20.0,20.0,9.901355583725262,9.901355583725262,98.03684239536743
2018-08-31 03:00:00,3,4,0,378,378.0,5886.0,384.66272202481485,0.0,0.0,-6.662722024814855,6.662722024814855,44.391864779952954
2018-08-31 03:00:00,3,4,0,378,378.0,6466.0,383.4210499463612,0.0,0.0,-5.421049946361222,5.421049946361222,29.38778252094301
2018-08-31 04:00:00,4,4,0,851,378.0,6466.0,813.4421220062832,473.0,473.0,37.55787799371683,37.55787799371683,1410.594199390919
2018-08-31 04:00:00,4,4,0,851,851.0,5995.0,821.4476378805697,0.0,0.0,29.552362119430313,29.552362119430313,873.3421068379397
2018-08-31 04:00:00,4,4,0,851,851.0,5467.0,820.7015776799008,0.0,0.0,30.298422320099235,30.298422320099235,917.9943950870875
2018-08-31 05:00:00,5,4,0,2754,851.0,4911.0,2855.212421305396,1903.0,1903.0,-101.21242130539622,101.21242130539622,10243.954226501022
2018-08-31 05:00:00,5,4,0,2754,2754.0,5095.0,2747.321526481764,0.0,0.0,6.678473518235933,6.678473518235933,44.60200853377864
2018-08-31 06:00:00,6,4,0,5200,2754.0,5308.0,5618.908440544579,2446.0,2446.0,-418.9084405445792,418.9084405445792,175484.28155949124
2018-08-31 07:00:00,7,4,1,6270,5200.0,5213.0,5940.938404469623,1070.0,1070.0,329.0615955303774,329.0615955303774,108281.5336529977
2018-08-31 08:00:00,8,4,1,5687,6270.0,5680.0,5822.8245979345975,-583.0,583.0,-135.82459793459748,135.82459793459748,18448.321404095062
2018-08-31 08:00:00,8,4,1,5687,5687.0,6238.0,5647.622737403962,0.0,0.0,39.377262596038236,39.377262596038236,1550.5688095573519
2018-08-31 09:00:00,9,4,1,5328,5687.0,6453.0,5178.814034096677,-359.0,359.0,149.18596590332345,149.18596590332345,22256.452422507587
2018-08-31 10:00:00,10,4,0,5102,5328.0,5775.0,4590.8440155671615,-226.0,226.0,511.1559844328385,511.1559844328385,261280.44042150426
2018-08-31 11:00:00,11,4,0,5359,5102.0,4531.0,5229.854583414479,257.0,257.0,129.14541658552116,129.14541658552116,16678.538625047804
2018-08-31 12:00:00,12,4,0,5587,5359.0,3884.0,5362.366256287346,228.0,228.0,224.633743712654,224.633743712654,50460.31881436232
2018-08-31 13:00:00,13,4,0,5400,5587.0,3332.0,5539.816681585254,-187.0,187.0,-139.81668158525372,139.81668158525372,19548.704449512225
2018-08-31 13:00:00,13,4,0,5400,5400.0,3049.0,5431.769733464155,0.0,0.0,-31.76973346415525,31.76973346415525,1009.315964383466
2018-08-31 14:00:00,14,4,0,5705,5400.0,2221.0,5611.164097185236,305.0,305.0,93.83590281476427,93.83590281476427,8805.176657061884
2018-08-31 15:00:00,15,4,0,5998,5705.0,1396.0,5903.080590931283,293.0,293.0,94.91940906871696,94.91940906871696,9009.694217954428
2018-08-31 16:00:00,16,4,0,5925,5998.0,764.0,6327.514226474773,-73.0,73.0,-402.51422647477284,402.51422647477284,162017.70251458473
2018-08-31 17:00:00,17,4,1,5418,5925.0,456.0,5511.610495019493,-507.0,507.0,-93.6104950194931,93.6104950194931,8762.924777794542
2018-08-31 18:00:00,18,4,1,4935,5418.0,358.0,4729.1906521333485,-483.0,483.0,205.80934786665148,205.80934786665148,42357.48766929636
2018-08-31 19:00:00,19,4,1,3945,4935.0,358.0,3729.757541731327,-990.0,990.0,215.2424582686731,215.2424582686731,46329.31584154148
2018-08-31 19:00:00,19,4,1,3945,3945.0,378.0,3427.041071756003,0.0,0.0,517.958928243997,517.958928243997,268281.45134767
2018-08-31 20:00:00,20,4,0,3233,3945.0,378.0,3318.484183281546,-712.0,712.0,-85.48418328154594,85.48418328154594,7307.545591312938
2018-08-31 21:00:00,21,4,0,2910,3233.0,378.0,3046.089963580837,-323.0,323.0,-136.08996358083687,136.08996358083687,18520.478187433506
2018-08-31 22:00:00,22,4,0,2830,2910.0,851.0,2745.711509319184,-80.0,80.0,84.28849068081581,84.28849068081581,7104.549661249974
2018-08-31 23:00:00,23,4,0,2147,2830.0,851.0,2158.4072569649898,-683.0,683.0,-11.407256964989756,11.407256964989756,130.1255114653073
2018-09-01 00:00:00,0,5,0,1335,2147.0,851.0,1444.182808222281,-812.0,812.0,-109.18280822228098,109.18280822228098,11920.885611303387
2018-09-01 01:00:00,1,5,0,785,1335.0,2754.0,868.739495937118,-550.0,550.0,-83.73949593711802,83.73949593711802,7012.303179802606
2018-09-01 02:00:00,2,5,0,569,785.0,2754.0,590.9777697772577,-216.0,216.0,-21.977769777257663,21.977769777257663,483.0223643821403
2018-09-01 03:00:00,3,5,0,425,569.0,5200.0,392.2262980851328,-144.0,144.0,32.77370191486722,32.77370191486722,1074.1155372045712
2018-09-01 04:00:00,4,5,0,419,425.0,6270.0,420.3175021132701,-6.0,6.0,-1.317502113270109,1.317502113270109,1.7358118184712032
2018-09-01 05:00:00,5,5,0,741,419.0,5687.0,785.5877343642586,322.0,322.0,-44.58773436425861,44.58773436425861,1988.066055737688
2018-09-01 06:00:00,6,5,0,1529,741.0,5687.0,1401.4476640879332,788.0,788.0,127.55233591206684,127.55233591206684,16269.598396624735
2018-09-01 07:00:00,7,5,1,2477,1529.0,5328.0,2171.2469651233077,948.0,948.0,305.75303487669225,305.75303487669225,93484.91833630779
2018-09-01 07:00:00,7,5,1,2477,2477.0,5102.0,2656.7971740135977,0.0,0.0,-179.79717401359767,179.79717401359767,32327.02378327592
2018-09-01 08:00:00,8,5,1,3476,2477.0,5359.0,3169.833866412134,999.0,999.0,306.16613358786617,306.16613358786617,93737.70135614311
2018-09-01 08:00:00,8,5,1,3476,3476.0,5587.0,3848.1457734532432,0.0,0.0,-372.14577345324324,372.14577345324324,138492.47669911265
2018-09-01 09:00:00,9,5,1,4212,3476.0,5400.0,3850.840053080192,736.0,736.0,361.15994691980814,361.15994691980814,130436.50725911863
2018-09-01 10:00:00,10,5,0,4578,4212.0,5400.0,4342.3392438452,366.0,366.0,235.66075615479986,235.66075615479986,55535.991991452036
2018-09-01 10:00:00,10,5,0,4578,4578.0,5705.0,4415.248225610683,0.0,0.0,162.75177438931678,162.75177438931678,26488.14006687107
2018-09-01 11:00:00,11,5,0,4897,4578.0,5998.0,4644.181824008196,319.0,319.0,252.8181759918043,252.8181759918043,63917.03011182294
2018-09-01 12:00:00,12,5,0,4854,4897.0,5925.0,5017.568288237315,-43.0,43.0,-163.56828823731485,163.56828823731485,26754.58491688531
2018-09-01 13:00:00,13,5,0,4972,4854.0,5418.0,4881.351029250019,118.0,118.0,90.64897074998134,90.64897074998134,8217.235898030973
2018-09-01 14:00:00,14,5,0,5056,4972.0,4935.0,4957.215774371097,84.0,84.0,98.78422562890319,98.78422562890319,9758.323233102054
2018-09-01 14:00:00,14,5,0,5056,5056.0,3945.0,4978.757568717404,0.0,0.0,77.24243128259604,77.24243128259604,5966.393190446572
2018-09-01 15:00:00,15,5,0,4719,5056.0,3945.0,4968.0063563827825,-337.0,337.0,-249.00635638278254,249.00635638278254,62004.16551902931
2018-09-01 16:00:00,16,5,0,4649,4719.0,3233.0,4715.392794930907,-70.0,70.0,-66.39279493090726,66.39279493090726,4408.0032187375045
2018-09-01 17:00:00,17,5,1,4622,4649.0,2910.0,4452.424232392254,-27.0,27.0,169.57576760774555,169.57576760774555,28755.940959756124
2018-09-01 18:00:00,18,5,1,4261,4622.0,2830.0,4285.462644060401,-361.0,361.0,-24.462644060400635,24.462644060400635,598.4209544258545
2018-09-01 19:00:00,19,5,1,3518,4261.0,2147.0,3446.078486299203,-743.0,743.0,71.92151370079682,71.92151370079682,5172.704133013905
2018-09-01 20:00:00,20,5,0,3196,3518.0,1335.0,3155.2016342121783,-322.0,322.0,40.798365787821695,40.798365787821695,1664.5066509568996
2018-09-01 21:00:00,21,5,0,2880,3196.0,785.0,3107.255515094871,-316.0,316.0,-227.25551509487104,227.25551509487104,51645.06914103516
2018-09-01 22:00:00,22,5,0,2815,2880.0,569.0,2824.681517909059,-65.0,65.0,-9.681517909059039,9.681517909059039,93.7317890234309
2018-09-01 23:00:00,23,5,0,1945,2815.0,425.0,2240.815537238958,-870.0,870.0,-295.81553723895786,295.81553723895786,87506.83207197326
2018-09-01 23:00:00,23,5,0,1945,1945.0,419.0,1529.3976727305499,0.0,0.0,415.60232726945014,415.60232726945014,172725.29443178314
2018-09-02 00:00:00,0,6,0,1273,1945.0,741.0,1304.1900882207194,-672.0,672.0,-31.190088220719417,31.190088220719417,972.8216032162601
2018-09-02 01:00:00,1,6,0,801,1273.0,1529.0,833.2874986173333,-472.0,472.0,-32.28749861733331,32.28749861733331,1042.4825669643005
2018-09-02 01:00:00,1,6,0,801,801.0,2477.0,707.4663851624748,0.0,0.0,93.53361483752519,93.53361483752519,8748.537104574512
2018-09-02 02:00:00,2,6,0,565,801.0,2477.0,604.2138738796585,-236.0,236.0,-39.213873879658536,39.213873879658536,1537.727904649766
2018-09-02 03:00:00,3,6,0,386,565.0,3476.0,389.54013093758,-179.0,179.0,-3.5401309375799883,3.5401309375799883,12.532527055210966
2018-09-02 04:00:00,4,6,0,316,386.0,3476.0,361.1115577677732,-70.0,70.0,-45.111557767773206,45.111557767773206,2035.052644235139
2018-09-02 04:00:00,4,6,0,316,316.0,4212.0,294.08382237816573,0.0,0.0,21.916177621834265,21.916177621834265,480.31884155178903
2018-09-02 05:00:00,5,6,0,532,316.0,4578.0,511.5307355216535,216.0,216.0,20.469264478346474,20.469264478346474,418.9907882844968
2018-09-02 05:00:00,5,6,0,532,532.0,4578.0,618.9348333486148,0.0,0.0,-86.9348333486148,86.9348333486148,7557.665249351428
2018-09-02 06:00:00,6,6,0,1003,532.0,4897.0,947.4962596692723,471.0,471.0,55.50374033072774,55.50374033072774,3080.6651907008527
2018-09-02 06:00:00,6,6,0,1003,1003.0,4854.0,1144.344355231567,0.0,0.0,-141.34435523156708,141.34435523156708,19978.226755827425
2018-09-02 07:00:00,7,6,1,1607,1003.0,4972.0,1197.6040760255469,604.0,604.0,409.3959239744531,409.3959239744531,167605.0225668962
2018-09-02 08:00:00,8,6,1,2334,1607.0,5056.0,2134.323853494322,727.0,727.0,199.67614650567793,199.67614650567793,39870.56348335696
2018-09-02 09:00:00,9,6,1,2929,2334.0,5056.0,2817.5382689333073,595.0,595.0,111.46173106669266,111.46173106669266,12423.717492383721
2018-09-02 10:00:00,10,6,0,3571,2929.0,4719.0,3411.9893125076833,642.0,642.0,159.01068749231672,159.01068749231672,25284.39873677921
2018-09-02 10:00:00,10,6,0,3571,3571.0,4649.0,3786.996677663787,0.0,0.0,-215.99667766378707,215.99667766378707,46654.56476179393
2018-09-02 11:00:00,11,6,0,4040,3571.0,4622.0,3786.996677663787,469.0,469.0,253.00332233621293,253.00332233621293,64010.68111316166
2018-09-02 11:00:00,11,6,0,4040,4040.0,4261.0,4233.382754202143,0.0,0.0,-193.38275420214268,193.38275420214268,37396.88962280633
2018-09-02 12:00:00,12,6,0,4549,4040.0,3518.0,4232.962784385112,509.0,509.0,316.0372156148878,316.0372156148878,99879.5216536111
2018-09-02 13:00:00,13,6,0,4414,4549.0,3196.0,4629.751143539808,-135.0,135.0,-215.75114353980825,215.75114353980825,46548.55593873494
2018-09-02 14:00:00,14,6,0,4299,4414.0,2880.0,4518.745933392533,-115.0,115.0,-219.7459333925326,219.7459333925326,48288.27524255538
2018-09-02 15:00:00,15,6,0,4330,4299.0,2815.0,4403.531642705413,31.0,31.0,-73.5316427054131,73.5316427054131,5406.902478956532
2018-09-02 16:00:00,16,6,0,4197,4330.0,1945.0,4404.3421955238855,-133.0,133.0,-207.3421955238855,207.3421955238855,42990.78604466516
2018-09-02 17:00:00,17,6,1,3833,4197.0,1945.0,3967.485024179101,-364.0,364.0,-134.48502417910095,134.48502417910095,18086.221728453365
2018-09-02 18:00:00,18,6,1,3601,3833.0,1273.0,3641.0223252718483,-232.0,232.0,-40.02232527184833,40.02232527184833,1601.7865201656296
2018-09-02 19:00:00,19,6,1,3098,3601.0,801.0,3141.1774821955055,-503.0,503.0,-43.17748219550549,43.17748219550549,1864.2949687431935
2018-09-02 20:00:00,20,6,0,3115,3098.0,801.0,2698.5037037997618,17.0,17.0,416.49629620023825,416.49629620023825,173469.1647485166
2018-09-02 21:00:00,21,6,0,2669,3115.0,565.0,2612.8049643243207,-446.0,446.0,56.195035675679264,56.195035675679264,3157.8820345908653
2018-09-02 22:00:00,22,6,0,2066,2669.0,386.0,1957.0446432279589,-603.0,603.0,108.95535677204111,108.95535677204111,11871.269769322766
2018-09-02 22:00:00,22,6,0,2066,2066.0,316.0,1651.669042113861,0.0,0.0,414.330957886139,414.330957886139,171670.1426628455
2018-09-02 23:00:00,23,6,0,1475,2066.0,316.0,1390.1121477567544,-591.0,591.0,84.88785224324556,84.88785224324556,7205.947458471091
2018-09-02 23:00:00,23,6,0,1475,1475.0,532.0,1128.27452738746,0.0,0.0,346.72547261254,346.72547261254,120218.55335838922
2018-09-03 00:00:00,0,0,0,962,1475.0,532.0,883.1424349451587,-513.0,513.0,78.8575650548413,78.8575650548413,6218.515566378528
2018-09-03 00:00:00,0,0,0,962,962.0,1003.0,540.6938151982669,0.0,0.0,421.30618480173314,421.30618480173314,177498.9013521921
2018-09-03 01:00:00,1,0,0,694,962.0,1003.0,485.7964646416899,-268.0,268.0,208.2035353583101,208.2035353583101,43348.71213569908
2018-09-03 01:00:00,1,0,0,694,694.0,1607.0,479.3928872470041,0.0,0.0,214.60711275299587,214.60711275299587,46056.212844177084
2018-09-03 01:00:00,1,0,0,694,694.0,2334.0,493.91786701318085,0.0,0.0,200.08213298681915,200.08213298681915,40032.85994055518
2018-09-03 02:00:00,2,0,0,421,694.0,2929.0,496.0465406551497,-273.0,273.0,-75.04654065514973,75.04654065514973,5631.98326430504
2018-09-03 02:00:00,2,0,0,421,421.0,3571.0,325.52414185573264,0.0,0.0,95.47585814426736,95.47585814426736,9115.639488384264
2018-09-03 03:00:00,3,0,0,310,421.0,3571.0,404.91283065013755,-111.0,111.0,-94.91283065013755,94.91283065013755,9008.44542202169
2018-09-03 04:00:00,4,0,0,325,310.0,4040.0,810.1726230600955,15.0,15.0,-485.1726230600955,485.1726230600955,235392.47416701348
2018-09-03 04:00:00,4,0,0,325,325.0,4040.0,840.5230117774822,0.0,0.0,-515.5230117774822,515.5230117774822,265763.97567212605
2018-09-03 05:00:00,5,0,0,590,325.0,4549.0,2039.9702711163582,265.0,265.0,-1449.9702711163582,1449.9702711163582,2102413.787121245
2018-09-03 05:00:00,5,0,0,590,590.0,4414.0,2043.9325609973569,0.0,0.0,-1453.9325609973569,1453.9325609973569,2113919.891928333
2018-09-03 05:00:00,5,0,0,590,590.0,4299.0,1603.947253581456,0.0,0.0,-1013.9472535814559,1013.9472535814559,1028089.0330453772
2018-09-03 05:00:00,5,0,0,590,590.0,4330.0,1614.8150887134461,0.0,0.0,-1024.8150887134461,1024.8150887134461,1050245.9660547485
2018-09-03 06:00:00,6,0,0,1141,590.0,4197.0,1083.5170666898603,551.0,551.0,57.48293331013974,57.48293331013974,3304.287621937973
2018-09-03 06:00:00,6,0,0,1141,1141.0,3833.0,2305.5349957501417,0.0,0.0,-1164.5349957501417,1164.5349957501417,1356141.7563267825
2018-09-03 07:00:00,7,0,1,1556,1141.0,3601.0,2108.916925968495,415.0,415.0,-552.916925968495,552.916925968495,305717.12702245015
2018-09-03 07:00:00,7,0,1,1556,1556.0,3098.0,2324.2033259992113,0.0,0.0,-768.2033259992113,768.2033259992113,590136.3500762505
2018-09-03 08:00:00,8,0,1,1995,1556.0,3115.0,1850.6938836095499,439.0,439.0,144.30611639045014,144.30611639045014,20824.255227694142
2018-09-03 08:00:00,8,0,1,1995,1995.0,2669.0,2330.786555207579,0.0,0.0,-335.7865552075791,335.7865552075791,112752.61065817258
2018-09-03 09:00:00,9,0,1,2524,1995.0,2066.0,2363.7099336344113,529.0,529.0,160.2900663655887,160.2900663655887,25692.90537548483
2018-09-03 10:00:00,10,0,0,3050,2524.0,2066.0,2869.1464111308487,526.0,526.0,180.85358886915128,180.85358886915128,32708.020606852
2018-09-03 10:00:00,10,0,0,3050,3050.0,1475.0,3476.0429365531522,0.0,0.0,-426.04293655315223,426.04293655315223,181512.5837868333
2018-09-03 11:00:00,11,0,0,3616,3050.0,1475.0,3481.4231825511524,566.0,566.0,134.57681744884758,134.57681744884758,18110.919794660447
2018-09-03 11:00:00,11,0,0,3616,3616.0,962.0,3795.4288169970287,0.0,0.0,-179.42881699702866,179.42881699702866,32194.700368953203
2018-09-03 12:00:00,12,0,0,3901,3616.0,962.0,3795.4288169970287,285.0,285.0,105.57118300297134,105.57118300297134,11145.274680646864
2018-09-03 13:00:00,13,0,0,4110,3901.0,694.0,4017.0048360148985,209.0,209.0,92.9951639851015,92.9951639851015,8648.100524615918
2018-09-03 14:00:00,14,0,0,4446,4110.0,694.0,4245.180351677489,336.0,336.0,200.81964832251106,200.81964832251106,40328.53115237702
2018-09-03 15:00:00,15,0,0,4411,4446.0,694.0,4687.612219446086,-35.0,35.0,-276.6122194460859,276.6122194460859,76514.31994688956
2018-09-03 16:00:00,16,0,0,4017,4411.0,421.0,4540.923879380756,-394.0,394.0,-523.9238793807563,523.9238793807563,274496.23138538125
2018-09-03 16:00:00,16,0,0,4017,4017.0,421.0,4150.137314686631,0.0,0.0,-133.13731468663082,133.13731468663082,17725.544561966963
2018-09-03 17:00:00,17,0,1,3900,4017.0,310.0,3879.53645340249,-117.0,117.0,20.463546597509776,20.463546597509776,418.75673934845395
2018-09-03 18:00:00,18,0,1,3487,3900.0,325.0,3732.254965435319,-413.0,413.0,-245.2549654353188,245.2549654353188,60149.99807067942
2018-09-03 19:00:00,19,0,1,3006,3487.0,325.0,2937.213884876418,-481.0,481.0,68.78611512358202,68.78611512358202,4731.529633794679
2018-09-03 19:00:00,19,0,1,3006,3006.0,590.0,2648.3814488039584,0.0,0.0,357.6185511960416,357.6185511960416,127891.02815955583
2018-09-03 19:00:00,19,0,1,3006,3006.0,590.0,2654.45765544936,0.0,0.0,351.5423445506399,351.5423445506399,123582.0200121608
2018-09-03 20:00:00,20,0,0,2627,3006.0,590.0,2580.248017998415,-379.0,379.0,46.75198200158502,46.75198200158502,2185.74782107653
2018-09-03 20:00:00,20,0,0,2627,2627.0,590.0,2326.0045914064963,0.0,0.0,300.9954085935037,300.9954085935037,90598.23599437026
2018-09-03 21:00:00,21,0,0,2081,2627.0,1141.0,2318.8664768605413,-546.0,546.0,-237.8664768605413,237.8664768605413,56580.460814046426
2018-09-03 22:00:00,22,0,0,1588,2081.0,1141.0,1609.661240892291,-493.0,493.0,-21.66124089229106,21.66124089229106,469.20935699386246
2018-09-03 22:00:00,22,0,0,1588,1588.0,1556.0,1443.4183228321845,0.0,0.0,144.58167716781554,144.58167716781554,20903.861372658434
2018-09-03 23:00:00,23,0,0,1012,1588.0,1556.0,1054.3171574723845,-576.0,576.0,-42.31715747238445,42.31715747238445,1790.7418165425831
2018-09-03 23:00:00,23,0,0,1012,1012.0,1995.0,1003.7047524267605,0.0,0.0,8.295247573239521,8.295247573239521,68.81113230133617
2018-09-04 00:00:00,0,1,0,528,1012.0,1995.0,558.3973572737752,-484.0,484.0,-30.397357273775242,30.397357273775242,923.9993292295366
2018-09-04 01:00:00,1,1,0,321,528.0,2524.0,344.58442596017034,-207.0,207.0,-23.584425960170336,23.584425960170336,556.2251478707565
2018-09-04 01:00:00,1,1,0,321,321.0,3050.0,306.3233172498919,0.0,0.0,14.676682750108114,14.676682750108114,215.40501654732105
2018-09-04 01:00:00,1,1,0,321,321.0,3050.0,306.3233172498919,0.0,0.0,14.676682750108114,14.676682750108114,215.40501654732105
2018-09-04 02:00:00,2,1,0,254,321.0,3616.0,271.4581857704314,-67.0,67.0,-17.458185770431385,17.458185770431385,304.7882503948929
2018-09-04 02:00:00,2,1,0,254,254.0,3616.0,271.0808297773531,0.0,0.0,-17.080829777353074,17.080829777353074,291.75474588291144
2018-09-04 03:00:00,3,1,0,332,254.0,3901.0,337.5847323365468,78.0,78.0,-5.584732336546779,5.584732336546779,31.189235270871244
2018-09-04 04:00:00,4,1,0,901,332.0,4110.0,840.6967681877385,569.0,569.0,60.303231812261515,60.303231812261515,3636.479767003349
2018-09-04 05:00:00,5,1,0,2863,901.0,4446.0,2892.541393103712,1962.0,1962.0,-29.541393103711926,29.541393103711926,872.6939065080385
2018-09-04 05:00:00,5,1,0,2863,2863.0,4411.0,2863.0511886465683,0.0,0.0,-0.05118864656833466,0.05118864656833466,0.00262027753749788
2018-09-04 05:00:00,5,1,0,2863,2863.0,4017.0,2863.0511886465683,0.0,0.0,-0.05118864656833466,0.05118864656833466,0.00262027753749788
2018-09-04 05:00:00,5,1,0,2863,2863.0,4017.0,2863.0511886465683,0.0,0.0,-0.05118864656833466,0.05118864656833466,0.00262027753749788
2018-09-04 06:00:00,6,1,0,5280,2863.0,3900.0,5583.230437413811,2417.0,2417.0,-303.23043741381116,303.23043741381116,91948.69817417125
2018-09-04 06:00:00,6,1,0,5280,5280.0,3487.0,5296.88776883594,0.0,0.0,-16.887768835939823,16.887768835939823,285.1967362561403
2018-09-04 06:00:00,6,1,0,5280,5280.0,3006.0,5296.88776883594,0.0,0.0,-16.887768835939823,16.887768835939823,285.1967362561403
2018-09-04 07:00:00,7,1,1,6379,5280.0,3006.0,5924.915034545009,1099.0,1099.0,454.0849654549911,454.0849654549911,206193.15585226048
2018-09-04 07:00:00,7,1,1,6379,6379.0,3006.0,6376.256199380107,0.0,0.0,2.7438006198926814,2.7438006198926814,7.528441841723462
2018-09-04 08:00:00,8,1,1,5856,6379.0,2627.0,5892.743491519383,-523.0,523.0,-36.74349151938259,36.74349151938259,1350.08416903494
2018-09-04 08:00:00,8,1,1,5856,5856.0,2627.0,5720.420719659325,0.0,0.0,135.5792803406748,135.5792803406748,18381.741257695292
2018-09-04 08:00:00,8,1,1,5856,5856.0,2081.0,5739.026091771028,0.0,0.0,116.9739082289716,116.9739082289716,13682.895206359868
2018-09-04 09:00:00,9,1,1,5242,5856.0,1588.0,5186.083727337555,-614.0,614.0,55.91627266244541,55.91627266244541,3126.6295484609395
2018-09-04 09:00:00,9,1,1,5242,5242.0,1588.0,5064.028583482082,0.0,0.0,177.97141651791844,177.97141651791844,31673.825097394412
2018-09-04 09:00:00,9,1,1,5242,5242.0,1012.0,5064.028583482082,0.0,0.0,177.97141651791844,177.97141651791844,31673.825097394412
2018-09-04 09:00:00,9,1,1,5242,5242.0,1012.0,5064.028583482082,0.0,0.0,177.97141651791844,177.97141651791844,31673.825097394412
2018-09-04 10:00:00,10,1,0,4403,5242.0,528.0,4541.989772353307,-839.0,839.0,-138.98977235330676,138.98977235330676,19318.156818824038
2018-09-04 10:00:00,10,1,0,4403,4403.0,321.0,4509.952330160722,0.0,0.0,-106.95233016072234,106.95233016072234,11438.800926808157
2018-09-04 10:00:00,10,1,0,4403,4403.0,321.0,4509.952330160722,0.0,0.0,-106.95233016072234,106.95233016072234,11438.800926808157
2018-09-04 10:00:00,10,1,0,4403,4403.0,321.0,4509.952330160722,0.0,0.0,-106.95233016072234,106.95233016072234,11438.800926808157
2018-09-04 11:00:00,11,1,0,4477,4403.0,254.0,4545.714834590821,74.0,74.0,-68.71483459082083,68.71483459082083,4721.728492843867
2018-09-04 11:00:00,11,1,0,4477,4477.0,254.0,4740.492288795286,0.0,0.0,-263.4922887952862,263.4922887952862,69428.1862545785
2018-09-04 12:00:00,12,1,0,4583,4477.0,332.0,4714.511619047784,106.0,106.0,-131.51161904778382,131.51161904778382,17295.305944569416
2018-09-04 12:00:00,12,1,0,4583,4583.0,901.0,4792.891719739579,0.0,0.0,-209.89171973957855,209.89171973957855,44054.53401523779
2018-09-04 13:00:00,13,1,0,4652,4583.0,2863.0,4792.891719739579,69.0,69.0,-140.89171973957855,140.89171973957855,19850.476691175947
2018-09-04 13:00:00,13,1,0,4652,4652.0,2863.0,4857.946217833678,0.0,0.0,-205.94621783367802,205.94621783367802,42413.84463999676
2018-09-04 14:00:00,14,1,0,4785,4652.0,2863.0,4857.946217833678,133.0,133.0,-72.94621783367802,72.94621783367802,5321.1506962384055
2018-09-04 14:00:00,14,1,0,4785,4785.0,2863.0,4970.533933089596,0.0,0.0,-185.53393308959585,185.53393308959585,34422.84032769463
2018-09-04 15:00:00,15,1,0,5436,4785.0,5280.0,5043.259240675841,651.0,651.0,392.7407593241587,392.7407593241587,154245.30403451677
2018-09-04 15:00:00,15,1,0,5436,5436.0,5280.0,5841.672779104967,0.0,0.0,-405.67277910496705,405.67277910496705,164570.4037067474
2018-09-04 16:00:00,16,1,0,5667,5436.0,5280.0,6234.153378134358,231.0,231.0,-567.1533781343578,567.1533781343578,321662.9543292138
2018-09-04 16:00:00,16,1,0,5667,5667.0,6379.0,6313.826204648715,0.0,0.0,-646.8262046487152,646.8262046487152,418384.13902026165
2018-09-04 17:00:00,17,1,1,5494,5667.0,6379.0,5887.051014435029,-173.0,173.0,-393.0510144350292,393.0510144350292,154489.09994840552
2018-09-04 17:00:00,17,1,1,5494,5494.0,5856.0,5881.760176989673,0.0,0.0,-387.7601769896728,387.7601769896728,150357.9548590624
2018-09-04 17:00:00,17,1,1,5494,5494.0,5856.0,5881.760176989673,0.0,0.0,-387.7601769896728,387.7601769896728,150357.9548590624
2018-09-04 18:00:00,18,1,1,4383,5494.0,5856.0,4380.266210387698,-1111.0,1111.0,2.7337896123017345,2.7337896123017345,7.473605644328868
2018-09-04 18:00:00,18,1,1,4383,4383.0,5242.0,4209.685887492613,0.0,0.0,173.3141125073871,173.3141125073871,30037.781594223237
2018-09-04 18:00:00,18,1,1,4383,4383.0,5242.0,4209.685887492613,0.0,0.0,173.3141125073871,173.3141125073871,30037.781594223237
2018-09-04 18:00:00,18,1,1,4383,4383.0,5242.0,4209.685887492613,0.0,0.0,173.3141125073871,173.3141125073871,30037.781594223237
2018-09-04 19:00:00,19,1,1,3017,4383.0,5242.0,3189.0073240990314,-1366.0,1366.0,-172.0073240990314,172.0073240990314,29586.519543709226
2018-09-04 19:00:00,19,1,1,3017,3017.0,4403.0,2955.8845017998283,0.0,0.0,61.115498200171714,61.115498200171714,3735.104120255192
2018-09-04 19:00:00,19,1,1,3017,3017.0,4403.0,2959.738175269216,0.0,0.0,57.261824730784156,57.261824730784156,3278.916571499044
2018-09-04 20:00:00,20,1,0,2385,3017.0,4403.0,2730.5251788108103,-632.0,632.0,-345.5251788108103,345.5251788108103,119387.64919224243
2018-09-04 20:00:00,20,1,0,2385,2385.0,4403.0,2230.7378944294514,0.0,0.0,154.26210557054856,154.26210557054856,23796.79721505907
2018-09-04 20:00:00,20,1,0,2385,2385.0,4477.0,2230.7378944294514,0.0,0.0,154.26210557054856,154.26210557054856,23796.79721505907
2018-09-04 21:00:00,21,1,0,2105,2385.0,4477.0,2230.7378944294514,-280.0,280.0,-125.73789442945144,125.73789442945144,15810.018095551877
2018-09-04 21:00:00,21,1,0,2105,2105.0,4583.0,2080.087398239035,0.0,0.0,24.912601760965117,24.912601760965117,620.6377265004422
2018-09-04 21:00:00,21,1,0,2105,2105.0,4583.0,2080.087398239035,0.0,0.0,24.912601760965117,24.912601760965117,620.6377265004422
2018-09-04 22:00:00,22,1,0,1351,2105.0,4652.0,1723.686930150778,-754.0,754.0,-372.6869301507779,372.6869301507779,138895.5479052108
2018-09-04 22:00:00,22,1,0,1351,1351.0,4652.0,1012.2974921102402,0.0,0.0,338.7025078897598,338.7025078897598,114719.38885081279
2018-09-04 22:00:00,22,1,0,1351,1351.0,4785.0,1029.2873502670725,0.0,0.0,321.7126497329275,321.7126497329275,103499.0289981813
2018-09-04 23:00:00,23,1,0,921,1351.0,4785.0,1055.9611471043456,-430.0,430.0,-134.96114710434563,134.96114710434563,18214.51122772082
2018-09-04 23:00:00,23,1,0,921,921.0,5436.0,960.4778832613208,0.0,0.0,-39.47788326132081,39.47788326132081,1558.503266794474
2018-09-05 00:00:00,0,2,0,522,921.0,5436.0,542.3545662860882,-399.0,399.0,-20.354566286088243,20.354566286088243,414.30836869476013
2018-09-05 00:00:00,0,2,0,522,522.0,5667.0,519.921482226093,0.0,0.0,2.0785177739070377,2.0785177739070377,4.320236136447468
2018-09-05 01:00:00,1,2,0,304,522.0,5667.0,343.5192099235543,-218.0,218.0,-39.519209923554286,39.519209923554286,1561.7679529819516
2018-09-05 01:00:00,1,2,0,304,304.0,5494.0,305.6565760737582,0.0,0.0,-1.656576073758174,1.656576073758174,2.7442442881480473
2018-09-05 02:00:00,2,2,0,254,304.0,5494.0,271.0808297773531,-50.0,50.0,-17.080829777353074,17.080829777353074,291.75474588291144
2018-09-05 03:00:00,3,2,0,323,254.0,5494.0,337.5847323365468,69.0,69.0,-14.584732336546779,14.584732336546779,212.71441732871327
2018-09-05 03:00:00,3,2,0,323,323.0,4383.0,337.5221739823332,0.0,0.0,-14.522173982333186,14.522173982333186,210.8935371731549
2018-09-05 04:00:00,4,2,0,882,323.0,4383.0,827.2694980558713,559.0,559.0,54.73050194412872,54.73050194412872,2995.4278430562777
2018-09-05 04:00:00,4,2,0,882,882.0,4383.0,874.0653027446435,0.0,0.0,7.934697255356468,7.934697255356468,62.959420534161474
2018-09-05 05:00:00,5,2,0,3013,882.0,4383.0,2892.541393103712,2131.0,2131.0,120.45860689628807,120.45860689628807,14510.275975394461
2018-09-05 05:00:00,5,2,0,3013,3013.0,3017.0,2997.0031067246255,0.0,0.0,15.996893275374532,15.996893275374532,255.90059446372294
2018-09-05 06:00:00,6,2,0,5633,3013.0,3017.0,5617.647011882221,2620.0,2620.0,15.352988117779205,15.352988117779205,235.71424414466946
2018-09-05 06:00:00,6,2,0,5633,5633.0,3017.0,5626.189818210107,0.0,0.0,6.8101817898932495,6.8101817898932495,46.378576011393626
2018-09-05 06:00:00,6,2,0,5633,5633.0,2385.0,5626.189818210107,0.0,0.0,6.8101817898932495,6.8101817898932495,46.378576011393626
2018-09-05 07:00:00,7,2,1,6668,5633.0,2385.0,6313.727624479424,1035.0,1035.0,354.27237552057613,354.27237552057613,125508.91605699211
2018-09-05 07:00:00,7,2,1,6668,6668.0,2385.0,6416.10138833736,0.0,0.0,251.89861166264018,251.89861166264018,63452.9105575656
2018-09-05 08:00:00,8,2,1,6327,6668.0,2105.0,5978.08998181822,-341.0,341.0,348.9100181817803,348.9100181817803,121738.20078761026
2018-09-05 09:00:00,9,2,1,5237,6327.0,2105.0,5186.083727337555,-1090.0,1090.0,50.91627266244541,50.91627266244541,2592.4668218364855
2018-09-05 10:00:00,10,2,0,4599,5237.0,2105.0,4557.856982708923,-638.0,638.0,41.14301729107683,41.14301729107683,1692.747871813847
2018-09-05 11:00:00,11,2,0,4635,4599.0,1351.0,4846.1150054645395,36.0,36.0,-211.11500546453954,211.11500546453954,44569.545532292555
2018-09-05 12:00:00,12,2,0,5001,4635.0,1351.0,4865.81154279814,366.0,366.0,135.18845720185982,135.18845720185982,18275.918960619085
2018-09-05 13:00:00,13,2,0,4781,5001.0,1351.0,4963.303905769106,-220.0,220.0,-182.30390576910577,182.30390576910577,33234.714058670994
2018-09-05 14:00:00,14,2,0,4816,4781.0,921.0,4993.269331341853,35.0,35.0,-177.2693313418531,177.2693313418531,31424.415834387702
2018-09-05 15:00:00,15,2,0,5661,4816.0,921.0,5418.798664471293,845.0,845.0,242.2013355287072,242.2013355287072,58661.486931889405
2018-09-05 16:00:00,16,2,0,6555,5661.0,522.0,6422.0015948662,894.0,894.0,132.99840513379968,132.99840513379968,17688.575768134313
2018-09-05 17:00:00,17,2,1,5938,6555.0,522.0,6161.864668230875,-617.0,617.0,-223.8646682308754,223.8646682308754,50115.38968211991
2018-09-05 18:00:00,18,2,1,4426,5938.0,304.0,4549.944872248336,-1512.0,1512.0,-123.94487224833574,123.94487224833574,15362.331356656268
2018-09-05 19:00:00,19,2,1,3414,4426.0,304.0,3233.0930253587,-1012.0,1012.0,180.90697464130017,180.90697464130017,32727.33347386802
2018-09-05 20:00:00,20,2,0,3130,3414.0,254.0,2983.4463417756465,-284.0,284.0,146.5536582243535,146.5536582243535,21477.97473894062
2018-09-05 21:00:00,21,2,0,2532,3130.0,323.0,2802.4615383730875,-598.0,598.0,-270.4615383730875,270.4615383730875,73149.44373913707
2018-09-05 22:00:00,22,2,0,1629,2532.0,323.0,1835.4783433908688,-903.0,903.0,-206.47834339086876,206.47834339086876,42633.30628943752
2018-09-05 23:00:00,23,2,0,993,1629.0,882.0,1196.7455820819655,-636.0,636.0,-203.7455820819655,203.7455820819655,41512.26221791894
2018-09-06 00:00:00,0,3,0,570,993.0,882.0,556.8974562641888,-423.0,423.0,13.102543735811196,13.102543735811196,171.6766523488452
2018-09-06 00:00:00,0,3,0,570,570.0,3013.0,622.1695407350662,0.0,0.0,-52.16954073506622,52.16954073506622,2721.6609805077337
2018-09-06 01:00:00,1,3,0,350,570.0,3013.0,355.8918781240606,-220.0,220.0,-5.891878124060611,5.891878124060611,34.71422782878398
2018-09-06 01:00:00,1,3,0,350,350.0,5633.0,320.4591407021622,0.0,0.0,29.540859297837812,29.540859297837812,872.6623680546508
2018-09-06 02:00:00,2,3,0,281,350.0,5633.0,280.72896804678885,-69.0,69.0,0.2710319532111498,0.2710319532111498,0.0734583196614509
2018-09-06 02:00:00,2,3,0,281,281.0,5633.0,271.0808297773531,0.0,0.0,9.919170222646926,9.919170222646926,98.38993790584547
2018-09-06 03:00:00,3,3,0,337,281.0,6668.0,349.58767524215807,56.0,56.0,-12.58767524215807,12.58767524215807,158.44956800203923
2018-09-06 03:00:00,3,3,0,337,337.0,6668.0,348.80863712364646,0.0,0.0,-11.808637123646463,11.808637123646463,139.44391071796142
2018-09-06 04:00:00,4,3,0,909,337.0,6327.0,847.4099943241273,572.0,572.0,61.5900056758727,61.5900056758727,3793.328799154032
2018-09-06 04:00:00,4,3,0,909,909.0,5237.0,898.2896091007798,0.0,0.0,10.710390899220215,10.710390899220215,114.7124732140992
2018-09-06 05:00:00,5,3,0,3036,909.0,4599.0,2892.541393103712,2127.0,2127.0,143.45860689628807,143.45860689628807,20580.371892623712
2018-09-06 05:00:00,5,3,0,3036,3036.0,4635.0,3004.363696290246,0.0,0.0,31.636303709753975,31.636303709753975,1000.855712415793
2018-09-06 06:00:00,6,3,0,5868,3036.0,5001.0,5809.7899366520605,2832.0,2832.0,58.21006334793947,58.21006334793947,3388.4114749711257
2018-09-06 07:00:00,7,3,1,6526,5868.0,4781.0,6392.4754456564915,658.0,658.0,133.5245543435085,133.5245543435085,17828.806612632554
2018-09-06 07:00:00,7,3,1,6526,6526.0,4816.0,6406.762484683303,0.0,0.0,119.23751531669677,119.23751531669677,14217.585058899498
2018-09-06 08:00:00,8,3,1,5996,6526.0,5661.0,5953.265653228123,-530.0,530.0,42.734346771877426,42.734346771877426,1826.2243940190706
2018-09-06 09:00:00,9,3,1,5328,5996.0,6555.0,5178.814034096677,-668.0,668.0,149.18596590332345,149.18596590332345,22256.452422507587
2018-09-06 10:00:00,10,3,0,4579,5328.0,5938.0,4597.434042289331,-749.0,749.0,-18.434042289331046,18.434042289331046,339.8139151248454
2018-09-06 11:00:00,11,3,0,4727,4579.0,4426.0,4797.577012457058,148.0,148.0,-70.57701245705812,70.57701245705812,4981.114687363736
2018-09-06 12:00:00,12,3,0,4765,4727.0,3414.0,4894.609774391263,38.0,38.0,-129.60977439126327,129.60977439126327,16798.693617754165
2018-09-06 13:00:00,13,3,0,4853,4765.0,3130.0,4897.039303001375,88.0,88.0,-44.03930300137472,44.03930300137472,1939.4602088468923
2018-09-06 14:00:00,14,3,0,4947,4853.0,2532.0,5149.3335116944545,94.0,94.0,-202.3335116944545,202.3335116944545,40938.849954609956
2018-09-06 15:00:00,15,3,0,5786,4947.0,1629.0,5583.036358634866,839.0,839.0,202.9636413651342,202.9636413651342,41194.23971619482
2018-09-06 16:00:00,16,3,0,6396,5786.0,993.0,6559.14534811099,610.0,610.0,-163.1453481109902,163.1453481109902,26616.404610256173
2018-09-06 17:00:00,17,3,1,6008,6396.0,570.0,6110.244264957595,-388.0,388.0,-102.24426495759508,102.24426495759508,10453.889716718904
2018-09-06 18:00:00,18,3,1,4373,6008.0,570.0,4499.489947233874,-1635.0,1635.0,-126.48994723387386,126.48994723387386,15999.706751228194
2018-09-06 19:00:00,19,3,1,3382,4373.0,350.0,3351.3867172138193,-991.0,991.0,30.613282786180662,30.613282786180662,937.1730829466652
2018-09-06 20:00:00,20,3,0,3223,3382.0,350.0,3051.1648663614233,-159.0,159.0,171.83513363857674,171.83513363857674,29527.313152587525
2018-09-06 21:00:00,21,3,0,2712,3223.0,281.0,2995.7653086195573,-511.0,511.0,-283.76530861955735,283.76530861955735,80522.75037595263
2018-09-06 22:00:00,22,3,0,2096,2712.0,281.0,2013.3617494180546,-616.0,616.0,82.63825058194539,82.63825058194539,6829.0804592443965
2018-09-06 23:00:00,23,3,0,1248,2096.0,337.0,1355.6587021343355,-848.0,848.0,-107.6587021343355,107.6587021343355,11590.396145249575
2018-09-07 00:00:00,0,4,0,550,1248.0,337.0,692.4726365228228,-698.0,698.0,-142.47263652282277,142.47263652282277,20298.45215776437
2018-09-07 01:00:00,1,4,0,417,550.0,909.0,375.0628998606629,-133.0,133.0,41.937100139337076,41.937100139337076,1758.7203680967857
2018-09-07 02:00:00,2,4,0,307,417.0,909.0,327.0262254667793,-110.0,110.0,-20.026225466779294,20.026225466779294,401.0497064462796
2018-09-07 03:00:00,3,4,0,338,307.0,3036.0,353.3940162810561,31.0,31.0,-15.39401628105611,15.39401628105611,236.9757372614206
2018-09-07 04:00:00,4,4,0,892,338.0,3036.0,807.8810508601714,554.0,554.0,84.1189491398286,84.1189491398286,7075.997604389071
2018-09-07 05:00:00,5,4,0,2942,892.0,5868.0,2892.541393103712,2050.0,2050.0,49.458606896288074,49.458606896288074,2446.1537961215545
2018-09-07 06:00:00,6,4,0,5542,2942.0,6526.0,5723.512355227791,2600.0,2600.0,-181.51235522779098,181.51235522779098,32946.73510033978
2018-09-07 07:00:00,7,4,1,6675,5542.0,6526.0,6346.626238313037,1133.0,1133.0,328.373761686963,328.373761686963,107829.32736444638
2018-09-07 08:00:00,8,4,1,5923,6675.0,5996.0,5918.030267068275,-752.0,752.0,4.969732931725048,4.969732931725048,24.69824541267244
2018-09-07 09:00:00,9,4,1,5061,5923.0,5328.0,5180.296260193931,-862.0,862.0,-119.29626019393072,119.29626019393072,14231.597696258019
2018-09-07 10:00:00,10,4,0,4720,5061.0,4579.0,4664.553296685292,-341.0,341.0,55.44670331470843,55.44670331470843,3074.3369084692986
2018-09-07 11:00:00,11,4,0,4700,4720.0,4727.0,4894.609774391263,-20.0,20.0,-194.60977439126327,194.60977439126327,37872.964288618394
2018-09-07 12:00:00,12,4,0,5073,4700.0,4765.0,4893.425597408955,373.0,373.0,179.57440259104533,179.57440259104533,32246.96606593083
2018-09-07 13:00:00,13,4,0,4832,5073.0,4853.0,5132.463316209464,-241.0,241.0,-300.4633162094642,300.4633162094642,90278.20438758848
2018-09-07 14:00:00,14,4,0,5163,4832.0,4947.0,5140.347667801255,331.0,331.0,22.65233219874517,22.65233219874517,513.1281540423072
2018-09-07 15:00:00,15,4,0,4831,5163.0,5786.0,5740.564579750165,-332.0,332.0,-909.5645797501647,909.5645797501647,827307.7247360938
2018-09-07 16:00:00,16,4,0,6148,4831.0,6396.0,5467.955553203173,1317.0,1317.0,680.0444467968273,680.0444467968273,462460.4496192029
2018-09-07 17:00:00,17,4,1,5426,6148.0,6008.0,5561.160887934347,-722.0,722.0,-135.16088793434665,135.16088793434665,18268.465627201014
2018-09-07 18:00:00,18,4,1,4699,5426.0,4373.0,4513.307842568099,-727.0,727.0,185.69215743190125,185.69215743190125,34481.577331714
2018-09-07 19:00:00,19,4,1,3734,4699.0,3382.0,3685.7083201225223,-965.0,965.0,48.29167987747769,48.29167987747769,2332.0863453887837
2018-09-07 20:00:00,20,4,0,3360,3734.0,3223.0,3238.4220284196504,-374.0,374.0,121.57797158034964,121.57797158034964,14781.203173592305
2018-09-07 21:00:00,21,4,0,2803,3360.0,2712.0,3105.81869173753,-557.0,557.0,-302.8186917375301,302.8186917375301,91699.16006562929
2018-09-07 22:00:00,22,4,0,2669,2803.0,2096.0,2692.8964684611074,-134.0,134.0,-23.89646846110736,23.89646846110736,571.0412049126988
2018-09-07 23:00:00,23,4,0,1957,2669.0,1248.0,2008.6375269677903,-712.0,712.0,-51.637526967790336,51.637526967790336,2666.4341913492744
2018-09-08 00:00:00,0,5,0,1131,1957.0,550.0,1323.2518884518079,-826.0,826.0,-192.25188845180787,192.25188845180787,36960.78861328638
2018-09-08 01:00:00,1,5,0,690,1131.0,417.0,724.1046308730495,-441.0,441.0,-34.10463087304947,34.10463087304947,1163.1258469869592
2018-09-08 02:00:00,2,5,0,488,690.0,307.0,581.8100702050135,-202.0,202.0,-93.81007020501352,93.81007020501352,8800.329271869565
2018-09-08 03:00:00,3,5,0,393,488.0,338.0,382.5286825064273,-95.0,95.0,10.471317493572712,10.471317493572712,109.64849005120192
2018-09-08 04:00:00,4,5,0,459,393.0,892.0,406.73737909519076,66.0,66.0,52.26262090480924,52.26262090480924,2731.3815438398037
2018-09-08 05:00:00,5,5,0,830,459.0,2942.0,809.1933451378054,371.0,371.0,20.80665486219459,20.80665486219459,432.9168865544858
2018-09-08 06:00:00,6,5,0,1504,830.0,5542.0,1399.965269158899,674.0,674.0,104.03473084110101,104.03473084110101,10823.225221180333
2018-09-08 07:00:00,7,5,1,2063,1504.0,6675.0,2193.2134115991757,559.0,559.0,-130.21341159917574,130.21341159917574,16955.532560296357
2018-09-08 08:00:00,8,5,1,3043,2063.0,5923.0,3096.8605074438906,980.0,980.0,-53.86050744389058,53.86050744389058,2900.954262113393
2018-09-08 09:00:00,9,5,1,3588,3043.0,5061.0,3583.378192508567,545.0,545.0,4.621807491433174,4.621807491433174,21.361104487867806
2018-09-08 10:00:00,10,5,0,4039,3588.0,4720.0,3891.677049182076,451.0,451.0,147.3229508179238,147.3229508179238,21704.051837700397
2018-09-08 11:00:00,11,5,0,4249,4039.0,4700.0,4274.170159026016,210.0,210.0,-25.170159026016336,25.170159026016336,633.5369053949516
2018-09-08 12:00:00,12,5,0,4690,4249.0,5073.0,4434.06298588277,441.0,441.0,255.93701411723032,255.93701411723032,65503.75519524335
2018-09-08 13:00:00,13,5,0,4550,4690.0,4832.0,4727.868783456952,-140.0,140.0,-177.86878345695186,177.86878345695186,31637.30412845603
2018-09-08 14:00:00,14,5,0,4612,4550.0,5163.0,4645.651319280281,62.0,62.0,-33.651319280281314,33.651319280281314,1132.4112893034328
2018-09-08 15:00:00,15,5,0,4756,4612.0,4831.0,4696.164054569051,144.0,144.0,59.83594543094932,59.83594543094932,3580.340365615545
2018-09-08 16:00:00,16,5,0,4848,4756.0,6148.0,4719.311393657828,92.0,92.0,128.68860634217162,128.68860634217162,16560.757402290415
2018-09-08 17:00:00,17,5,1,4125,4848.0,5426.0,4684.754828046638,-723.0,723.0,-559.7548280466381,559.7548280466381,313325.4675215214
2018-09-08 18:00:00,18,5,1,3745,4125.0,4699.0,3895.9344437386567,-380.0,380.0,-150.93444373865668,150.93444373865668,22781.20630669772
2018-09-08 19:00:00,19,5,1,3399,3745.0,3734.0,3416.8871529985527,-346.0,346.0,-17.887152998552665,17.887152998552665,319.9502423936316
2018-09-08 20:00:00,20,5,0,3245,3399.0,3360.0,3044.564352769392,-154.0,154.0,200.43564723060808,200.43564723060808,40174.44868075277
2018-09-08 21:00:00,21,5,0,2814,3245.0,2803.0,3139.6203375454725,-431.0,431.0,-325.62033754547247,325.62033754547247,106028.60422322742
2018-09-08 22:00:00,22,5,0,2478,2814.0,2669.0,2803.5408329862753,-336.0,336.0,-325.5408329862753,325.5408329862753,105976.83394139798
2018-09-08 23:00:00,23,5,0,1916,2478.0,1957.0,1841.218627026317,-562.0,562.0,74.78137297368289,74.78137297368289,5592.25374382907
2018-09-09 00:00:00,0,6,0,1286,1916.0,1131.0,1285.1562775237348,-630.0,630.0,0.8437224762651567,0.8437224762651567,0.711867616955008
2018-09-09 01:00:00,1,6,0,794,1286.0,690.0,814.8900042628529,-492.0,492.0,-20.890004262852926,20.890004262852926,436.39227810201345
2018-09-09 02:00:00,2,6,0,620,794.0,488.0,594.2738608907465,-174.0,174.0,25.726139109253495,25.726139109253495,661.8342334686622
2018-09-09 03:00:00,3,6,0,345,620.0,393.0,394.13197497695654,-275.0,275.0,-49.13197497695654,49.13197497695654,2413.9509651362837
2018-09-09 04:00:00,4,6,0,353,345.0,459.0,313.6298275204418,8.0,8.0,39.37017247955822,39.37017247955822,1550.0104810701635
2018-09-09 05:00:00,5,6,0,541,353.0,830.0,564.8784549460875,188.0,188.0,-23.87845494608746,23.87845494608746,570.1806106123286
2018-09-09 06:00:00,6,6,0,1140,541.0,1504.0,923.8214755107813,599.0,599.0,216.17852448921872,216.17852448921872,46733.154450335736
2018-09-09 07:00:00,7,6,1,1806,1140.0,2063.0,1575.3078100414848,666.0,666.0,230.6921899585152,230.6921899585152,53218.88650785566
2018-09-09 08:00:00,8,6,1,2224,1806.0,3043.0,2334.312087533948,418.0,418.0,-110.31208753394822,110.31208753394822,12168.756656097454
2018-09-09 09:00:00,9,6,1,3449,2224.0,3588.0,3023.5103901659168,1225.0,1225.0,425.48960983408324,425.48960983408324,181041.4080767604
2018-09-09 10:00:00,10,6,0,4322,3449.0,4039.0,3795.401708818119,873.0,873.0,526.598291181881,526.598291181881,277305.76027567714
2018-09-09 11:00:00,11,6,0,4273,4322.0,4249.0,4406.401169254604,-49.0,49.0,-133.4011692546037,133.4011692546037,17795.871958495423
2018-09-09 12:00:00,12,6,0,3990,4273.0,4690.0,4392.594812721045,-283.0,283.0,-402.59481272104495,402.59481272104495,162082.58322989327
2018-09-09 13:00:00,13,6,0,3993,3990.0,4550.0,4143.774988577712,3.0,3.0,-150.77498857771207,150.77498857771207,22733.097180609202
2018-09-09 14:00:00,14,6,0,3852,3993.0,4612.0,4140.184253382374,-141.0,141.0,-288.18425338237375,288.18425338237375,83050.1638975562
2018-09-09 15:00:00,15,6,0,3888,3852.0,4756.0,4043.6819408298425,36.0,36.0,-155.68194082984246,155.68194082984246,24236.86670054657
2018-09-09 16:00:00,16,6,0,4126,3888.0,4848.0,4022.5838343209602,238.0,238.0,103.41616567903975,103.41616567903975,10694.9033237546
2018-09-09 17:00:00,17,6,1,3959,4126.0,4125.0,3962.377546924965,-167.0,167.0,-3.3775469249649177,3.3775469249649177,11.407823230339972
2018-09-09 18:00:00,18,6,1,3692,3959.0,3745.0,3746.6202994180157,-267.0,267.0,-54.62029941801575,54.62029941801575,2983.3771085136914
2018-09-09 19:00:00,19,6,1,3258,3692.0,3399.0,3186.8549388470765,-434.0,434.0,71.14506115292352,71.14506115292352,5061.619726453227
2018-09-09 20:00:00,20,6,0,2755,3258.0,3245.0,2797.9040398066268,-503.0,503.0,-42.90403980662677,42.90403980662677,1840.7566317286144
2018-09-09 21:00:00,21,6,0,2140,2755.0,2814.0,2436.6804261379293,-615.0,615.0,-296.6804261379293,296.6804261379293,88019.27525338333
2018-09-09 22:00:00,22,6,0,1534,2140.0,2478.0,1697.8699524482713,-606.0,606.0,-163.8699524482713,163.8699524482713,26853.3613153987
2018-09-09 23:00:00,23,6,0,996,1534.0,1916.0,1050.8991716847388,-538.0,538.0,-54.8991716847388,54.8991716847388,3013.9190516704266
2018-09-10 00:00:00,0,0,0,534,996.0,1286.0,555.6961737060213,-462.0,462.0,-21.69617370602134,21.69617370602134,470.7239534818518
2018-09-10 01:00:00,1,0,0,303,534.0,794.0,345.83866918732076,-231.0,231.0,-42.83866918732076,42.83866918732076,1835.151577740705
2018-09-10 02:00:00,2,0,0,286,303.0,620.0,271.0808297773531,-17.0,17.0,14.919170222646926,14.919170222646926,222.58164013231473
2018-09-10 03:00:00,3,0,0,329,286.0,345.0,338.1322737672027,43.0,43.0,-9.132273767202719,9.132273767202719,83.39842415913894
2018-09-10 04:00:00,4,0,0,861,329.0,353.0,824.7595313333991,532.0,532.0,36.24046866660092,36.24046866660092,1313.371569174883
2018-09-10 05:00:00,5,0,0,2963,861.0,541.0,2864.6600684454256,2102.0,2102.0,98.33993155457438,98.33993155457438,9670.742138158374
2018-09-10 06:00:00,6,0,0,5721,2963.0,1140.0,5645.92713424369,2758.0,2758.0,75.07286575631042,75.07286575631042,5635.935172865005
2018-09-10 07:00:00,7,0,1,6561,5721.0,1806.0,6354.675498286339,840.0,840.0,206.32450171366145,206.32450171366145,42569.80000739069
2018-09-10 08:00:00,8,0,1,6009,6561.0,2224.0,5939.994128400556,-552.0,552.0,69.00587159944371,69.00587159944371,4761.810315198912
2018-09-10 09:00:00,9,0,1,5236,6009.0,3449.0,5031.236723281939,-773.0,773.0,204.7632767180612,204.7632767180612,41927.99949231731
2018-09-10 10:00:00,10,0,0,4201,5236.0,4322.0,4462.787905870634,-1035.0,1035.0,-261.78790587063395,261.78790587063395,68532.9076601319
2018-09-10 11:00:00,11,0,0,4498,4201.0,4273.0,4375.572252540194,297.0,297.0,122.42774745980569,122.42774745980569,14988.553348081958
2018-09-10 12:00:00,12,0,0,4724,4498.0,3990.0,4754.030901800299,226.0,226.0,-30.030901800299034,30.030901800299034,901.8550629392038
2018-09-10 13:00:00,13,0,0,4462,4724.0,3993.0,4894.609774391263,-262.0,262.0,-432.6097743912633,432.6097743912633,187151.2168988597
2018-09-10 14:00:00,14,0,0,5016,4462.0,3852.0,4729.314736988166,554.0,554.0,286.68526301183374,286.68526301183374,82188.44002816429
2018-09-10 15:00:00,15,0,0,5688,5016.0,3888.0,5607.789885668397,672.0,672.0,80.21011433160311,80.21011433160311,6433.662441088843
2018-09-10 16:00:00,16,0,0,6344,5688.0,4126.0,6370.6565533886205,656.0,656.0,-26.656553388620523,26.656553388620523,710.5718385603762
2018-09-10 17:00:00,17,0,1,5857,6344.0,3959.0,5981.317929278183,-487.0,487.0,-124.31792927818333,124.31792927818333,15454.947540015391
2018-09-10 18:00:00,18,0,1,4245,5857.0,3692.0,4332.403066961091,-1612.0,1612.0,-87.4030669610911,87.4030669610911,7639.296114204974
2018-09-10 19:00:00,19,0,1,3184,4245.0,3258.0,3098.6768659511204,-1061.0,1061.0,85.32313404887964,85.32313404887964,7280.037203923083
2018-09-10 20:00:00,20,0,0,2732,3184.0,2755.0,2734.5626967643,-452.0,452.0,-2.562696764300199,2.562696764300199,6.56741470575471
2018-09-10 21:00:00,21,0,0,2235,2732.0,2140.0,2425.6828050095355,-497.0,497.0,-190.6828050095355,190.6828050095355,36359.93212630454
2018-09-10 22:00:00,22,0,0,1389,2235.0,1534.0,1617.7056102878116,-846.0,846.0,-228.70561028781162,228.70561028781162,52306.25617712037
2018-09-10 23:00:00,23,0,0,887,1389.0,996.0,1011.9043767774483,-502.0,502.0,-124.9043767774483,124.9043767774483,15601.103338162768
2018-09-11 00:00:00,0,1,0,516,887.0,534.0,536.4670384911174,-371.0,371.0,-20.467038491117364,20.467038491117364,418.89966459687975
2018-09-11 01:00:00,1,1,0,330,516.0,303.0,338.20115714864073,-186.0,186.0,-8.201157148640732,8.201157148640732,67.25897857670098
2018-09-11 02:00:00,2,1,0,265,330.0,286.0,271.6448936112392,-65.0,65.0,-6.644893611239183,6.644893611239183,44.15461110468732
2018-09-11 03:00:00,3,1,0,332,265.0,329.0,352.438121417559,67.0,67.0,-20.43812141755899,20.43812141755899,417.71680707888345
2018-09-11 04:00:00,4,1,0,891,332.0,861.0,843.9992009705514,559.0,559.0,47.00079902944856,47.00079902944856,2209.0751094066127
2018-09-11 05:00:00,5,1,0,3055,891.0,2963.0,2892.541393103712,2164.0,2164.0,162.45860689628807,162.45860689628807,26392.798954682657
2018-09-11 06:00:00,6,1,0,5927,3055.0,5721.0,5838.766842667367,2872.0,2872.0,88.2331573326328,88.2331573326328,7785.090052885133
2018-09-11 07:00:00,7,1,1,6496,5927.0,6561.0,6397.71815267554,569.0,569.0,98.2818473244597,98.2818473244597,9659.321513508406
2018-09-11 08:00:00,8,1,1,6123,6496.0,6009.0,5920.029965087843,-373.0,373.0,202.97003491215673,202.97003491215673,41196.835072242124
2018-09-11 09:00:00,9,1,1,5471,6123.0,5236.0,5182.508830495213,-652.0,652.0,288.49116950478674,288.49116950478674,83227.1548822396
2018-09-11 10:00:00,10,1,0,4257,5471.0,4201.0,4602.064652367569,-1214.0,1214.0,-345.06465236756867,345.06465236756867,119069.61431355102
2018-09-11 11:00:00,11,1,0,5074,4257.0,4498.0,4486.589630582155,817.0,817.0,587.4103694178448,587.4103694178448,345050.9420996089
2018-09-11 12:00:00,12,1,0,4734,5074.0,4724.0,5163.068517152827,-340.0,340.0,-429.06851715282664,429.06851715282664,184099.7924117255
2018-09-11 13:00:00,13,1,0,4875,4734.0,4462.0,4894.609774391263,141.0,141.0,-19.609774391263272,19.609774391263272,384.54325167624484
2018-09-11 14:00:00,14,1,0,4922,4875.0,5016.0,5160.81139721147,47.0,47.0,-238.81139721146974,238.81139721146974,57030.88343809437
2018-09-11 15:00:00,15,1,0,5636,4922.0,5688.0,5574.431927134661,714.0,714.0,61.56807286533876,61.56807286533876,3790.627596351663
2018-09-11 16:00:00,16,1,0,6601,5636.0,6344.0,6424.51881510885,965.0,965.0,176.4811848911504,176.4811848911504,31145.608620584415
2018-09-11 17:00:00,17,1,1,5859,6601.0,5857.0,6167.448627587583,-742.0,742.0,-308.44862758758336,308.44862758758336,95140.55586066369
2018-09-11 18:00:00,18,1,1,4372,5859.0,4245.0,4417.344118789397,-1487.0,1487.0,-45.344118789396816,45.344118789396816,2056.0891087869295
2018-09-11 19:00:00,19,1,1,3427,4372.0,3184.0,3188.75966239727,-945.0,945.0,238.24033760273005,238.24033760273005,56758.45846106279
2018-09-11 20:00:00,20,1,0,3114,3427.0,2732.0,2995.2680666953947,-313.0,313.0,118.73193330460526,118.73193330460526,14097.271986249232
2018-09-11 21:00:00,21,1,0,2501,3114.0,2235.0,2767.680873621482,-613.0,613.0,-266.6808736214821,266.6808736214821,71118.68835551689
2018-09-11 22:00:00,22,1,0,1860,2501.0,1389.0,1802.1674931149894,-641.0,641.0,57.832506885010616,57.832506885010616,3344.5988526048004
2018-09-11 23:00:00,23,1,0,2682,1860.0,887.0,1268.630715327691,822.0,822.0,1413.369284672309,1413.369284672309,1997612.7348551145
2018-09-12 00:00:00,0,2,0,750,2682.0,516.0,794.1457602980444,-1932.0,1932.0,-44.145760298044365,44.145760298044365,1948.84815229239
2018-09-12 01:00:00,1,2,0,344,750.0,330.0,448.5597566575591,-406.0,406.0,-104.55975665755909,104.55975665755909,10932.742712287973
2018-09-12 02:00:00,2,2,0,314,344.0,265.0,272.25422342459535,-30.0,30.0,41.74577657540465,41.74577657540465,1742.7098618836035
2018-09-12 03:00:00,3,2,0,371,314.0,332.0,353.55428047775604,57.0,57.0,17.445719522243962,17.445719522243962,304.3531296488041
2018-09-12 04:00:00,4,2,0,937,371.0,891.0,853.5125619942598,566.0,566.0,83.48743800574016,83.48743800574016,6970.152304762307
2018-09-12 05:00:00,5,2,0,3085,937.0,3055.0,2892.541393103712,2148.0,2148.0,192.45860689628807,192.45860689628807,37040.315368459946
2018-09-12 06:00:00,6,2,0,5908,3085.0,5927.0,5793.211723755394,2823.0,2823.0,114.7882762446061,114.7882762446061,13176.348363208
2018-09-12 07:00:00,7,2,1,6677,5908.0,6496.0,6387.536882947799,769.0,769.0,289.4631170522007,289.4631170522007,83788.89613357604
2018-09-12 08:00:00,8,2,1,6297,6677.0,6123.0,5976.926207504697,-380.0,380.0,320.07379249530277,320.07379249530277,102447.23264232614
2018-09-12 09:00:00,9,2,1,5551,6297.0,5471.0,5177.878825956828,-746.0,746.0,373.1211740431718,373.1211740431718,139219.4105193549
2018-09-12 09:00:00,9,2,1,5551,5551.0,4257.0,5177.878825956828,0.0,0.0,373.1211740431718,373.1211740431718,139219.4105193549
2018-09-12 10:00:00,10,2,0,4499,5551.0,5074.0,4618.9993507111885,-1052.0,1052.0,-119.99935071118853,119.99935071118853,14399.844171106823
2018-09-12 10:00:00,10,2,0,4499,4499.0,4734.0,4526.219641645219,0.0,0.0,-27.21964164521887,27.21964164521887,740.9088912941335
2018-09-12 11:00:00,11,2,0,4598,4499.0,4875.0,4754.855466924872,99.0,99.0,-156.85546692487242,156.85546692487242,24603.637504219743
2018-09-12 12:00:00,12,2,0,4759,4598.0,4922.0,4846.1150054645395,161.0,161.0,-87.11500546453954,87.11500546453954,7589.024177086753
2018-09-12 13:00:00,13,2,0,4733,4759.0,5636.0,4896.508882770451,-26.0,26.0,-163.50888277045124,163.50888277045124,26735.154744841166
2018-09-12 14:00:00,14,2,0,5056,4733.0,6601.0,4895.518686377257,323.0,323.0,160.48131362274307,160.48131362274307,25754.252022081222
2018-09-12 15:00:00,15,2,0,5739,5056.0,5859.0,5654.5988776516715,683.0,683.0,84.4011223483285,84.4011223483285,7123.549453657516
2018-09-12 16:00:00,16,2,0,6450,5739.0,4372.0,6443.233630560504,711.0,711.0,6.766369439495975,6.766369439495975,45.783755391745075
2018-09-12 17:00:00,17,2,1,6245,6450.0,3427.0,6145.904214956876,-205.0,205.0,99.09578504312412,99.09578504312412,9819.974613313063
2018-09-12 18:00:00,18,2,1,4668,6245.0,3114.0,4686.06941766175,-1577.0,1577.0,-18.069417661749867,18.069417661749867,326.50385463475806
2018-09-12 19:00:00,19,2,1,3510,4668.0,2501.0,3468.670208937231,-1158.0,1158.0,41.32979106276889,41.32979106276889,1708.1516292921312
2018-09-12 20:00:00,20,2,0,3064,3510.0,1860.0,3071.4572771304897,-446.0,446.0,-7.457277130489729,7.457277130489729,55.61098220092512
2018-09-12 21:00:00,21,2,0,2705,3064.0,2682.0,2766.3945806479587,-359.0,359.0,-61.39458064795872,61.39458064795872,3769.294532938707
2018-09-12 22:00:00,22,2,0,1813,2705.0,750.0,1992.5840884653132,-892.0,892.0,-179.58408846531324,179.58408846531324,32250.444829917455
2018-09-12 23:00:00,23,2,0,2842,1813.0,344.0,1267.584640605064,1029.0,1029.0,1574.415359394936,1574.415359394936,2478783.723898686
2018-09-13 00:00:00,0,3,0,699,2842.0,314.0,934.001202097214,-2143.0,2143.0,-235.001202097214,235.001202097214,55225.564987135615
2018-09-13 01:00:00,1,3,0,413,699.0,371.0,431.8690572057962,-286.0,286.0,-18.869057205796196,18.869057205796196,356.04131983560933
2018-09-13 02:00:00,2,3,0,332,413.0,937.0,318.88021713238817,-81.0,81.0,13.119782867611832,13.119782867611832,172.12870249328094
2018-09-13 03:00:00,3,3,0,383,332.0,3085.0,353.7355731031153,51.0,51.0,29.264426896884686,29.264426896884686,856.4066816031078
2018-09-13 04:00:00,4,3,0,914,383.0,5908.0,861.729694471658,531.0,531.0,52.270305528341964,52.270305528341964,2732.1848400262165
2018-09-13 05:00:00,5,3,0,3052,914.0,6677.0,2892.541393103712,2138.0,2138.0,159.45860689628807,159.45860689628807,25427.04731330493
2018-09-13 06:00:00,6,3,0,5830,3052.0,6297.0,5758.994085785878,2778.0,2778.0,71.00591421412173,71.00591421412173,5041.839853383214
2018-09-13 07:00:00,7,3,1,6433,5830.0,5551.0,6378.3829482878255,603.0,603.0,54.61705171217454,54.61705171217454,2983.022337730348
2018-09-13 08:00:00,8,3,1,6162,6433.0,5551.0,5907.266742720444,-271.0,271.0,254.7332572795558,254.7332572795558,64889.032364252365
2018-09-13 09:00:00,9,3,1,5092,6162.0,4499.0,5153.207142577189,-1070.0,1070.0,-61.20714257718919,61.20714257718919,3746.3143024643655
2018-09-13 10:00:00,10,3,0,4584,5092.0,4499.0,4619.165326558831,-508.0,508.0,-35.16532655883111,35.16532655883111,1236.6001919892328
2018-09-13 11:00:00,11,3,0,4767,4584.0,4598.0,4806.421460525129,183.0,183.0,-39.42146052512908,39.42146052512908,1554.05154993431
2018-09-13 12:00:00,12,3,0,4851,4767.0,4759.0,4906.129653969993,84.0,84.0,-55.12965396999334,55.12965396999334,3039.278746851203
2018-09-13 13:00:00,13,3,0,4826,4851.0,4733.0,4949.285624806495,-25.0,25.0,-123.28562480649543,123.28562480649543,15199.345283927962
2018-09-13 14:00:00,14,3,0,5014,4826.0,5056.0,5135.293587811601,188.0,188.0,-121.29358781160136,121.29358781160136,14712.13444421065
2018-09-13 15:00:00,15,3,0,5617,5014.0,5739.0,5607.946773254047,603.0,603.0,9.053226745952998,9.053226745952998,81.9609145136387
2018-09-13 16:00:00,16,3,0,6514,5617.0,6450.0,6348.253293447214,897.0,897.0,165.74670655278624,165.74670655278624,27471.970733095433
2018-09-13 17:00:00,17,3,1,5701,6514.0,6245.0,6155.020172827435,-813.0,813.0,-454.0201728274351,454.0201728274351,206134.31733425404
2018-09-13 18:00:00,18,3,1,4443,5701.0,4668.0,4672.6996504902845,-1258.0,1258.0,-229.6996504902845,229.6996504902845,52761.92943535886
2018-09-13 19:00:00,19,3,1,3669,4443.0,3510.0,3393.946186862324,-774.0,774.0,275.0538131376761,275.0538131376761,75654.60012157566
2018-09-13 20:00:00,20,3,0,3282,3669.0,3064.0,3171.6914164596483,-387.0,387.0,110.30858354035172,110.30858354035172,12167.983602678754
2018-09-13 21:00:00,21,3,0,2676,3282.0,2705.0,3020.4349641494605,-606.0,606.0,-344.4349641494605,344.4349641494605,118635.44452864013
2018-09-13 22:00:00,22,3,0,1921,2676.0,1813.0,2013.2961331359018,-755.0,755.0,-92.29613313590175,92.29613313590175,8518.576191840102
2018-09-13 23:00:00,23,3,0,1167,1921.0,2842.0,1289.009169836354,-754.0,754.0,-122.00916983635398,122.00916983635398,14886.23752415627
2018-09-14 00:00:00,0,4,0,603,1167.0,699.0,641.8142890843895,-564.0,564.0,-38.81428908438954,38.81428908438954,1506.5490371265612
2018-09-14 01:00:00,1,4,0,376,603.0,413.0,397.5543511276903,-227.0,227.0,-21.554351127690325,21.554351127690325,464.59005253576515
2018-09-14 02:00:00,2,4,0,333,376.0,332.0,289.5813104815316,-43.0,43.0,43.4186895184684,43.4186895184684,1885.1825995011575
2018-09-14 03:00:00,3,4,0,377,333.0,383.0,354.01200497570636,44.0,44.0,22.98799502429364,22.98799502429364,528.4479152369491
2018-09-14 04:00:00,4,4,0,892,377.0,914.0,814.8797406574317,515.0,515.0,77.12025934256826,77.12025934256826,5947.534401064987
2018-09-14 05:00:00,5,4,0,2899,892.0,3052.0,2892.541393103712,2007.0,2007.0,6.4586068962880745,6.4586068962880745,41.71360304077987
2018-09-14 06:00:00,6,4,0,5569,2899.0,5830.0,5658.443556385114,2670.0,2670.0,-89.44355638511388,89.44355638511388,8000.149778817045
2018-09-14 07:00:00,7,4,1,6728,5569.0,6433.0,6341.194611276575,1159.0,1159.0,386.8053887234246,386.8053887234246,149618.4087454796
2018-09-14 08:00:00,8,4,1,5934,6728.0,6162.0,5922.149308935114,-794.0,794.0,11.850691064885723,11.850691064885723,140.4388787153623
2018-09-14 09:00:00,9,4,1,5025,5934.0,5092.0,5180.296260193931,-909.0,909.0,-155.29626019393072,155.29626019393072,24116.928430221033
2018-09-14 10:00:00,10,4,0,4566,5025.0,4584.0,4664.780265804445,-459.0,459.0,-98.78026580444475,98.78026580444475,9757.540912396757
2018-09-14 11:00:00,11,4,0,4836,4566.0,4767.0,4787.492747400888,270.0,270.0,48.50725259911178,48.50725259911178,2352.9535547140367
2018-09-14 12:00:00,12,4,0,5019,4836.0,4851.0,5054.748361094877,183.0,183.0,-35.7483610948766,35.7483610948766,1277.945320969687
2018-09-14 13:00:00,13,4,0,4830,5019.0,4826.0,4970.404994160757,-189.0,189.0,-140.40499416075727,140.40499416075727,19713.562385282283
2018-09-14 14:00:00,14,4,0,5231,4830.0,5014.0,5139.102022661961,401.0,401.0,91.8979773380388,91.8979773380388,8445.238238822692
2018-09-14 15:00:00,15,4,0,5953,5231.0,5617.0,5746.720066366527,722.0,722.0,206.27993363347287,206.27993363347287,42551.41101982997
2018-09-14 16:00:00,16,4,0,6196,5953.0,6514.0,6295.819976219936,243.0,243.0,-99.8199762199356,99.8199762199356,9964.027652548508
2018-09-14 17:00:00,17,4,1,5358,6196.0,5701.0,5584.33060327453,-838.0,838.0,-226.3306032745304,226.3306032745304,51225.54197861287
2018-09-14 18:00:00,18,4,1,4687,5358.0,4443.0,4545.70982475551,-671.0,671.0,141.29017524448955,141.29017524448955,19962.913620618565
2018-09-14 19:00:00,19,4,1,3880,4687.0,3669.0,3742.832956694654,-807.0,807.0,137.16704330534594,137.16704330534594,18814.797769130648
2018-09-14 20:00:00,20,4,0,3329,3880.0,3282.0,3311.1820408684157,-551.0,551.0,17.817959131584303,17.817959131584303,317.4796676148084
2018-09-14 21:00:00,21,4,0,3169,3329.0,2676.0,3093.536586529683,-160.0,160.0,75.46341347031694,75.46341347031694,5694.726772592012
2018-09-14 22:00:00,22,4,0,2810,3169.0,1921.0,2879.339915969488,-359.0,359.0,-69.33991596948817,69.33991596948817,4808.023946655681
2018-09-14 23:00:00,23,4,0,2024,2810.0,1167.0,2083.809802086878,-786.0,786.0,-59.80980208687788,59.80980208687788,3577.2124256715015
2018-09-15 00:00:00,0,5,0,1179,2024.0,603.0,1326.531346912211,-845.0,845.0,-147.5313469122109,147.5313469122109,21765.49832173112
2018-09-15 01:00:00,1,5,0,808,1179.0,376.0,730.8914871623638,-371.0,371.0,77.10851283763623,77.10851283763623,5945.722752031911
2018-09-15 02:00:00,2,5,0,584,808.0,333.0,608.1777980931398,-224.0,224.0,-24.177798093139813,24.177798093139813,584.5659206326352
2018-09-15 03:00:00,3,5,0,428,584.0,377.0,391.95552587509866,-156.0,156.0,36.04447412490134,36.04447412490134,1299.2041149406823
2018-09-15 04:00:00,4,5,0,502,428.0,892.0,415.0282302027335,74.0,74.0,86.97176979726652,86.97176979726652,7564.08874166872
2018-09-15 05:00:00,5,5,0,871,502.0,2899.0,846.434157763787,369.0,369.0,24.56584223621303,24.56584223621303,603.4806047745079
2018-09-15 06:00:00,6,5,0,1469,871.0,5569.0,1405.2804689604684,598.0,598.0,63.7195310395316,63.7195310395316,4060.1786358978316
2018-09-15 07:00:00,7,5,1,2117,1469.0,6728.0,2191.5486614975225,648.0,648.0,-74.54866149752252,74.54866149752252,5557.502931072196
2018-09-15 07:00:00,7,5,1,2117,2117.0,5934.0,2505.6809041819947,0.0,0.0,-388.6809041819947,388.6809041819947,151072.84527573295
2018-09-15 08:00:00,8,5,1,3442,2117.0,5025.0,3106.5366436850572,1325.0,1325.0,335.46335631494276,335.46335631494276,112535.66343008625
2018-09-15 09:00:00,9,5,1,3999,3442.0,4566.0,3828.567199232809,557.0,557.0,170.4328007671911,170.4328007671911,29047.33957734906
2018-09-15 10:00:00,10,5,0,4448,3999.0,4836.0,4160.0468359533215,449.0,449.0,287.95316404667847,287.95316404667847,82917.02468449331
2018-09-15 11:00:00,11,5,0,4772,4448.0,5019.0,4629.8034928013585,324.0,324.0,142.19650719864148,142.19650719864148,20219.846659493298
2018-09-15 12:00:00,12,5,0,4990,4772.0,4830.0,4806.086060271689,218.0,218.0,183.91393972831065,183.91393972831065,33824.337226388685
2018-09-15 13:00:00,13,5,0,4848,4990.0,5231.0,4952.302687913377,-142.0,142.0,-104.30268791337676,104.30268791337676,10879.05070595527
2018-09-15 14:00:00,14,5,0,4343,4848.0,5953.0,4761.704930432127,-505.0,505.0,-418.7049304321272,418.7049304321272,175313.81876817247
2018-09-15 15:00:00,15,5,0,4296,4343.0,6196.0,4438.7450419364795,-47.0,47.0,-142.74504193647954,142.74504193647954,20376.1469974473
2018-09-15 16:00:00,16,5,0,4219,4296.0,5358.0,4407.0019133199785,-77.0,77.0,-188.00191331997848,188.00191331997848,35344.71941197271
2018-09-15 17:00:00,17,5,1,3953,4219.0,4687.0,3979.527261075493,-266.0,266.0,-26.527261075492788,26.527261075492788,703.6955801673548
2018-09-15 18:00:00,18,5,1,3826,3953.0,3880.0,3766.568320386885,-127.0,127.0,59.43167961311519,59.43167961311519,3532.124541635972
2018-09-15 19:00:00,19,5,1,3455,3826.0,3329.0,3413.3859067093395,-371.0,371.0,41.61409329066055,41.61409329066055,1731.7327604037994
2018-09-15 20:00:00,20,5,0,3208,3455.0,3169.0,3106.9955828866932,-247.0,247.0,101.00441711330677,101.00441711330677,10201.892276398858
2018-09-15 21:00:00,21,5,0,3055,3208.0,2810.0,3110.959863680708,-153.0,153.0,-55.95986368070817,55.95986368070817,3131.506343163441
2018-09-15 22:00:00,22,5,0,2741,3055.0,2024.0,3003.6957048966706,-314.0,314.0,-262.6957048966706,262.6957048966706,69009.03337115863
2018-09-15 23:00:00,23,5,0,2123,2741.0,1179.0,2140.375647607866,-618.0,618.0,-17.375647607866085,17.375647607866085,301.91312979274244
2018-09-16 00:00:00,0,6,0,1353,2123.0,808.0,1382.510173771002,-770.0,770.0,-29.510173771001973,29.510173771001973,870.8503559947328
2018-09-16 01:00:00,1,6,0,786,1353.0,584.0,890.8736659751028,-567.0,567.0,-104.87366597510277,104.87366597510277,10998.485815057427
2018-09-16 02:00:00,2,6,0,607,786.0,428.0,590.2658421298224,-179.0,179.0,16.73415787017757,16.73415787017757,280.03203962402586
2018-09-16 03:00:00,3,6,0,401,607.0,502.0,392.1565219505075,-206.0,206.0,8.84347804949249,8.84347804949249,78.20710401185548
2018-09-16 04:00:00,4,6,0,313,401.0,871.0,360.81773509880696,-88.0,88.0,-47.81773509880696,47.81773509880696,2286.5357899796754
2018-09-16 05:00:00,5,6,0,467,313.0,1469.0,505.36638714858674,154.0,154.0,-38.36638714858674,38.36638714858674,1471.9796628352417
2018-09-16 06:00:00,6,6,0,850,467.0,2117.0,802.5256747599715,383.0,383.0,47.47432524002852,47.47432524002852,2253.811556996009
2018-09-16 07:00:00,7,6,1,1302,850.0,2117.0,1155.306258601062,452.0,452.0,146.69374139893807,146.69374139893807,21519.05376561852
2018-09-16 08:00:00,8,6,1,2090,1302.0,3442.0,1997.8292727699757,788.0,788.0,92.17072723002434,92.17072723002434,8495.442958111551
2018-09-16 09:00:00,9,6,1,3039,2090.0,3999.0,2986.8535092351713,949.0,949.0,52.14649076482874,52.14649076482874,2719.2564990863693
2018-09-16 10:00:00,10,6,0,3278,3039.0,4448.0,3543.8369419357705,239.0,239.0,-265.8369419357705,265.8369419357705,70669.2796977622
2018-09-16 11:00:00,11,6,0,4352,3278.0,4772.0,3581.6757734055777,1074.0,1074.0,770.3242265944223,770.3242265944223,593399.4140782949
2018-09-16 12:00:00,12,6,0,3978,4352.0,4990.0,4417.296088094078,-374.0,374.0,-439.2960880940782,439.2960880940782,192981.0530147601
2018-09-16 13:00:00,13,6,0,3935,3978.0,4848.0,4103.224233672811,-43.0,43.0,-168.22423367281135,168.22423367281135,28299.392794804637
2018-09-16 14:00:00,14,6,0,3829,3935.0,4343.0,4044.1594253097733,-106.0,106.0,-215.15942530977327,215.15942530977327,46293.5782996319
2018-09-16 15:00:00,15,6,0,4101,3829.0,4296.0,4030.1489368397265,272.0,272.0,70.8510631602735,70.8510631602735,5019.8731509410645
2018-09-16 16:00:00,16,6,0,4539,4101.0,4219.0,4244.11373950127,438.0,438.0,294.8862604987298,294.8862604987298,86957.90663092474
2018-09-16 17:00:00,17,6,1,4154,4539.0,3953.0,4395.108114426057,-385.0,385.0,-241.108114426057,241.108114426057,58133.1228420886
2018-09-16 18:00:00,18,6,1,3701,4154.0,3826.0,3878.9139070584088,-453.0,453.0,-177.91390705840877,177.91390705840877,31653.358324788114
2018-09-16 19:00:00,19,6,1,3400,3701.0,3455.0,3288.1468166389172,-301.0,301.0,111.85318336108276,111.85318336108276,12511.134628008
2018-09-16 20:00:00,20,6,0,3092,3400.0,3208.0,2961.5538658791584,-308.0,308.0,130.44613412084163,130.44613412084163,17016.193907072604
2018-09-16 21:00:00,21,6,0,2623,3092.0,3055.0,2581.3673215518993,-469.0,469.0,41.632678448100705,41.632678448100705,1733.279914762949
2018-09-16 22:00:00,22,6,0,1725,2623.0,2741.0,1874.6249645225885,-898.0,898.0,-149.62496452258847,149.62496452258847,22387.63000838586
2018-09-16 23:00:00,23,6,0,1088,1725.0,2123.0,1203.5702405513164,-637.0,637.0,-115.57024055131637,115.57024055131637,13356.480501089132
2018-09-17 00:00:00,0,0,0,550,1088.0,1353.0,628.2042255060976,-538.0,538.0,-78.2042255060976,78.2042255060976,6115.900887008566
2018-09-17 01:00:00,1,0,0,280,550.0,786.0,348.5849963040959,-270.0,270.0,-68.58499630409591,68.58499630409591,4703.901718032849
2018-09-17 02:00:00,2,0,0,260,280.0,607.0,271.0808297773531,-20.0,20.0,-11.080829777353074,11.080829777353074,122.78478855467458
2018-09-17 03:00:00,3,0,0,344,260.0,401.0,337.92796692304296,84.0,84.0,6.072033076957041,6.072033076957041,36.86958568766039
2018-09-17 04:00:00,4,0,0,880,344.0,313.0,828.6689519188773,536.0,536.0,51.33104808112273,51.33104808112273,2634.8764971065334
2018-09-17 05:00:00,5,0,0,2965,880.0,467.0,2892.541393103712,2085.0,2085.0,72.45860689628807,72.45860689628807,5250.249713350806
2018-09-17 06:00:00,6,0,0,5667,2965.0,850.0,5647.913933515839,2702.0,2702.0,19.086066484161165,19.086066484161165,364.2779338378201
2018-09-17 07:00:00,7,0,1,6533,5667.0,1302.0,6316.692524905349,866.0,866.0,216.30747509465073,216.30747509465073,46788.923781822945
2018-09-17 08:00:00,8,0,1,6070,6533.0,2090.0,5936.681359513571,-463.0,463.0,133.3186404864291,133.3186404864291,17773.85990114973
2018-09-17 09:00:00,9,0,1,5145,6070.0,3039.0,5031.236723281939,-925.0,925.0,113.7632767180612,113.7632767180612,12942.083129630168
2018-09-17 10:00:00,10,0,0,4201,5145.0,3278.0,4461.82164903907,-944.0,944.0,-260.8216490390696,260.8216490390696,68027.93260745959
2018-09-17 11:00:00,11,0,0,4371,4201.0,4352.0,4375.730182602538,170.0,170.0,-4.730182602537752,4.730182602537752,22.374627453350822
2018-09-17 12:00:00,12,0,0,4533,4371.0,3978.0,4527.480750740638,162.0,162.0,5.519249259362368,5.519249259362368,30.462112386972052
2018-09-17 13:00:00,13,0,0,4680,4533.0,3935.0,4782.985601920935,147.0,147.0,-102.98560192093464,102.98560192093464,10606.034203017218
2018-09-17 14:00:00,14,0,0,4930,4680.0,3829.0,4887.0179564261725,250.0,250.0,42.98204357382747,42.98204357382747,1847.4560697824031
2018-09-17 14:00:00,14,0,0,4930,4930.0,4101.0,5174.254520528949,0.0,0.0,-244.2545205289489,244.2545205289489,59660.270798826714
2018-09-17 15:00:00,15,0,0,5327,4930.0,4539.0,5561.979372983542,397.0,397.0,-234.9793729835419,234.9793729835419,55215.3057277385
2018-09-17 15:00:00,15,0,0,5327,5327.0,4154.0,5741.669145139187,0.0,0.0,-414.6691451391871,414.6691451391871,171950.49993046423
2018-09-17 15:00:00,15,0,0,5327,5327.0,3701.0,5742.728453816551,0.0,0.0,-415.72845381655134,415.72845381655134,172830.14731270046
2018-09-17 15:00:00,15,0,0,5327,5327.0,3400.0,5743.783871934821,0.0,0.0,-416.78387193482104,416.78387193482104,173708.7959049813
2018-09-17 16:00:00,16,0,0,6354,5327.0,3092.0,5915.552497775619,1027.0,1027.0,438.4475022243814,438.4475022243814,192236.21220679895
2018-09-17 16:00:00,16,0,0,6354,6354.0,2623.0,6558.760558118785,0.0,0.0,-204.7605581187854,204.7605581187854,41926.8861611165
2018-09-17 16:00:00,16,0,0,6354,6354.0,1725.0,6556.35577114839,0.0,0.0,-202.35577114838998,202.35577114838998,40947.85811705958
2018-09-17 17:00:00,17,0,1,5412,6354.0,1088.0,6070.409832953098,-942.0,942.0,-658.409832953098,658.409832953098,433503.5081293264
2018-09-17 17:00:00,17,0,1,5412,5412.0,550.0,5604.542637126282,0.0,0.0,-192.542637126282,192.542637126282,37072.6671115431
2018-09-17 17:00:00,17,0,1,5412,5412.0,280.0,5595.156181740646,0.0,0.0,-183.1561817406464,183.1561817406464,33546.18690981269
2018-09-17 18:00:00,18,0,1,4000,5412.0,260.0,4160.092543725556,-1412.0,1412.0,-160.09254372555642,160.09254372555642,25629.622556519196
2018-09-17 18:00:00,18,0,1,4000,4000.0,344.0,3888.505113677972,0.0,0.0,111.49488632202792,111.49488632202792,12431.109675961929
2018-09-17 19:00:00,19,0,1,2897,4000.0,880.0,3024.0622421462785,-1103.0,1103.0,-127.06224214627855,127.06224214627855,16144.813379239526
2018-09-17 19:00:00,19,0,1,2897,2897.0,2965.0,2708.9418840073117,0.0,0.0,188.05811599268827,188.05811599268827,35365.854990719396
2018-09-17 20:00:00,20,0,0,2466,2897.0,5667.0,2583.8878543949277,-431.0,431.0,-117.88785439492767,117.88785439492767,13897.546213839667
2018-09-17 20:00:00,20,0,0,2466,2466.0,6533.0,2319.326333922529,0.0,0.0,146.6736660774709,146.6736660774709,21513.164320605436
2018-09-17 21:00:00,21,0,0,2090,2466.0,6070.0,2316.4742499613944,-376.0,376.0,-226.47424996139443,226.47424996139443,51290.585895576165
2018-09-17 22:00:00,22,0,0,1434,2090.0,5145.0,1698.0629672354446,-656.0,656.0,-264.0629672354446,264.0629672354446,69729.25066518749
2018-09-17 23:00:00,23,0,0,869,1434.0,4201.0,1041.588666155041,-565.0,565.0,-172.58866615504098,172.58866615504098,29786.847685176188
2018-09-18 00:00:00,0,1,0,536,869.0,4371.0,540.9756637189871,-333.0,333.0,-4.975663718987107,4.975663718987107,24.75722944444461
2018-09-18 00:00:00,0,1,0,536,536.0,4533.0,535.7855422148637,0.0,0.0,0.2144577851363465,0.2144577851363465,0.045992141605587365
2018-09-18 01:00:00,1,1,0,351,536.0,4680.0,345.8494352393598,-185.0,185.0,5.150564760640179,5.150564760640179,26.528317353548427
2018-09-18 01:00:00,1,1,0,351,351.0,4930.0,319.82102783401774,0.0,0.0,31.17897216598226,31.17897216598226,972.1283053270964
2018-09-18 01:00:00,1,1,0,351,351.0,4930.0,319.82102783401774,0.0,0.0,31.17897216598226,31.17897216598226,972.1283053270964
2018-09-18 02:00:00,2,1,0,227,351.0,5327.0,280.9769558690919,-124.0,124.0,-53.97695586909191,53.97695586909191,2913.5117648938954
2018-09-18 02:00:00,2,1,0,227,227.0,5327.0,271.0808297773531,0.0,0.0,-44.080829777353074,44.080829777353074,1943.1195538599775
2018-09-18 03:00:00,3,1,0,340,227.0,5327.0,345.70279927249646,113.0,113.0,-5.702799272496463,5.702799272496463,32.52191954238619
2018-09-18 03:00:00,3,1,0,340,340.0,5327.0,345.5050661923768,0.0,0.0,-5.505066192376773,5.505066192376773,30.305753782449706
2018-09-18 03:00:00,3,1,0,340,340.0,6354.0,345.3523361433722,0.0,0.0,-5.352336143372213,5.352336143372213,28.647502191648535
2018-09-18 04:00:00,4,1,0,858,340.0,6354.0,847.9064267623478,518.0,518.0,10.093573237652208,10.093573237652208,101.88022070384888
2018-09-18 04:00:00,4,1,0,858,858.0,6354.0,857.8984009805536,0.0,0.0,0.10159901944643934,0.10159901944643934,0.01032236075247796
2018-09-18 04:00:00,4,1,0,858,858.0,5412.0,857.8984009805536,0.0,0.0,0.10159901944643934,0.10159901944643934,0.01032236075247796
2018-09-18 05:00:00,5,1,0,3027,858.0,5412.0,2857.9327653493087,2169.0,2169.0,169.06723465069126,169.06723465069126,28583.7298324319
2018-09-18 05:00:00,5,1,0,3027,3027.0,5412.0,2998.5290077729233,0.0,0.0,28.47099222707675,28.47099222707675,810.5973983942647
2018-09-18 05:00:00,5,1,0,3027,3027.0,4000.0,2997.2957932325617,0.0,0.0,29.704206767438336,29.704206767438336,882.3398996827294
2018-09-18 06:00:00,6,1,0,5642,3027.0,4000.0,5596.940141001526,2615.0,2615.0,45.05985899847383,45.05985899847383,2030.3908929623428
2018-09-18 06:00:00,6,1,0,5642,5642.0,2897.0,5626.189818210107,0.0,0.0,15.81018178989325,15.81018178989325,249.9618482294721
2018-09-18 06:00:00,6,1,0,5642,5642.0,2897.0,5626.189818210107,0.0,0.0,15.81018178989325,15.81018178989325,249.9618482294721
2018-09-18 07:00:00,7,1,1,6516,5642.0,2466.0,6313.727624479424,874.0,874.0,202.27237552057613,202.27237552057613,40914.11389873697
2018-09-18 07:00:00,7,1,1,6516,6516.0,2466.0,6378.553187302813,0.0,0.0,137.44681269718694,137.44681269718694,18891.62632061559
2018-09-18 08:00:00,8,1,1,5873,6516.0,2090.0,5954.88798194673,-643.0,643.0,-81.88798194673018,81.88798194673018,6705.641587308008
2018-09-18 08:00:00,8,1,1,5873,5873.0,1434.0,5742.184241139408,0.0,0.0,130.8157588605918,130.8157588605918,17112.762766272506
2018-09-18 08:00:00,8,1,1,5873,5873.0,869.0,5742.184241139408,0.0,0.0,130.8157588605918,130.8157588605918,17112.762766272506
2018-09-18 09:00:00,9,1,1,5123,5873.0,536.0,5186.083727337555,-750.0,750.0,-63.08372733755459,63.08372733755459,3979.5566547989324
2018-09-18 09:00:00,9,1,1,5123,5123.0,536.0,5061.557912196182,0.0,0.0,61.44208780381814,61.44208780381814,3775.130153692098
2018-09-18 09:00:00,9,1,1,5123,5123.0,351.0,5064.34550868741,0.0,0.0,58.654491312589926,58.654491312589926,3440.349351138687
2018-09-18 10:00:00,10,1,0,4527,5123.0,351.0,4541.023515521742,-596.0,596.0,-14.02351552174241,14.02351552174241,196.65898758855033
2018-09-18 10:00:00,10,1,0,4527,4527.0,351.0,4493.664390494875,0.0,0.0,33.33560950512492,33.33560950512492,1111.262861078175
2018-09-18 10:00:00,10,1,0,4527,4527.0,227.0,4493.664390494875,0.0,0.0,33.33560950512492,33.33560950512492,1111.262861078175
2018-09-18 11:00:00,11,1,0,4593,4527.0,227.0,4783.810167045508,66.0,66.0,-190.81016704550802,190.81016704550802,36408.51984793467
2018-09-18 12:00:00,12,1,0,4725,4593.0,340.0,4820.697864842663,132.0,132.0,-95.69786484266297,95.69786484266297,9158.081335444589
2018-09-18 13:00:00,13,1,0,4737,4725.0,340.0,4894.609774391263,12.0,12.0,-157.60977439126327,157.60977439126327,24840.840983664908
2018-09-18 14:00:00,14,1,0,4931,4737.0,340.0,4895.518686377257,194.0,194.0,35.48131362274307,35.48131362274307,1258.923616395453
2018-09-18 15:00:00,15,1,0,5623,4931.0,858.0,5498.585897687884,692.0,692.0,124.41410231211557,124.41410231211557,15478.868854129561
2018-09-18 16:00:00,16,1,0,6623,5623.0,858.0,6269.366729252363,1000.0,1000.0,353.63327074763674,353.63327074763674,125056.49017967135
2018-09-18 17:00:00,17,1,1,5916,6623.0,858.0,6170.994503989031,-707.0,707.0,-254.99450398903082,254.99450398903082,65022.19706461186
2018-09-18 18:00:00,18,1,1,4423,5916.0,3027.0,4465.387664137928,-1493.0,1493.0,-42.38766413792837,42.38766413792837,1796.7140710698186
2018-09-18 18:00:00,18,1,1,4423,4423.0,3027.0,4357.8787820112375,0.0,0.0,65.12121798876251,65.12121798876251,4240.7730323399255
2018-09-18 19:00:00,19,1,1,3309,4423.0,3027.0,3198.5519943479276,-1114.0,1114.0,110.44800565207242,110.44800565207242,12198.761952520223
2018-09-18 19:00:00,19,1,1,3309,3309.0,5642.0,3141.1827545315964,0.0,0.0,167.8172454684036,167.8172454684036,28162.62787660243
2018-09-18 20:00:00,20,1,0,2805,3309.0,5642.0,2897.841308908049,-504.0,504.0,-92.84130890804909,92.84130890804909,8619.508639759795
2018-09-18 21:00:00,21,1,0,2400,2805.0,5642.0,2676.7465462067976,-405.0,405.0,-276.7465462067976,276.7465462067976,76588.65083739115
2018-09-18 22:00:00,22,1,0,2631,2400.0,6516.0,1754.0008716754412,231.0,231.0,876.9991283245588,876.9991283245588,769127.4710820359
2018-09-18 22:00:00,22,1,0,2631,2631.0,6516.0,1960.733792489073,0.0,0.0,670.266207510927,670.266207510927,449256.788931081
2018-09-18 23:00:00,23,1,0,1501,2631.0,5873.0,1202.60458312399,-1130.0,1130.0,298.3954168760099,298.3954168760099,89039.82481260774
2018-09-19 00:00:00,0,2,0,617,1501.0,5873.0,800.8851589932436,-884.0,884.0,-183.88515899324364,183.88515899324364,33813.75169797049
2018-09-19 00:00:00,0,2,0,617,617.0,5873.0,606.7577749195882,0.0,0.0,10.2422250804118,10.2422250804118,104.90317459781649
2018-09-19 01:00:00,1,2,0,401,617.0,5123.0,390.2963571332385,-216.0,216.0,10.703642866761527,10.703642866761527,114.56797061917491
2018-09-19 01:00:00,1,2,0,401,401.0,5123.0,339.8529808184386,0.0,0.0,61.147019181561404,61.147019181561404,3738.957954790238
2018-09-19 02:00:00,2,2,0,282,401.0,5123.0,317.54064906516766,-119.0,119.0,-35.540649065167656,35.540649065167656,1263.1377359734026
2018-09-19 02:00:00,2,2,0,282,282.0,4527.0,271.0808297773531,0.0,0.0,10.919170222646926,10.919170222646926,119.22827835113932
2018-09-19 03:00:00,3,2,0,358,282.0,4527.0,346.32914407519854,76.0,76.0,11.670855924801458,11.670855924801458,136.2088780174733
2018-09-19 03:00:00,3,2,0,358,358.0,4527.0,363.0062093077392,0.0,0.0,-5.006209307739198,5.006209307739198,25.062131632894577
2018-09-19 04:00:00,4,2,0,913,358.0,4593.0,848.5413928170816,555.0,555.0,64.4586071829184,64.4586071829184,4154.91203996178
2018-09-19 04:00:00,4,2,0,913,913.0,4725.0,898.2896091007798,0.0,0.0,14.710390899220215,14.710390899220215,216.39560040786094
2018-09-19 04:00:00,4,2,0,913,913.0,4737.0,898.2896091007798,0.0,0.0,14.710390899220215,14.710390899220215,216.39560040786094
2018-09-19 05:00:00,5,2,0,3074,913.0,4931.0,2892.541393103712,2161.0,2161.0,181.45860689628807,181.45860689628807,32927.2260167416
2018-09-19 05:00:00,5,2,0,3074,3074.0,5623.0,3064.743043805866,0.0,0.0,9.25695619413409,9.25695619413409,85.6912379801175
2018-09-19 06:00:00,6,2,0,5803,3074.0,6623.0,5601.857031328742,2729.0,2729.0,201.14296867125813,201.14296867125813,40458.49384588673
2018-09-19 06:00:00,6,2,0,5803,5803.0,5916.0,5765.101747365139,0.0,0.0,37.89825263486091,37.89825263486091,1436.277552775742
2018-09-19 07:00:00,7,2,1,6510,5803.0,4423.0,6376.256199380107,707.0,707.0,133.74380061989268,133.74380061989268,17887.404204253606
2018-09-19 07:00:00,7,2,1,6510,6510.0,4423.0,6378.553187302813,0.0,0.0,131.44681269718694,131.44681269718694,17278.264568249346
2018-09-19 07:00:00,7,2,1,6510,6510.0,3309.0,6378.553187302813,0.0,0.0,131.44681269718694,131.44681269718694,17278.264568249346
2018-09-19 08:00:00,8,2,1,6101,6510.0,3309.0,5951.765907752075,-409.0,409.0,149.23409224792522,149.23409224792522,22270.814289062255
2018-09-19 08:00:00,8,2,1,6101,6101.0,2805.0,5752.291022442705,0.0,0.0,348.70897755729493,348.70897755729493,121597.95102905402
2018-09-19 09:00:00,9,2,1,5331,6101.0,2400.0,5186.083727337555,-770.0,770.0,144.9162726624454,144.9162726624454,21000.726082376223
2018-09-19 09:00:00,9,2,1,5331,5331.0,2631.0,5066.038574806341,0.0,0.0,264.9614251936591,264.9614251936591,70204.55684065502
2018-09-19 09:00:00,9,2,1,5331,5331.0,2631.0,5066.038574806341,0.0,0.0,264.9614251936591,264.9614251936591,70204.55684065502
2018-09-19 09:00:00,9,2,1,5331,5331.0,1501.0,5066.038574806341,0.0,0.0,264.9614251936591,264.9614251936591,70204.55684065502
2018-09-19 10:00:00,10,2,0,4266,5331.0,617.0,4558.4142405189705,-1065.0,1065.0,-292.4142405189705,292.4142405189705,85506.08805828632
2018-09-19 10:00:00,10,2,0,4266,4266.0,617.0,4483.189909197674,0.0,0.0,-217.18990919767384,217.18990919767384,47171.456657293806
2018-09-19 10:00:00,10,2,0,4266,4266.0,401.0,4483.189909197674,0.0,0.0,-217.18990919767384,217.18990919767384,47171.456657293806
2018-09-19 10:00:00,10,2,0,4266,4266.0,401.0,4483.189909197674,0.0,0.0,-217.18990919767384,217.18990919767384,47171.456657293806
2018-09-19 11:00:00,11,2,0,4567,4266.0,282.0,4496.192498284275,301.0,301.0,70.80750171572527,70.80750171572527,5013.7022992224365
2018-09-19 11:00:00,11,2,0,4567,4567.0,282.0,4787.492747400888,0.0,0.0,-220.49274740088822,220.49274740088822,48617.0516563919
2018-09-19 11:00:00,11,2,0,4567,4567.0,358.0,4787.492747400888,0.0,0.0,-220.49274740088822,220.49274740088822,48617.0516563919
2018-09-19 12:00:00,12,2,0,4734,4567.0,358.0,4786.668182276316,167.0,167.0,-52.66818227631575,52.66818227631575,2773.9374242912204
2018-09-19 12:00:00,12,2,0,4734,4734.0,913.0,4880.193189011572,0.0,0.0,-146.19318901157203,146.19318901157203,21372.448513373227
2018-09-19 13:00:00,13,2,0,4675,4734.0,913.0,4880.193189011572,-59.0,59.0,-205.19318901157203,205.19318901157203,42104.24481673873
2018-09-19 13:00:00,13,2,0,4675,4675.0,913.0,4873.618941806162,0.0,0.0,-198.61894180616218,198.61894180616218,39449.48404419964
2018-09-19 13:00:00,13,2,0,4675,4675.0,3074.0,4873.618941806162,0.0,0.0,-198.61894180616218,198.61894180616218,39449.48404419964
2018-09-19 14:00:00,14,2,0,4980,4675.0,3074.0,4873.618941806162,305.0,305.0,106.38105819383782,106.38105819383782,11316.929542440708
2018-09-19 14:00:00,14,2,0,4980,4980.0,5803.0,5230.790974849053,0.0,0.0,-250.79097484905287,250.79097484905287,62896.11306573827
2018-09-19 15:00:00,15,2,0,5718,4980.0,5803.0,5459.3871430379795,738.0,738.0,258.6128569620205,258.6128569620205,66880.60978605847
2018-09-19 16:00:00,16,2,0,6382,5718.0,6510.0,6426.357342582171,664.0,664.0,-44.35734258217144,44.35734258217144,1967.5738409521198
2018-09-19 16:00:00,16,2,0,6382,6382.0,6510.0,6435.313391642714,0.0,0.0,-53.31339164271412,53.31339164271412,2842.31772844942
2018-09-19 17:00:00,17,2,1,5647,6382.0,6510.0,6113.363748453487,-735.0,735.0,-466.36374845348655,466.36374845348655,217495.14587158686
2018-09-19 17:00:00,17,2,1,5647,5647.0,6101.0,5887.051014435029,0.0,0.0,-240.05101443502917,240.05101443502917,57624.489531286585
2018-09-19 17:00:00,17,2,1,5647,5647.0,6101.0,5887.051014435029,0.0,0.0,-240.05101443502917,240.05101443502917,57624.489531286585
2018-09-19 18:00:00,18,2,1,4469,5647.0,5331.0,4498.8204301065125,-1178.0,1178.0,-29.820430106512504,29.820430106512504,889.2580517373973
2018-09-19 18:00:00,18,2,1,4469,4469.0,5331.0,4428.2220022543015,0.0,0.0,40.777997745698485,40.777997745698485,1662.8451001481908
2018-09-19 18:00:00,18,2,1,4469,4469.0,5331.0,4428.2220022543015,0.0,0.0,40.777997745698485,40.777997745698485,1662.8451001481908
2018-09-19 19:00:00,19,2,1,3460,4469.0,5331.0,3308.5163921706844,-1009.0,1009.0,151.4836078293156,151.4836078293156,22947.283440985884
2018-09-19 19:00:00,19,2,1,3460,3460.0,4266.0,3208.602249063395,0.0,0.0,251.397750936605,251.397750936605,63200.82917598329
2018-09-19 20:00:00,20,2,0,2865,3460.0,4266.0,3050.8112988594658,-595.0,595.0,-185.81129885946575,185.81129885946575,34525.8387838417
2018-09-19 21:00:00,21,2,0,2576,2865.0,4266.0,2694.4350029807124,-289.0,289.0,-118.4350029807124,118.4350029807124,14026.849931041354
2018-09-19 21:00:00,21,2,0,2576,2576.0,4266.0,2558.937226495312,0.0,0.0,17.06277350468781,17.06277350468781,291.13823967227637
2018-09-19 22:00:00,22,2,0,1693,2576.0,4567.0,1935.2859507799385,-883.0,883.0,-242.2859507799385,242.2859507799385,58702.48194533878
2018-09-19 22:00:00,22,2,0,1693,1693.0,4567.0,1672.508069134409,0.0,0.0,20.49193086559103,20.49193086559103,419.91923060016234
2018-09-19 22:00:00,22,2,0,1693,1693.0,4567.0,1659.3221529836574,0.0,0.0,33.67784701634264,33.67784701634264,1134.1973796561788
2018-09-19 23:00:00,23,2,0,994,1693.0,4734.0,1193.8094936949838,-699.0,699.0,-199.80949369498376,199.80949369498376,39923.83377064575
2018-09-20 00:00:00,0,3,0,583,994.0,4734.0,556.332210183049,-411.0,411.0,26.66778981695097,26.66778981695097,711.1710137210739
2018-09-20 01:00:00,1,3,0,349,583.0,4675.0,365.025028531801,-234.0,234.0,-16.025028531801013,16.025028531801013,256.8015394450365
2018-09-20 01:00:00,1,3,0,349,349.0,4675.0,320.4591407021622,0.0,0.0,28.540859297837812,28.540859297837812,814.5806494589751
2018-09-20 02:00:00,2,3,0,265,349.0,4675.0,280.72896804678885,-84.0,84.0,-15.72896804678885,15.72896804678885,247.40043581690466
2018-09-20 02:00:00,2,3,0,265,265.0,4980.0,271.0808297773531,0.0,0.0,-6.080829777353074,6.080829777353074,36.97649078114384
2018-09-20 02:00:00,2,3,0,265,265.0,4980.0,271.0808297773531,0.0,0.0,-6.080829777353074,6.080829777353074,36.97649078114384
2018-09-20 03:00:00,3,3,0,344,265.0,5718.0,345.8605583334007,79.0,79.0,-1.8605583334007179,1.8605583334007179,3.4616773119868567
2018-09-20 03:00:00,3,3,0,344,344.0,6382.0,350.18157686594645,0.0,0.0,-6.181576865946454,6.181576865946454,38.211892549604386
2018-09-20 03:00:00,3,3,0,344,344.0,6382.0,350.02884681694195,0.0,0.0,-6.02884681694195,6.02884681694195,36.34699394215109
2018-09-20 04:00:00,4,3,0,914,344.0,5647.0,847.4627340126348,570.0,570.0,66.53726598736523,66.53726598736523,4427.20776507339
2018-09-20 04:00:00,4,3,0,914,914.0,5647.0,898.4754583830764,0.0,0.0,15.524541616923557,15.524541616923557,241.01139241559147
2018-09-20 05:00:00,5,3,0,2924,914.0,5647.0,2892.541393103712,2010.0,2010.0,31.458606896288074,31.458606896288074,989.6439478551836
2018-09-20 05:00:00,5,3,0,2924,2924.0,4469.0,2925.6839039637725,0.0,0.0,-1.6839039637725364,1.6839039637725364,2.8355325592088594
2018-09-20 05:00:00,5,3,0,2924,2924.0,4469.0,2925.7506539637725,0.0,0.0,-1.7506539637724927,1.7506539637724927,3.06478930087234
2018-09-20 05:00:00,5,3,0,2924,2924.0,4469.0,2925.9647650748834,0.0,0.0,-1.9647650748834167,1.9647650748834167,3.860301799481638
2018-09-20 06:00:00,6,3,0,5417,2924.0,3460.0,5629.293419254062,2493.0,2493.0,-212.29341925406243,212.29341925406243,45068.495858581126
2018-09-20 06:00:00,6,3,0,5417,5417.0,3460.0,5484.687934619092,0.0,0.0,-67.68793461909172,67.68793461909172,4581.656492998435
2018-09-20 06:00:00,6,3,0,5417,5417.0,2865.0,5484.687934619092,0.0,0.0,-67.68793461909172,67.68793461909172,4581.656492998435
2018-09-20 06:00:00,6,3,0,5417,5417.0,2576.0,5484.687934619092,0.0,0.0,-67.68793461909172,67.68793461909172,4581.656492998435
2018-09-20 07:00:00,7,3,1,5766,5417.0,2576.0,6152.295321945866,349.0,349.0,-386.2953219458659,386.2953219458659,149224.0757572602
2018-09-20 07:00:00,7,3,1,5766,5766.0,1693.0,6376.256199380107,0.0,0.0,-610.2561993801073,610.2561993801073,372412.6288818533
2018-09-20 08:00:00,8,3,1,5331,5766.0,1693.0,5689.843842932681,-435.0,435.0,-358.8438429326807,358.8438429326807,128768.9036106944
2018-09-20 08:00:00,8,3,1,5331,5331.0,1693.0,5095.530282723772,0.0,0.0,235.46971727622804,235.46971727622804,55445.987754146765
2018-09-20 09:00:00,9,3,1,5264,5331.0,994.0,5066.038574806341,-67.0,67.0,197.96142519365912,197.96142519365912,39188.7258647047
2018-09-20 09:00:00,9,3,1,5264,5264.0,583.0,5064.028583482082,0.0,0.0,199.97141651791844,199.97141651791844,39988.567424182824
2018-09-20 10:00:00,10,3,0,4326,5264.0,349.0,4587.317229947908,-938.0,938.0,-261.31722994790834,261.31722994790834,68286.694667648
2018-09-20 10:00:00,10,3,0,4326,4326.0,349.0,4499.337945565669,0.0,0.0,-173.33794556566863,173.33794556566863,30046.043372926702
2018-09-20 10:00:00,10,3,0,4326,4326.0,265.0,4499.950873719246,0.0,0.0,-173.95087371924637,173.95087371924637,30258.906467689198
2018-09-20 11:00:00,11,3,0,4592,4326.0,265.0,4518.465590992891,266.0,266.0,73.53440900710939,73.53440900710939,5407.30930802485
2018-09-20 11:00:00,11,3,0,4592,4592.0,265.0,4819.456554728204,0.0,0.0,-227.45655472820363,227.45655472820363,51736.48428882429
2018-09-20 11:00:00,11,3,0,4592,4592.0,344.0,4819.456554728204,0.0,0.0,-227.45655472820363,227.45655472820363,51736.48428882429
2018-09-20 12:00:00,12,3,0,4695,4592.0,344.0,4817.486024841343,103.0,103.0,-122.48602484134335,122.48602484134335,15002.82628143418
2018-09-20 12:00:00,12,3,0,4695,4695.0,344.0,4877.959435069145,0.0,0.0,-182.959435069145,182.959435069145,33474.154880820686
2018-09-20 13:00:00,13,3,0,4459,4695.0,914.0,4877.959435069145,-236.0,236.0,-418.959435069145,418.959435069145,175527.00823345713
2018-09-20 14:00:00,14,3,0,4517,4459.0,914.0,4687.612219446086,58.0,58.0,-170.61221944608587,170.61221944608587,29108.529424319364
2018-09-20 14:00:00,14,3,0,4517,4517.0,2924.0,4751.790898427317,0.0,0.0,-234.7908984273172,234.7908984273172,55126.765984306774
2018-09-20 14:00:00,14,3,0,4517,4517.0,2924.0,4751.790898427317,0.0,0.0,-234.7908984273172,234.7908984273172,55126.765984306774
2018-09-20 14:00:00,14,3,0,4517,4517.0,2924.0,4751.790898427317,0.0,0.0,-234.7908984273172,234.7908984273172,55126.765984306774
2018-09-20 15:00:00,15,3,0,5257,4517.0,2924.0,4751.790898427317,740.0,740.0,505.2091015726828,505.2091015726828,255236.23631187735
2018-09-20 15:00:00,15,3,0,5257,5257.0,5417.0,5699.375073073927,0.0,0.0,-442.3750730739266,442.3750730739266,195695.7052771619
2018-09-20 15:00:00,15,3,0,5257,5257.0,5417.0,5699.375073073927,0.0,0.0,-442.3750730739266,442.3750730739266,195695.7052771619
2018-09-20 16:00:00,16,3,0,6331,5257.0,5417.0,5800.091861346372,1074.0,1074.0,530.9081386536282,530.9081386536282,281863.4516886601
2018-09-20 16:00:00,16,3,0,6331,6331.0,5417.0,6417.359235073877,0.0,0.0,-86.35923507387724,86.35923507387724,7457.917482545189
2018-09-20 16:00:00,16,3,0,6331,6331.0,5766.0,6414.09621366654,0.0,0.0,-83.09621366654028,83.09621366654028,6904.980725715315
2018-09-20 17:00:00,17,3,1,5065,6331.0,5766.0,6008.71934372358,-1266.0,1266.0,-943.7193437235801,943.7193437235801,890606.1997180647
2018-09-20 17:00:00,17,3,1,5065,5065.0,5331.0,4811.5730713761095,0.0,0.0,253.4269286238905,253.4269286238905,64225.20815173849
2018-09-20 17:00:00,17,3,1,5065,5065.0,5331.0,4808.678594631923,0.0,0.0,256.32140536807674,256.32140536807674,65700.66284986591
2018-09-20 18:00:00,18,3,1,3898,5065.0,5264.0,4836.629794338407,-1167.0,1167.0,-938.629794338407,938.629794338407,881025.8908197603
2018-09-20 18:00:00,18,3,1,3898,3898.0,5264.0,3759.207719916962,0.0,0.0,138.7922800830379,138.7922800830379,19263.29701064844
2018-09-20 18:00:00,18,3,1,3898,3898.0,4326.0,3760.602876448493,0.0,0.0,137.39712355150687,137.39712355150687,18877.96956022804
2018-09-20 18:00:00,18,3,1,3898,3898.0,4326.0,3760.602876448493,0.0,0.0,137.39712355150687,137.39712355150687,18877.96956022804
2018-09-20 18:00:00,18,3,1,3898,3898.0,4326.0,3760.602876448493,0.0,0.0,137.39712355150687,137.39712355150687,18877.96956022804
2018-09-20 19:00:00,19,3,1,2957,3898.0,4592.0,3346.4163585452457,-941.0,941.0,-389.41635854524566,389.41635854524566,151645.10030263933
2018-09-20 19:00:00,19,3,1,2957,2957.0,4592.0,2901.081801434229,0.0,0.0,55.918198565771036,55.918198565771036,3126.844930840998
2018-09-20 19:00:00,19,3,1,2957,2957.0,4592.0,2902.8202555870066,0.0,0.0,54.17974441299339,54.17974441299339,2935.444704657288
2018-09-20 19:00:00,19,3,1,2957,2957.0,4695.0,2903.7435502079124,0.0,0.0,53.25644979208755,53.25644979208755,2836.249444457142
2018-09-20 20:00:00,20,3,0,2740,2957.0,4695.0,2883.819276744895,-217.0,217.0,-143.81927674489498,143.81927674489498,20683.98436342469
2018-09-20 20:00:00,20,3,0,2740,2740.0,4459.0,2677.868043441749,0.0,0.0,62.131956558251204,62.131956558251204,3860.380025756415
2018-09-20 20:00:00,20,3,0,2740,2740.0,4517.0,2674.497818990087,0.0,0.0,65.50218100991287,65.50218100991287,4290.535717055391
2018-09-20 20:00:00,20,3,0,2740,2740.0,4517.0,2674.497818990087,0.0,0.0,65.50218100991287,65.50218100991287,4290.535717055391
2018-09-20 21:00:00,21,3,0,3497,2740.0,4517.0,2702.4662681875966,757.0,757.0,794.5337318124034,794.5337318124034,631283.8509877442
2018-09-20 22:00:00,22,3,0,2356,3497.0,4517.0,3217.8067188540294,-1141.0,1141.0,-861.8067188540294,861.8067188540294,742710.8206619482
2018-09-20 22:00:00,22,3,0,2356,2356.0,5257.0,2026.8187032305877,0.0,0.0,329.18129676941226,329.18129676941226,108360.32614279186
2018-09-20 23:00:00,23,3,0,1633,2356.0,5257.0,1392.0941832953185,-723.0,723.0,240.90581670468146,240.90581670468146,58035.61252214958
2018-09-21 00:00:00,0,4,0,698,1633.0,5257.0,791.4451223316614,-935.0,935.0,-93.44512233166142,93.44512233166142,8731.990887579168
2018-09-21 01:00:00,1,4,0,407,698.0,6331.0,433.75612607665107,-291.0,291.0,-26.75612607665107,26.75612607665107,715.8902826296475
2018-09-21 02:00:00,2,4,0,304,407.0,6331.0,321.7256352062467,-103.0,103.0,-17.725635206246693,17.725635206246693,314.19814346493223
2018-09-21 03:00:00,3,4,0,377,304.0,6331.0,342.64136849488926,73.0,73.0,34.358631505110736,34.358631505110736,1180.515558903988
2018-09-21 04:00:00,4,4,0,867,377.0,5065.0,767.2597539450948,490.0,490.0,99.74024605490524,99.74024605490524,9948.116683093042
2018-09-21 04:00:00,4,4,0,867,867.0,5065.0,792.1740288154583,0.0,0.0,74.82597118454169,74.82597118454169,5598.925963709863
2018-09-21 04:00:00,4,4,0,867,867.0,5065.0,788.4663461925093,0.0,0.0,78.53365380749074,78.53365380749074,6167.534780354804
2018-09-21 05:00:00,5,4,0,2919,867.0,3898.0,2868.182849791198,2052.0,2052.0,50.817150208802104,50.817150208802104,2582.382755343956
2018-09-21 05:00:00,5,4,0,2919,2919.0,3898.0,2909.0911356546694,0.0,0.0,9.908864345330585,9.908864345330585,98.18559261416372
2018-09-21 05:00:00,5,4,0,2919,2919.0,3898.0,2909.1898856546695,0.0,0.0,9.810114345330476,9.810114345330476,96.2383434684588
2018-09-21 06:00:00,6,4,0,5457,2919.0,3898.0,5557.386094853165,2538.0,2538.0,-100.38609485316465,100.38609485316465,10077.36803986857
2018-09-21 07:00:00,7,4,1,6539,5457.0,3898.0,6301.7168315054105,1082.0,1082.0,237.28316849458952,237.28316849458952,56303.30205083176
2018-09-21 08:00:00,8,4,1,5653,6539.0,2957.0,5877.785419077148,-886.0,886.0,-224.7854190771477,224.7854190771477,50528.48462968892
2018-09-21 08:00:00,8,4,1,5653,5653.0,2957.0,5542.260205885652,0.0,0.0,110.73979411434811,110.73979411434811,12263.30200048821
2018-09-21 08:00:00,8,4,1,5653,5653.0,2957.0,5621.12166152828,0.0,0.0,31.87833847171987,31.87833847171987,1016.2284637175352
2018-09-21 09:00:00,9,4,1,4981,5653.0,2957.0,5051.575312292744,-672.0,672.0,-70.57531229274355,70.57531229274355,4980.874705218278
2018-09-21 09:00:00,9,4,1,4981,4981.0,2740.0,4955.773655142391,0.0,0.0,25.226344857608638,25.226344857608638,636.3684748749978
2018-09-21 09:00:00,9,4,1,4981,4981.0,2740.0,4966.111577758117,0.0,0.0,14.888422241882836,14.888422241882836,221.66511685259152
2018-09-21 10:00:00,10,4,0,4548,4981.0,2740.0,4649.216460097216,-433.0,433.0,-101.21646009721644,101.21646009721644,10244.771794611408
2018-09-21 11:00:00,11,4,0,4937,4548.0,2740.0,4785.68804573709,389.0,389.0,151.31195426291015,151.31195426291015,22895.30750286101
2018-09-21 12:00:00,12,4,0,5039,4937.0,3497.0,5085.1146705663505,102.0,102.0,-46.11467056635047,46.11467056635047,2126.5628414430303
2018-09-21 13:00:00,13,4,0,4901,5039.0,2356.0,4971.058600333446,-138.0,138.0,-70.05860033344561,70.05860033344561,4908.207480681465
2018-09-21 14:00:00,14,4,0,5185,4901.0,2356.0,5169.5311842818655,284.0,284.0,15.468815718134465,15.468815718134465,239.2842597216039
2018-09-21 15:00:00,15,4,0,5973,5185.0,1633.0,5745.797282721308,788.0,788.0,227.20271727869203,227.20271727869203,51621.07473882126
2018-09-21 16:00:00,16,4,0,6007,5973.0,698.0,6302.833499885546,34.0,34.0,-295.8334998855462,295.8334998855462,87517.45965453146
2018-09-21 17:00:00,17,4,1,5489,6007.0,407.0,5589.4814177870785,-518.0,518.0,-100.4814177870785,100.4814177870785,10096.515320501416
2018-09-21 18:00:00,18,4,1,4607,5489.0,304.0,4693.935846584032,-882.0,882.0,-86.93584658403233,86.93584658403233,7557.841421282406
2018-09-21 19:00:00,19,4,1,3958,4607.0,377.0,3703.681523920137,-649.0,649.0,254.3184760798631,254.3184760798631,64677.887275583904
2018-09-21 20:00:00,20,4,0,3255,3958.0,867.0,3324.8005659670125,-703.0,703.0,-69.80056596701252,69.80056596701252,4872.119009315266
2018-09-21 21:00:00,21,4,0,2931,3255.0,867.0,3043.0094127321954,-324.0,324.0,-112.00941273219541,112.00941273219541,12546.1085406113
2018-09-21 22:00:00,22,4,0,2570,2931.0,867.0,2788.056862627688,-361.0,361.0,-218.05686262768813,218.05686262768813,47548.795339030454
2018-09-21 23:00:00,23,4,0,2179,2570.0,2919.0,2012.0522017141288,-391.0,391.0,166.94779828587116,166.94779828587116,27871.567352499926
2018-09-22 00:00:00,0,5,0,1516,2179.0,2919.0,1474.2218138792712,-663.0,663.0,41.77818612072883,41.77818612072883,1745.4168355382592
2018-09-22 01:00:00,1,5,0,1273,1516.0,2919.0,909.7931466805004,-243.0,243.0,363.2068533194996,363.2068533194996,131919.2182982525
2018-09-22 02:00:00,2,5,0,1207,1273.0,5457.0,814.109265741294,-66.0,66.0,392.89073425870595,392.89073425870595,154363.1290663451
2018-09-22 03:00:00,3,5,0,611,1207.0,6539.0,572.4452298746672,-596.0,596.0,38.554770125332766,38.554770125332766,1486.470299417252
2018-09-22 04:00:00,4,5,0,647,611.0,5653.0,540.549788179633,36.0,36.0,106.45021182036703,106.45021182036703,11331.64759660101
2018-09-22 05:00:00,5,5,0,960,647.0,5653.0,887.2491788546479,313.0,313.0,72.75082114535212,72.75082114535212,5292.681977323013
2018-09-22 06:00:00,6,5,0,1635,960.0,5653.0,1410.1053316344887,675.0,675.0,224.89466836551128,224.89466836551128,50577.6118592333
2018-09-22 07:00:00,7,5,1,2445,1635.0,4981.0,2199.1169083876107,810.0,810.0,245.8830916123893,245.8830916123893,60458.494740866634
2018-09-22 08:00:00,8,5,1,3415,2445.0,4981.0,3156.900012481692,970.0,970.0,258.0999875183079,258.0999875183079,66615.6035569507
2018-09-22 09:00:00,9,5,1,3770,3415.0,4981.0,3821.480075789454,355.0,355.0,-51.48007578945408,51.48007578945408,2650.198203287936
2018-09-22 10:00:00,10,5,0,4308,3770.0,4548.0,4071.5593990769407,538.0,538.0,236.44060092305926,236.44060092305926,55904.15776485737
2018-09-22 11:00:00,11,5,0,4638,4308.0,4937.0,4436.627246415293,330.0,330.0,201.37275358470743,201.37275358470743,40550.9858862873
2018-09-22 12:00:00,12,5,0,4831,4638.0,5039.0,4707.526555990793,193.0,193.0,123.47344400920701,123.47344400920701,15245.69137549478
2018-09-22 13:00:00,13,5,0,4565,4831.0,4901.0,4877.314868188474,-266.0,266.0,-312.31486818847407,312.31486818847407,97540.57689158393
2018-09-22 14:00:00,14,5,0,4654,4565.0,5185.0,4635.613406800024,89.0,89.0,18.386593199976232,18.386593199976232,338.06680950141225
2018-09-22 15:00:00,15,5,0,4589,4654.0,5973.0,4702.447805013841,-65.0,65.0,-113.44780501384139,113.44780501384139,12870.404462458575
2018-09-22 16:00:00,16,5,0,4582,4589.0,6007.0,4644.204639481845,-7.0,7.0,-62.204639481845334,62.204639481845334,3869.417173066351
2018-09-22 17:00:00,17,5,1,4847,4582.0,5489.0,4426.7257441559,265.0,265.0,420.27425584409957,420.27425584409957,176630.45012531168
2018-09-22 18:00:00,18,5,1,4620,4847.0,4607.0,4541.340941312685,-227.0,227.0,78.65905868731534,78.65905868731534,6187.247513574518
2018-09-22 19:00:00,19,5,1,4347,4620.0,3958.0,3747.613742324545,-273.0,273.0,599.386257675455,599.386257675455,359263.88589018694
2018-09-22 20:00:00,20,5,0,3602,4347.0,3255.0,3335.442331783923,-745.0,745.0,266.5576682160772,266.5576682160772,71052.9904847923
2018-09-22 21:00:00,21,5,0,2985,3602.0,2931.0,3294.089469958579,-617.0,617.0,-309.0894699585788,309.0894699585788,95536.30043927518
2018-09-22 22:00:00,22,5,0,2480,2985.0,2570.0,2929.705665587837,-505.0,505.0,-449.70566558783685,449.70566558783685,202235.18566179933
2018-09-22 23:00:00,23,5,0,1871,2480.0,2179.0,1821.9138474554338,-609.0,609.0,49.086152544566175,49.086152544566175,2409.4503716284203
2018-09-23 00:00:00,0,6,0,1249,1871.0,1516.0,1261.801511226263,-622.0,622.0,-12.801511226263074,12.801511226263074,163.87868967613952
2018-09-23 01:00:00,1,6,0,690,1249.0,1273.0,819.2168904966811,-559.0,559.0,-129.21689049668112,129.21689049668112,16697.00478963128
2018-09-23 02:00:00,2,6,0,565,690.0,1207.0,583.9937709312462,-125.0,125.0,-18.993770931246218,18.993770931246218,360.7633341886538
2018-09-23 03:00:00,3,6,0,319,565.0,611.0,384.44354912291305,-246.0,246.0,-65.44354912291305,65.44354912291305,4282.858121803134
2018-09-23 04:00:00,4,6,0,339,319.0,647.0,292.61950221217944,20.0,20.0,46.38049778782056,46.38049778782056,2151.150575046028
2018-09-23 05:00:00,5,6,0,514,339.0,960.0,522.900094019078,175.0,175.0,-8.900094019077983,8.900094019077983,79.21167354842768
2018-09-23 06:00:00,6,6,0,910,514.0,1635.0,859.6088921560096,396.0,396.0,50.391107843990426,50.391107843990426,2539.2637497446735
2018-09-23 07:00:00,7,6,1,1402,910.0,2445.0,1174.6454732455318,492.0,492.0,227.35452675446822,227.35452675446822,51690.08083574821
2018-09-23 08:00:00,8,6,1,2203,1402.0,3415.0,2129.4105380131623,801.0,801.0,73.5894619868377,73.5894619868377,5415.408915512232
2018-09-23 09:00:00,9,6,1,3562,2203.0,3770.0,3081.5420584263643,1359.0,1359.0,480.4579415736357,480.4579415736357,230839.83362117514
2018-09-23 10:00:00,10,6,0,4594,3562.0,4308.0,3845.120749503403,1032.0,1032.0,748.8792504965968,748.8792504965968,560820.1318243446
2018-09-23 11:00:00,11,6,0,4252,4594.0,4638.0,4667.604987427645,-342.0,342.0,-415.604987427645,415.604987427645,172727.505574733
2018-09-23 12:00:00,12,6,0,3945,4252.0,4831.0,4402.54821806504,-307.0,307.0,-457.5482180650397,457.5482180650397,209350.3718544931
2018-09-23 13:00:00,13,6,0,4107,3945.0,4565.0,4076.8890966885183,162.0,162.0,30.110903311481707,30.110903311481707,906.6664982334
2018-09-23 14:00:00,14,6,0,4091,4107.0,4654.0,4285.789140197856,-16.0,16.0,-194.7891401978559,194.7891401978559,37942.809139019955
2018-09-23 15:00:00,15,6,0,4195,4091.0,4589.0,4272.174981335686,104.0,104.0,-77.17498133568643,77.17498133568643,5955.977744163548
2018-09-23 16:00:00,16,6,0,4413,4195.0,4582.0,4328.433367434275,218.0,218.0,84.56663256572483,84.56663256572483,7151.515343506311
2018-09-23 17:00:00,17,6,1,4117,4413.0,4847.0,4257.531582493871,-296.0,296.0,-140.5315824938707,140.5315824938707,19749.125678231587
2018-09-23 18:00:00,18,6,1,3997,4117.0,4620.0,3878.303566773813,-120.0,120.0,118.69643322618685,118.69643322618685,14088.843260618634
2018-09-23 19:00:00,19,6,1,3516,3997.0,4347.0,3457.264195116846,-481.0,481.0,58.73580488315383,58.73580488315383,3449.8947752719178
2018-09-23 20:00:00,20,6,0,2846,3516.0,3602.0,3061.962010863368,-670.0,670.0,-215.96201086336805,215.96201086336805,46639.5901361495
2018-09-23 21:00:00,21,6,0,2346,2846.0,2985.0,2441.425249559549,-500.0,500.0,-95.42524955954877,95.42524955954877,9105.978253502164
2018-09-23 22:00:00,22,6,0,1635,2346.0,2480.0,1732.0510067280347,-711.0,711.0,-97.05100672803474,97.05100672803474,9418.897906925044
2018-09-23 23:00:00,23,6,0,934,1635.0,1871.0,1254.2606637148515,-701.0,701.0,-320.2606637148515,320.2606637148515,102566.8927230772
2018-09-24 00:00:00,0,0,0,509,934.0,1249.0,536.936581769012,-425.0,425.0,-27.936581769012037,27.936581769012037,780.4526009366957
2018-09-24 01:00:00,1,0,0,344,509.0,690.0,338.35210446097796,-165.0,165.0,5.647895539022045,5.647895539022045,31.898724019705114
2018-09-24 02:00:00,2,0,0,219,344.0,565.0,272.25422342459535,-125.0,125.0,-53.25422342459535,53.25422342459535,2836.01231255672
2018-09-24 03:00:00,3,0,0,328,219.0,319.0,339.34510415158263,109.0,109.0,-11.345104151582632,11.345104151582632,128.71138821025747
2018-09-24 04:00:00,4,0,0,888,328.0,339.0,827.9514752072611,560.0,560.0,60.04852479273893,60.04852479273893,3605.825329784182
2018-09-24 05:00:00,5,0,0,2954,888.0,514.0,2892.541393103712,2066.0,2066.0,61.458606896288074,61.458606896288074,3777.1603616324683
2018-09-24 06:00:00,6,0,0,5747,2954.0,910.0,5647.976334375496,2793.0,2793.0,99.02366562450425,99.02366562450425,9805.686353713623
2018-09-24 07:00:00,7,0,1,6591,5747.0,1402.0,6374.227371748559,844.0,844.0,216.77262825144135,216.77262825144135,46990.37235903759
2018-09-24 08:00:00,8,0,1,5900,6591.0,2203.0,5949.436172516606,-691.0,691.0,-49.43617251660635,49.43617251660635,2443.9351530916647
2018-09-24 09:00:00,9,0,1,4936,5900.0,3562.0,5031.236723281939,-964.0,964.0,-95.2367232819388,95.2367232819388,9070.033461480583
2018-09-24 10:00:00,10,0,0,4351,4936.0,4594.0,4467.8342741787255,-585.0,585.0,-116.83427417872554,116.83427417872554,13650.247622869612
2018-09-24 11:00:00,11,0,0,4468,4351.0,4252.0,4523.62663109198,117.0,117.0,-55.626631091980016,55.626631091980016,3094.322086643238
2018-09-24 12:00:00,12,0,0,4531,4468.0,3945.0,4736.483777848041,63.0,63.0,-205.48377784804143,205.48377784804143,42223.58295870324
2018-09-24 13:00:00,13,0,0,4433,4531.0,4107.0,4782.985601920935,-98.0,98.0,-349.98560192093464,349.98560192093464,122489.92155195893
2018-09-24 14:00:00,14,0,0,4816,4433.0,4091.0,4678.737586845129,383.0,383.0,137.26241315487096,137.26241315487096,18840.970065098492
2018-09-24 15:00:00,15,0,0,5443,4816.0,4195.0,5399.84544642598,627.0,627.0,43.1545535740197,43.1545535740197,1862.3154941729365
2018-09-24 16:00:00,16,0,0,6307,5443.0,4413.0,6278.99149648922,864.0,864.0,28.00850351078043,28.00850351078043,784.4762689133996
2018-09-24 17:00:00,17,0,1,5562,6307.0,4117.0,5887.432544757317,-745.0,745.0,-325.4325447573174,325.4325447573174,105906.34118722337
2018-09-24 18:00:00,18,0,1,4167,5562.0,3997.0,4131.663416949797,-1395.0,1395.0,35.336583050203444,35.336583050203444,1248.6741016639253
2018-09-24 19:00:00,19,0,1,3253,4167.0,3516.0,3060.2133365027034,-914.0,914.0,192.78666349729656,192.78666349729656,37166.69762241986
2018-09-24 20:00:00,20,0,0,2559,3253.0,2846.0,2767.498193160175,-694.0,694.0,-208.4981931601751,208.4981931601751,43471.49655105769
2018-09-24 21:00:00,21,0,0,2084,2559.0,2346.0,2305.9675543526564,-475.0,475.0,-221.9675543526564,221.9675543526564,49269.59518529948
2018-09-24 22:00:00,22,0,0,1392,2084.0,1635.0,1544.597425414066,-692.0,692.0,-152.59742541406604,152.59742541406604,23285.97424300145
2018-09-24 22:00:00,22,0,0,1392,1392.0,934.0,1357.3633472960748,0.0,0.0,34.636652703925165,34.636652703925165,1199.6977105323265
2018-09-24 22:00:00,22,0,0,1392,1392.0,509.0,1336.5077743819459,0.0,0.0,55.492225618054135,55.492225618054135,3079.3871040450235
2018-09-24 23:00:00,23,0,0,826,1392.0,344.0,1013.4643584372508,-566.0,566.0,-187.46435843725078,187.46435843725078,35142.885684290035
2018-09-24 23:00:00,23,0,0,826,826.0,219.0,868.5119728089329,0.0,0.0,-42.51197280893291,42.51197280893291,1807.267832107451
2018-09-24 23:00:00,23,0,0,826,826.0,328.0,868.5119728089329,0.0,0.0,-42.51197280893291,42.51197280893291,1807.267832107451
2018-09-25 00:00:00,0,1,0,527,826.0,888.0,538.1842236603501,-299.0,299.0,-11.184223660350085,11.184223660350085,125.08685888473465
2018-09-25 00:00:00,0,1,0,527,527.0,2954.0,537.0281062371984,0.0,0.0,-10.028106237198358,10.028106237198358,100.56291470453661
2018-09-25 01:00:00,1,1,0,302,527.0,5747.0,344.79045453946924,-225.0,225.0,-42.79045453946924,42.79045453946924,1831.0229996943835
2018-09-25 01:00:00,1,1,0,302,302.0,6591.0,305.6565760737582,0.0,0.0,-3.656576073758174,3.656576073758174,13.370548583180744
2018-09-25 02:00:00,2,1,0,234,302.0,5900.0,271.0808297773531,-68.0,68.0,-37.080829777353074,37.080829777353074,1374.9879369770345
2018-09-25 02:00:00,2,1,0,234,234.0,4936.0,271.0808297773531,0.0,0.0,-37.080829777353074,37.080829777353074,1374.9879369770345
2018-09-25 03:00:00,3,1,0,366,234.0,4351.0,344.4999893023981,132.0,132.0,21.50001069760191,21.50001069760191,462.2504599969965
2018-09-25 04:00:00,4,1,0,880,366.0,4468.0,848.5413928170816,514.0,514.0,31.4586071829184,31.4586071829184,989.6439658891651
2018-09-25 05:00:00,5,1,0,3063,880.0,4531.0,2892.541393103712,2183.0,2183.0,170.45860689628807,170.45860689628807,29056.136665023267
2018-09-25 06:00:00,6,1,0,5833,3063.0,4433.0,5655.584377593284,2770.0,2770.0,177.41562240671556,177.41562240671556,31476.30307396227
2018-09-25 07:00:00,7,1,1,6568,5833.0,4816.0,6376.256199380107,735.0,735.0,191.74380061989268,191.74380061989268,36765.68507616116
2018-09-25 08:00:00,8,1,1,6080,6568.0,5443.0,5941.15790271408,-488.0,488.0,138.84209728592032,138.84209728592032,19277.12797875296
2018-09-25 09:00:00,9,1,1,5083,6080.0,6307.0,5178.814034096677,-997.0,997.0,-95.81403409667655,95.81403409667655,9180.329129879097
2018-09-25 10:00:00,10,1,0,4385,5083.0,5562.0,4474.554010109139,-698.0,698.0,-89.5540101091392,89.5540101091392,8019.920726627805
2018-09-25 11:00:00,11,1,0,4458,4385.0,4167.0,4540.479740268963,73.0,73.0,-82.47974026896281,82.47974026896281,6802.907554835566
2018-09-25 12:00:00,12,1,0,4580,4458.0,3253.0,4724.407784514124,122.0,122.0,-144.4077845141237,144.4077845141237,20853.608228277586
2018-09-25 12:00:00,12,1,0,4580,4580.0,2559.0,4797.577012457058,0.0,0.0,-217.57701245705812,217.57701245705812,47339.756349738826
2018-09-25 12:00:00,12,1,0,4580,4580.0,2084.0,4797.577012457058,0.0,0.0,-217.57701245705812,217.57701245705812,47339.756349738826
2018-09-25 13:00:00,13,1,0,4716,4580.0,1392.0,4797.577012457058,136.0,136.0,-81.57701245705812,81.57701245705812,6654.808961419015
2018-09-25 14:00:00,14,1,0,4973,4716.0,1392.0,4895.518686377257,257.0,257.0,77.48131362274307,77.48131362274307,6003.353960705871
2018-09-25 14:00:00,14,1,0,4973,4973.0,1392.0,5279.202764371417,0.0,0.0,-306.2027643714173,306.2027643714173,93760.13290869769
2018-09-25 15:00:00,15,1,0,5748,4973.0,826.0,5598.618210635278,775.0,775.0,149.38178936472195,149.38178936472195,22314.918993806157
2018-09-25 16:00:00,16,1,0,6597,5748.0,826.0,6554.1333703033315,849.0,849.0,42.8666296966685,42.8666296966685,1837.5479415513014
2018-09-25 16:00:00,16,1,0,6597,6597.0,826.0,6578.127865186779,0.0,0.0,18.872134813221237,18.872134813221237,356.157472408397
2018-09-25 17:00:00,17,1,1,5734,6597.0,527.0,6165.408538889027,-863.0,863.0,-431.4085388890271,431.4085388890271,186113.32742636523
2018-09-25 18:00:00,18,1,1,4320,5734.0,527.0,4425.733505008693,-1414.0,1414.0,-105.7335050086931,105.7335050086931,11179.574081423329
2018-09-25 19:00:00,19,1,1,3058,4320.0,302.0,3156.70721090305,-1262.0,1262.0,-98.70721090305005,98.70721090305005,9743.113484259204
2018-09-25 20:00:00,20,1,0,2765,3058.0,302.0,2766.803153474857,-293.0,293.0,-1.8031534748570266,1.8031534748570266,3.25136245388897
2018-09-25 21:00:00,21,1,0,2282,2765.0,234.0,2611.761520543506,-483.0,483.0,-329.76152054350587,329.76152054350587,108742.66043116504
2018-09-25 22:00:00,22,1,0,1571,2282.0,234.0,1700.4124413152617,-711.0,711.0,-129.41244131526173,129.41244131526173,16747.57996717606
2018-09-25 23:00:00,23,1,0,924,1571.0,366.0,1081.9006503927,-647.0,647.0,-157.90065039270007,157.90065039270007,24932.615394437693
2018-09-26 00:00:00,0,2,0,543,924.0,880.0,542.1081665637018,-381.0,381.0,0.8918334362981568,0.8918334362981568,0.7953668780993786
2018-09-26 01:00:00,1,2,0,358,543.0,3063.0,346.9317714832141,-185.0,185.0,11.068228516785894,11.068228516785894,122.50568249979246
2018-09-26 02:00:00,2,2,0,227,358.0,5833.0,281.5569052461226,-131.0,131.0,-54.5569052461226,54.5569052461226,2976.4559100343995
2018-09-26 03:00:00,3,2,0,358,227.0,6568.0,352.7157341643777,131.0,131.0,5.284265835622307,5.284265835622307,27.92346542152512
2018-09-26 04:00:00,4,2,0,890,358.0,6080.0,852.3399154928126,532.0,532.0,37.660084507187435,37.660084507187435,1418.281965088499
2018-09-26 05:00:00,5,2,0,3052,890.0,5083.0,2892.541393103712,2162.0,2162.0,159.45860689628807,159.45860689628807,25427.04731330493
2018-09-26 06:00:00,6,2,0,5930,3052.0,4385.0,5795.178940584086,2878.0,2878.0,134.82105941591362,134.82105941591362,18176.71806202931
2018-09-26 07:00:00,7,2,1,6193,5930.0,4458.0,6391.782033812975,263.0,263.0,-198.782033812975,198.782033812975,39514.29696682273
2018-09-26 08:00:00,8,2,1,6032,6193.0,4580.0,5734.5882718140065,-161.0,161.0,297.4117281859935,297.4117281859935,88453.7360625793
2018-09-26 09:00:00,9,2,1,5320,6032.0,4580.0,5186.083727337555,-712.0,712.0,133.9162726624454,133.9162726624454,17933.568083802424
2018-09-26 10:00:00,10,2,0,4523,5320.0,4580.0,4572.540237130893,-797.0,797.0,-49.54023713089282,49.54023713089282,2454.2350949850916
2018-09-26 11:00:00,11,2,0,4721,4523.0,4716.0,4773.980424855861,198.0,198.0,-52.9804248558612,52.9804248558612,2806.9254179075556
2018-09-26 12:00:00,12,2,0,4793,4721.0,4973.0,4894.609774391263,72.0,72.0,-101.60977439126327,101.60977439126327,10324.546251843421
2018-09-26 13:00:00,13,2,0,4624,4793.0,4973.0,4922.650988438749,-169.0,169.0,-298.65098843874875,298.65098843874875,89192.41289544164
2018-09-26 14:00:00,14,2,0,4928,4624.0,5748.0,4863.581158963856,304.0,304.0,64.41884103614393,64.41884103614393,4149.787080439981
2018-09-26 15:00:00,15,2,0,5693,4928.0,6597.0,5581.643948088797,765.0,765.0,111.3560519112034,111.3560519112034,12400.170297250625
2018-09-26 16:00:00,16,2,0,6334,5693.0,6597.0,6478.44021915472,641.0,641.0,-144.44021915471967,144.44021915471967,20862.976909463447
2018-09-26 17:00:00,17,2,1,5954,6334.0,5734.0,6003.838473322269,-380.0,380.0,-49.83847332226924,49.83847332226924,2483.8734230945424
2018-09-26 18:00:00,18,2,1,4661,5954.0,4320.0,4449.564844861559,-1293.0,1293.0,211.43515513844068,211.43515513844068,44704.82482841648
2018-09-26 19:00:00,19,2,1,3639,4661.0,3058.0,3433.0820997211213,-1022.0,1022.0,205.91790027887873,205.91790027887873,42402.18165526225
2018-09-26 20:00:00,20,2,0,3197,3639.0,2765.0,3074.792012028125,-442.0,442.0,122.2079879718749,122.2079879718749,14934.79232413392
2018-09-26 21:00:00,21,2,0,3475,3197.0,2282.0,2850.2859879000157,278.0,278.0,624.7140120999843,624.7140120999843,390267.5969140593
2018-09-26 22:00:00,22,2,0,1973,3475.0,1571.0,2834.672735012717,-1502.0,1502.0,-861.6727350127171,861.6727350127171,742479.9022642962
2018-09-26 23:00:00,23,2,0,1209,1973.0,924.0,1321.2109605795638,-764.0,764.0,-112.21096057956379,112.21096057956379,12591.299674188418
2018-09-27 00:00:00,0,3,0,654,1209.0,543.0,675.8250208071124,-555.0,555.0,-21.825020807112423,21.825020807112423,476.3315332308902
2018-09-27 01:00:00,1,3,0,421,654.0,358.0,405.7339931411345,-233.0,233.0,15.266006858865524,15.266006858865524,233.0509654149292
2018-09-27 02:00:00,2,3,0,312,421.0,227.0,326.3908943812404,-109.0,109.0,-14.3908943812404,14.3908943812404,207.09784109201652
2018-09-27 03:00:00,3,3,0,373,312.0,358.0,353.3940162810561,61.0,61.0,19.60598371894389,19.60598371894389,384.39459758749285
2018-09-27 04:00:00,4,3,0,919,373.0,890.0,853.5164480758664,546.0,546.0,65.48355192413362,65.48355192413362,4288.095572600704
2018-09-27 05:00:00,5,3,0,3002,919.0,3052.0,2892.541393103712,2083.0,2083.0,109.45860689628807,109.45860689628807,11981.186623676123
2018-09-27 06:00:00,6,3,0,5685,3002.0,5930.0,5799.321097901087,2683.0,2683.0,-114.32109790108734,114.32109790108734,13069.313425309996
2018-09-27 07:00:00,7,3,1,6589,5685.0,6193.0,6328.633011090857,904.0,904.0,260.3669889091434,260.3669889091434,67790.96891361401
2018-09-27 07:00:00,7,3,1,6589,6589.0,6032.0,6400.197920424121,0.0,0.0,188.80207957587936,188.80207957587936,35646.225252176686
2018-09-27 08:00:00,8,3,1,5946,6589.0,5320.0,5949.436172516606,-643.0,643.0,-3.436172516606348,3.436172516606348,11.807281563880803
2018-09-27 09:00:00,9,3,1,5181,5946.0,4523.0,5183.724728240862,-765.0,765.0,-2.724728240861623,2.724728240861623,7.4241439865488745
2018-09-27 10:00:00,10,3,0,4500,5181.0,4721.0,4622.903325552759,-681.0,681.0,-122.90332555275927,122.90332555275927,15105.22743192753
2018-09-27 11:00:00,11,3,0,4670,4500.0,4793.0,4754.855466924872,170.0,170.0,-84.85546692487242,84.85546692487242,7200.450267038117
2018-09-27 12:00:00,12,3,0,4849,4670.0,4624.0,4887.0179564261725,179.0,179.0,-38.01795642617253,38.01795642617253,1445.3650108223533
2018-09-27 13:00:00,13,3,0,4787,4849.0,4928.0,4949.285624806495,-62.0,62.0,-162.28562480649543,162.28562480649543,26336.624018834606
2018-09-27 14:00:00,14,3,0,4943,4787.0,5693.0,5010.008479583636,156.0,156.0,-67.00847958363556,67.00847958363556,4490.136336110504
2018-09-27 15:00:00,15,3,0,5892,4943.0,6334.0,5578.820661063938,949.0,949.0,313.17933893606187,313.17933893606187,98081.29833642872
2018-09-27 16:00:00,16,3,0,6451,5892.0,5954.0,6575.608348208621,559.0,559.0,-124.60834820862055,124.60834820862055,15527.240443280829
2018-09-27 17:00:00,17,3,1,5968,6451.0,4661.0,6146.333297390369,-483.0,483.0,-178.3332973903689,178.3332973903689,31802.764958121756
2018-09-27 18:00:00,18,3,1,4498,5968.0,3639.0,4745.160264625874,-1470.0,1470.0,-247.16026462587433,247.16026462587433,61088.19640993223
2018-09-27 19:00:00,19,3,1,3419,4498.0,3197.0,3487.214196812543,-1079.0,1079.0,-68.21419681254292,68.21419681254292,4653.176646780341
2018-09-27 20:00:00,20,3,0,2856,3419.0,3475.0,3049.080506311665,-563.0,563.0,-193.08050631166498,193.08050631166498,37280.081917568896
2018-09-27 21:00:00,21,3,0,2649,2856.0,1973.0,2783.3196965613006,-207.0,207.0,-134.3196965613006,134.3196965613006,18041.780884319865
2018-09-27 22:00:00,22,3,0,2003,2649.0,1209.0,1955.5564989097077,-646.0,646.0,47.44350109029233,47.44350109029233,2250.8857957045693
2018-09-27 23:00:00,23,3,0,1278,2003.0,654.0,1316.7977370691913,-725.0,725.0,-38.79773706919127,38.79773706919127,1505.2644016900986
2018-09-28 00:00:00,0,4,0,699,1278.0,421.0,718.3366479651975,-579.0,579.0,-19.33664796519747,19.33664796519747,373.90595452997553
2018-09-28 01:00:00,1,4,0,461,699.0,312.0,431.8690572057962,-238.0,238.0,29.130942794203804,29.130942794203804,848.6118280791745
2018-09-28 02:00:00,2,4,0,301,461.0,373.0,340.3105002060578,-160.0,160.0,-39.31050020605778,39.31050020605778,1545.315426450469
2018-09-28 03:00:00,3,4,0,367,301.0,919.0,353.2775105317414,66.0,66.0,13.722489468258573,13.722489468258573,188.30671720646745
2018-09-28 04:00:00,4,4,0,870,367.0,3002.0,819.5615352038958,503.0,503.0,50.4384647961042,50.4384647961042,2544.0387309878424
2018-09-28 05:00:00,5,4,0,2751,870.0,5685.0,2890.904569397578,1881.0,1881.0,-139.90456939757814,139.90456939757814,19573.288538321758
2018-09-28 06:00:00,6,4,0,5521,2751.0,6589.0,5638.594565800111,2770.0,2770.0,-117.59456580011101,117.59456580011101,13828.481905716639
2018-09-28 07:00:00,7,4,1,6401,5521.0,6589.0,6344.252121208963,880.0,880.0,56.74787879103678,56.74787879103678,3220.3217472822025
2018-09-28 08:00:00,8,4,1,5798,6401.0,5946.0,5842.743359300272,-603.0,603.0,-44.74335930027155,44.74335930027155,2001.9682014731966
2018-09-28 09:00:00,9,4,1,4791,5798.0,5181.0,5162.79665361768,-1007.0,1007.0,-371.79665361768,371.79665361768,138232.75164130513
2018-09-28 10:00:00,10,4,0,4574,4791.0,4500.0,4570.276195679857,-217.0,217.0,3.7238043201432447,3.7238043201432447,13.866718614717493
2018-09-28 11:00:00,11,4,0,4863,4574.0,4670.0,4794.314748008075,289.0,289.0,68.68525199192482,68.68525199192482,4717.663841194212
2018-09-28 12:00:00,12,4,0,5066,4863.0,4849.0,5061.485892611392,203.0,203.0,4.514107388607954,4.514107388607954,20.377165515884922
2018-09-28 13:00:00,13,4,0,4898,5066.0,4787.0,5122.623499674754,-168.0,168.0,-224.62349967475438,224.62349967475438,50455.71660613438
2018-09-28 14:00:00,14,4,0,5193,4898.0,4943.0,5166.430943692714,295.0,295.0,26.56905630728579,26.56905630728579,705.9147530597229
2018-09-28 15:00:00,15,4,0,5838,5193.0,5892.0,5745.797282721308,645.0,645.0,92.20271727869203,92.20271727869203,8501.341073574415
2018-09-28 16:00:00,16,4,0,6188,5838.0,6451.0,6164.271926216273,350.0,350.0,23.728073783727268,23.728073783727268,563.0214854860053
2018-09-28 17:00:00,17,4,1,5695,6188.0,5968.0,5571.862044507425,-493.0,493.0,123.1379554925752,123.1379554925752,15162.956082891431
2018-09-28 18:00:00,18,4,1,5104,5695.0,4498.0,4625.120405747523,-591.0,591.0,478.87959425247664,478.87959425247664,229325.66579141666
2018-09-28 19:00:00,19,4,1,4286,5104.0,3419.0,3788.024249986577,-818.0,818.0,497.97575001342284,497.97575001342284,247979.84760143099
2018-09-28 20:00:00,20,4,0,3538,4286.0,2856.0,3327.0840618975526,-748.0,748.0,210.9159381024474,210.9159381024474,44485.53294563542
2018-09-28 21:00:00,21,4,0,3058,3538.0,2649.0,3202.547788533958,-480.0,480.0,-144.54778853395783,144.54778853395783,20894.06317005779
2018-09-28 22:00:00,22,4,0,2713,3058.0,2003.0,2833.2831795214297,-345.0,345.0,-120.2831795214297,120.2831795214297,14468.043275784486
2018-09-28 23:00:00,23,4,0,3544,2713.0,1278.0,2027.2296194992286,831.0,831.0,1516.7703805007714,1516.7703805007714,2300592.387164455
2018-09-29 00:00:00,0,5,0,1733,3544.0,699.0,1530.053177664188,-1811.0,1811.0,202.94682233581193,202.94682233581193,41187.41269620361
2018-09-29 01:00:00,1,5,0,867,1733.0,461.0,970.9822460637537,-866.0,866.0,-103.98224606375368,103.98224606375368,10812.307496463018
2018-09-29 02:00:00,2,5,0,524,867.0,301.0,682.5975973334155,-343.0,343.0,-158.59759733341548,158.59759733341548,25153.197879932195
2018-09-29 03:00:00,3,5,0,359,524.0,367.0,380.93560189443747,-165.0,165.0,-21.935601894437468,21.935601894437468,481.17063047124867
2018-09-29 04:00:00,4,5,0,425,359.0,870.0,369.33668548040487,66.0,66.0,55.66331451959513,55.66331451959513,3098.4045833073706
2018-09-29 05:00:00,5,5,0,743,425.0,2751.0,801.3773722773524,318.0,318.0,-58.37737227735238,58.37737227735238,3407.91759400859
2018-09-29 06:00:00,6,5,0,1359,743.0,5521.0,1402.7624420802108,616.0,616.0,-43.7624420802108,43.7624420802108,1915.1513368238052
2018-09-29 07:00:00,7,5,1,2036,1359.0,6401.0,2043.5786314819,677.0,677.0,-7.578631481899947,7.578631481899947,57.435655138444986
2018-09-29 08:00:00,8,5,1,3073,2036.0,5798.0,3093.632984959284,1037.0,1037.0,-20.63298495928393,20.63298495928393,425.7200683300369
2018-09-29 09:00:00,9,5,1,3725,3073.0,4791.0,3602.738476804942,652.0,652.0,122.26152319505809,122.26152319505809,14947.880053975727
2018-09-29 10:00:00,10,5,0,4059,3725.0,4574.0,4050.1616799811995,334.0,334.0,8.83832001880046,8.83832001880046,78.11590075472895
2018-09-29 11:00:00,11,5,0,4378,4059.0,4863.0,4289.274541782812,319.0,319.0,88.72545821718813,88.72545821718813,7872.2069358499975
2018-09-29 12:00:00,12,5,0,4657,4378.0,5066.0,4526.710336752938,279.0,279.0,130.28966324706198,130.28966324706198,16975.396349032813
2018-09-29 13:00:00,13,5,0,4553,4657.0,4898.0,4718.836919372744,-104.0,104.0,-165.83691937274398,165.83691937274398,27501.883827041987
2018-09-29 14:00:00,14,5,0,4618,4553.0,5193.0,4646.743493960367,65.0,65.0,-28.743493960367232,28.743493960367232,826.1884450496675
2018-09-29 15:00:00,15,5,0,4564,4618.0,5838.0,4704.702713185841,-54.0,54.0,-140.70271318584128,140.70271318584128,19797.253497857113
2018-09-29 16:00:00,16,5,0,4735,4564.0,6188.0,4638.319895467664,171.0,171.0,96.68010453233637,96.68010453233637,9347.042612383488
2018-09-29 17:00:00,17,5,1,4878,4735.0,5695.0,4485.092033323303,143.0,143.0,392.90796667669656,392.90796667669656,154376.6702780161
2018-09-29 18:00:00,18,5,1,4569,4878.0,5104.0,4515.906714981809,-309.0,309.0,53.09328501819073,53.09328501819073,2818.896914022836
2018-09-29 19:00:00,19,5,1,3818,4569.0,4286.0,3739.319338511466,-751.0,751.0,78.68066148853404,78.68066148853404,6190.646492273284
2018-09-29 20:00:00,20,5,0,3338,3818.0,3538.0,3305.110131584869,-480.0,480.0,32.88986841513088,32.88986841513088,1081.7434443646237
2018-09-29 21:00:00,21,5,0,2950,3338.0,3058.0,3253.059779367603,-388.0,388.0,-303.0597793676029,303.0597793676029,91845.22987034016
2018-09-29 22:00:00,22,5,0,2607,2950.0,2713.0,2915.213167433376,-343.0,343.0,-308.21316743337593,308.21316743337593,94995.35657931422
2018-09-29 23:00:00,23,5,0,3856,2607.0,3544.0,2009.9572378570726,1249.0,1249.0,1846.0427621429274,1846.0427621429274,3407873.879660289
2018-09-30 00:00:00,0,6,0,1826,3856.0,1733.0,1344.8827158982685,-2030.0,2030.0,481.11728410173146,481.11728410173146,231473.84106142618
2018-09-30 01:00:00,1,6,0,920,1826.0,867.0,1036.0037726010078,-906.0,906.0,-116.00377260100777,116.00377260100777,13456.875257666321
2018-09-30 02:00:00,2,6,0,696,920.0,524.0,711.0746094110254,-224.0,224.0,-15.074609411025449,15.074609411025449,227.24384889497702
2018-09-30 03:00:00,3,6,0,364,696.0,359.0,429.85616390134004,-332.0,332.0,-65.85616390134004,65.85616390134004,4337.034323800163
2018-09-30 04:00:00,4,6,0,335,364.0,425.0,321.91751824376723,-29.0,29.0,13.082481756232767,13.082481756232767,171.1513289021632
2018-09-30 05:00:00,5,6,0,444,335.0,743.0,516.2417476183807,109.0,109.0,-72.24174761838071,72.24174761838071,5218.870098957816
2018-09-30 06:00:00,6,6,0,802,444.0,1359.0,808.3137871628087,358.0,358.0,-6.313787162808694,6.313787162808694,39.86390833724786
2018-09-30 07:00:00,7,6,1,1175,802.0,2036.0,1182.025231421063,373.0,373.0,-7.0252314210629265,7.0252314210629265,49.35387651948982
2018-09-30 08:00:00,8,6,1,2002,1175.0,3073.0,1825.9604004146881,827.0,827.0,176.03959958531186,176.03959958531186,30989.940622156933
2018-09-30 09:00:00,9,6,1,2882,2002.0,3725.0,3015.6486036802166,880.0,880.0,-133.64860368021664,133.64860368021664,17861.949265671617
2018-09-30 10:00:00,10,6,0,3701,2882.0,4059.0,3508.1301451794884,819.0,819.0,192.8698548205116,192.8698548205116,37198.780898485216
2018-09-30 11:00:00,11,6,0,4049,3701.0,4378.0,4003.9266664233396,348.0,348.0,45.07333357666039,45.07333357666039,2031.6053997129009
2018-09-30 12:00:00,12,6,0,4429,4049.0,4657.0,4274.966442881039,380.0,380.0,154.03355711896074,154.03355711896074,23726.33671872014
2018-09-30 13:00:00,13,6,0,4547,4429.0,4553.0,4544.990495220493,118.0,118.0,2.009504779506642,2.009504779506642,4.038109458860038
2018-09-30 14:00:00,14,6,0,4380,4547.0,4618.0,4629.751143539808,-167.0,167.0,-249.75114353980825,249.75114353980825,62375.6336994419
2018-09-30 14:00:00,14,6,0,4380,4380.0,4564.0,4424.838802539673,0.0,0.0,-44.83880253967345,44.83880253967345,2010.5182131918264
2018-09-30 15:00:00,15,6,0,4302,4380.0,4735.0,4424.838802539673,-78.0,78.0,-122.83880253967345,122.83880253967345,15089.371409380885
2018-09-30 15:00:00,15,6,0,4302,4302.0,4878.0,4405.722655320048,0.0,0.0,-103.72265532004803,103.72265532004803,10758.38922664149
2018-09-30 16:00:00,16,6,0,4283,4302.0,4569.0,4405.03742693223,-19.0,19.0,-122.03742693223012,122.03742693223012,14893.133572239405
2018-09-30 17:00:00,17,6,1,4132,4283.0,3818.0,4061.1926922554517,-151.0,151.0,70.80730774454832,70.80730774454832,5013.674830031173
2018-09-30 18:00:00,18,6,1,3947,4132.0,3338.0,3880.094455622891,-185.0,185.0,66.90554437710898,66.90554437710898,4476.351868397299
2018-09-30 19:00:00,19,6,1,3543,3947.0,2950.0,3447.329411078752,-404.0,404.0,95.67058892124805,95.67058892124805,9152.86158453843
2018-09-30 20:00:00,20,6,0,2781,3543.0,2607.0,3040.4558782974236,-762.0,762.0,-259.4558782974236,259.4558782974236,67317.3527830875
2018-09-30 21:00:00,21,6,0,2159,2781.0,3856.0,2630.8080905598467,-622.0,622.0,-471.80809055984673,471.80809055984673,222602.87431772854
2018-09-30 22:00:00,22,6,0,1450,2159.0,1826.0,1675.2675685058234,-709.0,709.0,-225.26756850582342,225.26756850582342,50745.47742052585
2018-09-30 23:00:00,23,6,0,954,1450.0,920.0,1071.224856085386,-496.0,496.0,-117.22485608538591,117.22485608538591,13741.666884239437
