date,year,month,month_name,day,weekday,weekday_name,is_weekday,total_traffic_volume,avg_traffic_volume,min_traffic_volume,max_traffic_volume,record_count
2012-10-02,2012,10,Oct,2,1,Tuesday,1,63289,4219.27,963,6015,15
2012-10-03,2012,10,Oct,3,2,Wednesday,1,66345,3317.25,273,6511,20
2012-10-04,2012,10,Oct,4,3,Thursday,1,89939,3747.46,312,6990,24
2012-10-05,2012,10,Oct,5,4,Friday,1,93336,4242.55,368,6628,22
2012-10-06,2012,10,Oct,6,5,Saturday,0,74910,3256.96,411,5669,23
2012-10-07,2012,10,Oct,7,6,Sunday,0,67290,3058.64,312,6640,22
2012-10-08,2012,10,Oct,8,0,Monday,1,82135,3422.29,265,6676,24
2012-10-09,2012,10,Oct,9,1,Tuesday,1,86717,3770.3,251,6449,23
2012-10-10,2012,10,Oct,10,2,Wednesday,1,98252,4093.83,261,6793,24
2012-10-11,2012,10,Oct,11,3,Thursday,1,74325,3911.84,347,6798,19
2012-10-12,2012,10,Oct,12,4,Friday,1,80516,4025.8,331,6992,20
2012-10-13,2012,10,Oct,13,5,Saturday,0,70500,2937.5,399,4623,24
2012-10-14,2012,10,Oct,14,6,Sunday,0,105532,2852.22,262,4358,37
2012-10-15,2012,10,Oct,15,0,Monday,1,89400,3192.86,239,6798,28
2012-10-16,2012,10,Oct,16,1,Tuesday,1,89471,3727.96,257,7055,24
2012-10-17,2012,10,Oct,17,2,Wednesday,1,91414,3656.56,267,6723,25
2012-10-18,2012,10,Oct,18,3,Thursday,1,88380,3682.5,301,6441,24
2012-10-19,2012,10,Oct,19,4,Friday,1,133146,3414.0,353,5849,39
2012-10-20,2012,10,Oct,20,5,Saturday,0,131124,2731.75,401,5125,48
2012-10-21,2012,10,Oct,21,6,Sunday,0,16800,2400.0,959,4695,7
2012-10-22,2012,10,Oct,22,0,Monday,1,64530,3072.86,259,6101,21
2012-10-23,2012,10,Oct,23,1,Tuesday,1,84902,3537.58,253,6094,24
2012-10-24,2012,10,Oct,24,2,Wednesday,1,196654,4013.35,261,5855,49
2012-10-25,2012,10,Oct,25,3,Thursday,1,188892,4197.6,272,6488,45
2012-10-26,2012,10,Oct,26,4,Friday,1,189583,3510.8,326,6499,54
2012-10-27,2012,10,Oct,27,5,Saturday,0,73567,3065.29,411,6012,24
2012-10-28,2012,10,Oct,28,6,Sunday,0,56486,2353.58,330,4521,24
2012-10-29,2012,10,Oct,29,0,Monday,1,84458,3519.08,270,6642,24
2012-10-30,2012,10,Oct,30,1,Tuesday,1,88196,3674.83,298,6728,24
2012-10-31,2012,10,Oct,31,2,Wednesday,1,86737,3614.04,265,6908,24
2012-11-01,2012,11,Nov,1,3,Thursday,1,90283,3761.79,324,6852,24
2012-11-02,2012,11,Nov,2,4,Friday,1,91305,3804.38,331,6509,24
2012-11-03,2012,11,Nov,3,5,Saturday,0,67443,2810.12,343,4833,24
2012-11-04,2012,11,Nov,4,6,Sunday,0,58234,2329.36,223,4200,25
2012-11-05,2012,11,Nov,5,0,Monday,1,77167,3507.59,304,6877,22
2012-11-06,2012,11,Nov,6,1,Tuesday,1,98248,3169.29,256,6201,31
2012-11-07,2012,11,Nov,7,2,Wednesday,1,152875,3555.23,474,7088,43
2012-11-08,2012,11,Nov,8,3,Thursday,1,90705,3779.38,286,6834,24
2012-11-09,2012,11,Nov,9,4,Friday,1,93127,3880.29,340,6880,24
2012-11-10,2012,11,Nov,10,5,Saturday,0,67384,2807.67,371,4762,24
2012-11-11,2012,11,Nov,11,6,Sunday,0,101193,1909.3,304,4169,53
2012-11-12,2012,11,Nov,12,0,Monday,1,74086,2963.44,263,5390,25
2012-11-13,2012,11,Nov,13,1,Tuesday,1,93197,3727.88,290,6529,25
2012-11-14,2012,11,Nov,14,2,Wednesday,1,95604,3983.5,252,7189,24
2012-11-15,2012,11,Nov,15,3,Thursday,1,88701,3856.57,294,6761,23
2012-11-16,2012,11,Nov,16,4,Friday,1,90657,3777.38,332,6517,24
2012-11-17,2012,11,Nov,17,5,Saturday,0,63916,2778.96,404,4753,23
2012-11-18,2012,11,Nov,18,6,Sunday,0,55934,2330.58,293,4368,24
2012-11-19,2012,11,Nov,19,0,Monday,1,84382,3515.92,268,6831,24
2012-11-20,2012,11,Nov,20,1,Tuesday,1,89479,3728.29,254,6824,24
2012-11-21,2012,11,Nov,21,2,Wednesday,1,124163,4005.26,269,6138,31
2012-11-22,2012,11,Nov,22,3,Thursday,1,47386,1974.42,252,3461,24
2012-11-23,2012,11,Nov,23,4,Friday,1,85336,2585.94,341,4231,33
2012-11-24,2012,11,Nov,24,5,Saturday,0,53954,2345.83,299,4494,23
2012-11-25,2012,11,Nov,25,6,Sunday,0,54139,2353.87,271,4880,23
2012-11-26,2012,11,Nov,26,0,Monday,1,76540,3327.83,258,6752,23
2012-11-27,2012,11,Nov,27,1,Tuesday,1,85147,3547.79,247,6768,24
2012-11-28,2012,11,Nov,28,2,Wednesday,1,85818,3575.75,245,6995,24
2012-11-29,2012,11,Nov,29,3,Thursday,1,87058,3785.13,279,7020,23
2012-11-30,2012,11,Nov,30,4,Friday,1,87308,3796.0,340,6749,23
2012-12-01,2012,12,Dec,1,5,Saturday,0,121619,3378.31,384,5231,36
2012-12-02,2012,12,Dec,2,6,Sunday,0,75663,2522.1,301,4329,30
2012-12-03,2012,12,Dec,3,0,Monday,1,115016,3286.17,234,6393,35
2012-12-04,2012,12,Dec,4,1,Tuesday,1,103001,3814.85,253,7051,27
2012-12-05,2012,12,Dec,5,2,Wednesday,1,87489,3803.87,264,6888,23
2012-12-06,2012,12,Dec,6,3,Thursday,1,90901,3787.54,273,6789,24
2012-12-07,2012,12,Dec,7,4,Friday,1,89706,3737.75,322,6082,24
2012-12-08,2012,12,Dec,8,5,Saturday,0,79458,3056.08,356,5327,26
2012-12-09,2012,12,Dec,9,6,Sunday,0,29008,1261.22,291,2483,23
2012-12-10,2012,12,Dec,10,0,Monday,1,195340,2915.52,216,4685,67
2012-12-11,2012,12,Dec,11,1,Tuesday,1,79143,3043.96,255,5325,26
2012-12-12,2012,12,Dec,12,2,Wednesday,1,94193,3248.03,245,6208,29
2012-12-13,2012,12,Dec,13,3,Thursday,1,87392,3495.68,268,6385,25
2012-12-14,2012,12,Dec,14,4,Friday,1,97124,3735.54,371,6507,26
2012-12-15,2012,12,Dec,15,5,Saturday,0,63738,2549.52,385,4347,25
2012-12-16,2012,12,Dec,16,6,Sunday,0,180334,2226.35,271,4130,81
2012-12-17,2012,12,Dec,17,0,Monday,1,83970,3110.0,250,6520,27
2012-12-18,2012,12,Dec,18,1,Tuesday,1,144722,4020.06,248,6656,36
2012-12-19,2012,12,Dec,19,2,Wednesday,1,154038,3500.86,278,6803,44
2012-12-20,2012,12,Dec,20,3,Thursday,1,98935,3533.39,281,6333,28
2012-12-21,2012,12,Dec,21,4,Friday,1,127626,3449.35,318,5999,37
2012-12-22,2012,12,Dec,22,5,Saturday,0,61985,2582.71,394,4678,24
2012-12-23,2012,12,Dec,23,6,Sunday,0,49031,2131.78,261,4039,23
2012-12-24,2012,12,Dec,24,0,Monday,1,54436,2268.17,250,4048,24
2012-12-25,2012,12,Dec,25,1,Tuesday,1,40082,1603.28,125,2944,25
2012-12-26,2012,12,Dec,26,2,Wednesday,1,70787,2949.46,252,5489,24
2012-12-27,2012,12,Dec,27,3,Thursday,1,75138,3130.75,301,5652,24
2012-12-28,2012,12,Dec,28,4,Friday,1,102880,3215.0,346,5441,32
2012-12-29,2012,12,Dec,29,5,Saturday,0,96681,2358.07,357,4732,41
2012-12-30,2012,12,Dec,30,6,Sunday,0,66016,2357.71,270,4644,28
2012-12-31,2012,12,Dec,31,0,Monday,1,75720,3028.8,295,4976,25
2013-01-01,2013,1,Jan,1,1,Tuesday,1,39817,1659.04,372,3121,24
2013-01-02,2013,1,Jan,2,2,Wednesday,1,90601,3355.59,243,5829,27
2013-01-03,2013,1,Jan,3,3,Thursday,1,148677,3539.93,276,6431,42
2013-01-04,2013,1,Jan,4,4,Friday,1,105487,3402.81,301,6380,31
2013-01-05,2013,1,Jan,5,5,Saturday,0,55251,2907.95,375,4406,19
2013-01-06,2013,1,Jan,6,6,Sunday,0,58381,2085.04,256,4074,28
2013-01-07,2013,1,Jan,7,0,Monday,1,80652,3360.5,248,6681,24
2013-01-08,2013,1,Jan,8,1,Tuesday,1,74018,3364.45,230,6771,22
2013-01-09,2013,1,Jan,9,2,Wednesday,1,74978,3748.9,271,6852,20
2013-01-10,2013,1,Jan,10,3,Thursday,1,24944,2771.56,314,5886,9
2013-01-11,2013,1,Jan,11,4,Friday,1,109877,3329.61,308,6029,33
2013-01-12,2013,1,Jan,12,5,Saturday,0,140880,2762.35,353,4557,51
2013-01-13,2013,1,Jan,13,6,Sunday,0,38604,1838.29,199,3907,21
2013-01-14,2013,1,Jan,14,0,Monday,1,110040,3668.0,222,6579,30
2013-01-15,2013,1,Jan,15,1,Tuesday,1,73719,3350.86,246,6493,22
2013-01-16,2013,1,Jan,16,2,Wednesday,1,84035,3819.77,249,6465,22
2013-01-17,2013,1,Jan,17,3,Thursday,1,99157,3813.73,279,6857,26
2013-01-18,2013,1,Jan,18,4,Friday,1,87969,3665.38,301,6514,24
2013-01-19,2013,1,Jan,19,5,Saturday,0,66082,2753.42,353,4973,24
2013-01-20,2013,1,Jan,20,6,Sunday,0,39631,2201.72,246,4028,18
2013-01-21,2013,1,Jan,21,0,Monday,1,57331,2730.05,270,4561,21
2013-01-22,2013,1,Jan,22,1,Tuesday,1,65215,3432.37,185,6331,19
2013-01-23,2013,1,Jan,23,2,Wednesday,1,83333,3787.86,248,6606,22
2013-01-24,2013,1,Jan,24,3,Thursday,1,82285,3740.23,254,6870,22
2013-01-25,2013,1,Jan,25,4,Friday,1,65526,3640.33,283,6593,18
2013-01-26,2013,1,Jan,26,5,Saturday,0,16041,2005.12,385,4947,8
2013-01-27,2013,1,Jan,27,6,Sunday,0,28477,1898.47,462,3813,15
2013-01-28,2013,1,Jan,28,0,Monday,1,60492,3360.67,261,5708,18
2013-01-29,2013,1,Jan,29,1,Tuesday,1,434,434.0,434,434,1
2013-01-30,2013,1,Jan,30,2,Wednesday,1,90004,3913.22,243,6945,23
2013-01-31,2013,1,Jan,31,3,Thursday,1,74542,3388.27,261,6485,22
2013-02-01,2013,2,Feb,1,4,Friday,1,85403,3558.46,291,6681,24
2013-02-02,2013,2,Feb,2,5,Saturday,0,67192,2799.67,354,4907,24
2013-02-03,2013,2,Feb,3,6,Sunday,0,49492,2151.83,255,4665,23
2013-02-04,2013,2,Feb,4,0,Monday,1,79753,3323.04,265,6316,24
2013-02-05,2013,2,Feb,5,1,Tuesday,1,76026,3455.73,243,6242,22
2013-02-06,2013,2,Feb,6,2,Wednesday,1,64135,3375.53,271,6531,19
2013-02-07,2013,2,Feb,7,3,Thursday,1,67814,3767.44,372,6497,18
2013-02-08,2013,2,Feb,8,4,Friday,1,100338,3459.93,324,6710,29
2013-02-09,2013,2,Feb,9,5,Saturday,0,58724,3090.74,426,4880,19
2013-02-10,2013,2,Feb,10,6,Sunday,0,34176,1485.91,299,2460,23
2013-02-11,2013,2,Feb,11,0,Monday,1,184535,3481.79,252,6202,53
2013-02-12,2013,2,Feb,12,1,Tuesday,1,81913,3276.52,289,6655,25
2013-02-13,2013,2,Feb,13,2,Wednesday,1,70715,3535.75,264,6759,20
2013-02-14,2013,2,Feb,14,3,Thursday,1,126711,3620.31,278,6943,35
2013-02-15,2013,2,Feb,15,4,Friday,1,78901,3156.04,349,6660,25
2013-02-16,2013,2,Feb,16,5,Saturday,0,67101,2917.43,341,4880,23
2013-02-17,2013,2,Feb,17,6,Sunday,0,67234,2585.92,268,4422,26
2013-02-18,2013,2,Feb,18,0,Monday,1,74809,3117.04,295,5512,24
2013-02-19,2013,2,Feb,19,1,Tuesday,1,74957,3569.38,235,6996,21
2013-02-20,2013,2,Feb,20,2,Wednesday,1,56808,3550.5,220,6723,16
2013-02-21,2013,2,Feb,21,3,Thursday,1,79255,3962.75,244,6986,20
2013-02-22,2013,2,Feb,22,4,Friday,1,73732,3072.17,309,5830,24
2013-02-23,2013,2,Feb,23,5,Saturday,0,90107,2310.44,367,4776,39
2013-02-24,2013,2,Feb,24,6,Sunday,0,60534,2087.38,252,4473,29
2013-02-25,2013,2,Feb,25,0,Monday,1,96105,3100.16,229,6920,31
2013-02-26,2013,2,Feb,26,1,Tuesday,1,103904,3710.86,229,6776,28
2013-02-27,2013,2,Feb,27,2,Wednesday,1,130942,3851.24,263,7067,34
2013-02-28,2013,2,Feb,28,3,Thursday,1,66710,3511.05,256,7029,19
2013-03-01,2013,3,Mar,1,4,Friday,1,90698,3943.39,345,6864,23
2013-03-02,2013,3,Mar,2,5,Saturday,0,69385,3016.74,371,5219,23
2013-03-03,2013,3,Mar,3,6,Sunday,0,56799,2581.77,277,4356,22
2013-03-04,2013,3,Mar,4,0,Monday,1,61653,3082.65,256,6235,20
2013-03-05,2013,3,Mar,5,1,Tuesday,1,67892,2514.52,289,4805,27
2013-03-06,2013,3,Mar,6,2,Wednesday,1,78973,3158.92,266,6720,25
2013-03-07,2013,3,Mar,7,3,Thursday,1,55751,3484.44,295,6920,16
2013-03-08,2013,3,Mar,8,4,Friday,1,98409,3514.61,352,6023,28
2013-03-09,2013,3,Mar,9,5,Saturday,0,52390,2619.5,389,4776,20
2013-03-10,2013,3,Mar,10,6,Sunday,0,101847,2263.27,380,4230,45
2013-03-11,2013,3,Mar,11,0,Monday,1,60972,2650.96,362,6607,23
2013-03-12,2013,3,Mar,12,1,Tuesday,1,49845,3834.23,258,6558,13
2013-03-13,2013,3,Mar,13,2,Wednesday,1,53298,3807.0,368,6850,14
2013-03-14,2013,3,Mar,14,3,Thursday,1,51700,3446.67,331,5718,15
2013-03-15,2013,3,Mar,15,4,Friday,1,58585,3661.56,356,6289,16
2013-03-16,2013,3,Mar,16,5,Saturday,0,97894,3263.13,369,5155,30
2013-03-17,2013,3,Mar,17,6,Sunday,0,31553,2253.79,308,4319,14
2013-03-18,2013,3,Mar,18,0,Monday,1,36201,2784.69,308,5339,13
2013-03-19,2013,3,Mar,19,1,Tuesday,1,120181,4292.18,317,6574,28
2013-03-20,2013,3,Mar,20,2,Wednesday,1,84165,3825.68,282,6761,22
2013-03-21,2013,3,Mar,21,3,Thursday,1,91696,3820.67,282,6847,24
2013-03-22,2013,3,Mar,22,4,Friday,1,93059,3877.46,360,6497,24
2013-03-23,2013,3,Mar,23,5,Saturday,0,74477,3103.21,394,6264,24
2013-03-24,2013,3,Mar,24,6,Sunday,0,59275,2469.79,277,4652,24
2013-03-25,2013,3,Mar,25,0,Monday,1,94098,3619.15,298,6581,26
2013-03-26,2013,3,Mar,26,1,Tuesday,1,84117,3504.88,221,6784,24
2013-03-27,2013,3,Mar,27,2,Wednesday,1,84465,3672.39,264,6743,23
2013-03-28,2013,3,Mar,28,3,Thursday,1,88677,3694.88,296,6780,24
2013-03-29,2013,3,Mar,29,4,Friday,1,87371,3640.46,304,5998,24
2013-03-30,2013,3,Mar,30,5,Saturday,0,64400,2683.33,339,4502,24
2013-03-31,2013,3,Mar,31,6,Sunday,0,72590,1961.89,245,4246,37
2013-04-01,2013,4,Apr,1,0,Monday,1,72290,3442.38,248,6597,21
2013-04-02,2013,4,Apr,2,1,Tuesday,1,88319,3679.96,267,7009,24
2013-04-03,2013,4,Apr,3,2,Wednesday,1,91300,3804.17,268,6637,24
2013-04-04,2013,4,Apr,4,3,Thursday,1,89685,3899.35,275,6841,23
2013-04-05,2013,4,Apr,5,4,Friday,1,86980,3781.74,310,6756,23
2013-04-06,2013,4,Apr,6,5,Saturday,0,104007,3250.22,349,5007,32
2013-04-07,2013,4,Apr,7,6,Sunday,0,87275,2727.34,284,4342,32
2013-04-08,2013,4,Apr,8,0,Monday,1,92919,3204.1,262,6971,29
2013-04-09,2013,4,Apr,9,1,Tuesday,1,140982,3204.14,268,7110,44
2013-04-10,2013,4,Apr,10,2,Wednesday,1,111378,3592.84,227,6812,31
2013-04-11,2013,4,Apr,11,3,Thursday,1,77408,2419.0,238,5668,32
2013-04-12,2013,4,Apr,12,4,Friday,1,222995,4288.37,309,6595,52
2013-04-13,2013,4,Apr,13,5,Saturday,0,100250,2506.25,351,5311,40
2013-04-14,2013,4,Apr,14,6,Sunday,0,54096,1803.2,253,3946,30
2013-04-15,2013,4,Apr,15,0,Monday,1,150100,4056.76,233,7082,37
2013-04-16,2013,4,Apr,16,1,Tuesday,1,89497,3729.04,234,7016,24
2013-04-17,2013,4,Apr,17,2,Wednesday,1,84242,3662.7,239,7039,23
2013-04-18,2013,4,Apr,18,3,Thursday,1,103497,2464.21,264,7150,42
2013-04-19,2013,4,Apr,19,4,Friday,1,210619,3510.32,261,6160,60
2013-04-20,2013,4,Apr,20,5,Saturday,0,91162,2604.63,390,5053,35
2013-04-21,2013,4,Apr,21,6,Sunday,0,58420,2434.17,273,4542,24
2013-04-22,2013,4,Apr,22,0,Monday,1,115291,3202.53,278,7062,36
2013-04-23,2013,4,Apr,23,1,Tuesday,1,174173,3786.37,240,6519,46
2013-04-24,2013,4,Apr,24,2,Wednesday,1,85793,3064.04,276,6725,28
2013-04-25,2013,4,Apr,25,3,Thursday,1,105507,4057.96,276,6813,26
2013-04-26,2013,4,Apr,26,4,Friday,1,94131,3922.12,296,7009,24
2013-04-27,2013,4,Apr,27,5,Saturday,0,74851,2994.04,371,5426,25
2013-04-28,2013,4,Apr,28,6,Sunday,0,63595,2649.79,284,5034,24
2013-04-29,2013,4,Apr,29,0,Monday,1,87105,3629.38,267,6851,24
2013-04-30,2013,4,Apr,30,1,Tuesday,1,90075,3753.12,275,7217,24
2013-05-01,2013,5,May,1,2,Wednesday,1,85211,3704.83,283,6421,23
2013-05-02,2013,5,May,2,3,Thursday,1,179872,4387.12,268,6818,41
2013-05-03,2013,5,May,3,4,Friday,1,92250,3690.0,337,6478,25
2013-05-04,2013,5,May,4,5,Saturday,0,176130,3594.49,361,4991,49
2013-05-05,2013,5,May,5,6,Sunday,0,63804,2552.16,314,5734,25
2013-05-06,2013,5,May,6,0,Monday,1,86682,3611.75,284,6970,24
2013-05-07,2013,5,May,7,1,Tuesday,1,92101,3837.54,259,6763,24
2013-05-08,2013,5,May,8,2,Wednesday,1,90104,3754.33,298,6888,24
2013-05-09,2013,5,May,9,3,Thursday,1,128416,3776.94,262,6800,34
2013-05-10,2013,5,May,10,4,Friday,1,99776,3837.54,292,6802,26
2013-05-11,2013,5,May,11,5,Saturday,0,52496,2187.33,304,3793,24
2013-05-12,2013,5,May,12,6,Sunday,0,46110,1844.4,226,3311,25
2013-05-13,2013,5,May,13,0,Monday,1,86515,3604.79,227,6969,24
2013-05-14,2013,5,May,14,1,Tuesday,1,91484,3811.83,238,6653,24
2013-05-15,2013,5,May,15,2,Wednesday,1,92334,3847.25,261,6624,24
2013-05-16,2013,5,May,16,3,Thursday,1,92107,3837.79,277,6642,24
2013-05-17,2013,5,May,17,4,Friday,1,86036,3740.7,311,6778,23
2013-05-18,2013,5,May,18,5,Saturday,0,112122,3297.71,352,4935,34
2013-05-19,2013,5,May,19,6,Sunday,0,120080,2309.23,318,4679,52
2013-05-20,2013,5,May,20,0,Monday,1,180976,4208.74,325,6369,43
2013-05-21,2013,5,May,21,1,Tuesday,1,138453,3550.08,258,6768,39
2013-05-22,2013,5,May,22,2,Wednesday,1,167875,3571.81,228,6880,47
2013-05-23,2013,5,May,23,3,Thursday,1,152199,3902.54,280,6717,39
2013-05-24,2013,5,May,24,4,Friday,1,86506,3604.42,325,6372,24
2013-05-25,2013,5,May,25,5,Saturday,0,66775,2473.15,323,4537,27
2013-05-26,2013,5,May,26,6,Sunday,0,51576,1983.69,255,3637,26
2013-05-27,2013,5,May,27,0,Monday,1,47207,1966.96,264,3812,24
2013-05-28,2013,5,May,28,1,Tuesday,1,91766,3398.74,268,6658,27
2013-05-29,2013,5,May,29,2,Wednesday,1,121082,4175.24,243,7068,29
2013-05-30,2013,5,May,30,3,Thursday,1,114183,3806.1,250,6778,30
2013-05-31,2013,5,May,31,4,Friday,1,110005,3055.69,339,6653,36
2013-06-01,2013,6,Jun,1,5,Saturday,0,72545,2590.89,421,4975,28
2013-06-02,2013,6,Jun,2,6,Sunday,0,72473,2787.42,355,4702,26
2013-06-03,2013,6,Jun,3,0,Monday,1,86735,3613.96,319,6746,24
2013-06-04,2013,6,Jun,4,1,Tuesday,1,88972,3707.17,256,6852,24
2013-06-05,2013,6,Jun,5,2,Wednesday,1,110133,3671.1,249,6762,30
2013-06-06,2013,6,Jun,6,3,Thursday,1,195410,4071.04,281,6744,48
2013-06-07,2013,6,Jun,7,4,Friday,1,121360,4045.33,321,6787,30
2013-06-08,2013,6,Jun,8,5,Saturday,0,67975,2832.29,414,4535,24
2013-06-09,2013,6,Jun,9,6,Sunday,0,61029,2441.16,481,4300,25
2013-06-10,2013,6,Jun,10,0,Monday,1,147542,4215.49,292,6873,35
2013-06-11,2013,6,Jun,11,1,Tuesday,1,111220,3587.74,284,6738,31
2013-06-12,2013,6,Jun,12,2,Wednesday,1,103535,3697.68,266,6759,28
2013-06-13,2013,6,Jun,13,3,Thursday,1,139085,3660.13,328,6535,38
2013-06-14,2013,6,Jun,14,4,Friday,1,92567,3856.96,382,6651,24
2013-06-15,2013,6,Jun,15,5,Saturday,0,66871,2786.29,389,4761,24
2013-06-16,2013,6,Jun,16,6,Sunday,0,81991,2827.28,335,4472,29
2013-06-17,2013,6,Jun,17,0,Monday,1,90719,3489.19,298,6520,26
2013-06-18,2013,6,Jun,18,1,Tuesday,1,92900,3870.83,314,6910,24
2013-06-19,2013,6,Jun,19,2,Wednesday,1,38153,3179.42,276,6708,12
2013-06-20,2013,6,Jun,20,3,Thursday,1,43868,4386.8,880,6065,10
2013-06-21,2013,6,Jun,21,4,Friday,1,14531,1816.38,324,6138,8
2013-06-22,2013,6,Jun,22,5,Saturday,0,22423,1121.15,380,3753,20
2013-06-23,2013,6,Jun,23,6,Sunday,0,38638,1839.9,635,4603,21
2013-06-24,2013,6,Jun,24,0,Monday,1,108784,4029.04,324,6366,27
2013-06-25,2013,6,Jun,25,1,Tuesday,1,104500,4019.23,278,6724,26
2013-06-26,2013,6,Jun,26,2,Wednesday,1,92408,3850.33,308,6605,24
2013-06-27,2013,6,Jun,27,3,Thursday,1,94136,3922.33,336,6337,24
2013-06-28,2013,6,Jun,28,4,Friday,1,88023,3827.09,370,6507,23
2013-06-29,2013,6,Jun,29,5,Saturday,0,71112,2963.0,410,5234,24
2013-06-30,2013,6,Jun,30,6,Sunday,0,66937,2231.23,354,4452,30
2013-07-01,2013,7,Jul,1,0,Monday,1,87714,3654.75,341,6783,24
2013-07-02,2013,7,Jul,2,1,Tuesday,1,91166,3798.58,333,6759,24
2013-07-03,2013,7,Jul,3,2,Wednesday,1,85164,3702.78,364,6321,23
2013-07-04,2013,7,Jul,4,3,Thursday,1,50356,2098.17,333,3526,24
2013-07-05,2013,7,Jul,5,4,Friday,1,69150,3006.52,334,4879,23
2013-07-06,2013,7,Jul,6,5,Saturday,0,55512,2413.57,366,3957,23
2013-07-07,2013,7,Jul,7,6,Sunday,0,59882,2495.08,359,4379,24
2013-07-08,2013,7,Jul,8,0,Monday,1,89697,3587.88,306,6773,25
2013-07-09,2013,7,Jul,9,1,Tuesday,1,104576,3873.19,308,6680,27
2013-07-10,2013,7,Jul,10,2,Wednesday,1,110185,4080.93,345,6777,27
2013-07-11,2013,7,Jul,11,3,Thursday,1,87530,3805.65,316,6508,23
2013-07-12,2013,7,Jul,12,4,Friday,1,89661,3898.3,384,6613,23
2013-07-13,2013,7,Jul,13,5,Saturday,0,67032,2793.0,395,4752,24
2013-07-14,2013,7,Jul,14,6,Sunday,0,77449,2277.91,381,4438,34
2013-07-15,2013,7,Jul,15,0,Monday,1,45425,3028.33,293,6388,15
2013-07-16,2013,7,Jul,16,1,Tuesday,1,79930,3806.19,277,6550,21
2013-07-17,2013,7,Jul,17,2,Wednesday,1,84570,3844.09,284,6659,22
2013-07-18,2013,7,Jul,18,3,Thursday,1,84425,3837.5,314,6477,22
2013-07-19,2013,7,Jul,19,4,Friday,1,94970,4129.13,404,6525,23
2013-07-20,2013,7,Jul,20,5,Saturday,0,69781,3033.96,426,5077,23
2013-07-21,2013,7,Jul,21,6,Sunday,0,61746,2469.84,329,4505,25
2013-07-22,2013,7,Jul,22,0,Monday,1,113865,4066.61,291,6403,28
2013-07-23,2013,7,Jul,23,1,Tuesday,1,84405,3669.78,274,6266,23
2013-07-24,2013,7,Jul,24,2,Wednesday,1,84087,4004.14,314,6566,21
2013-07-25,2013,7,Jul,25,3,Thursday,1,92818,3867.42,310,6423,24
2013-07-26,2013,7,Jul,26,4,Friday,1,81614,3548.43,332,6509,23
2013-07-27,2013,7,Jul,27,5,Saturday,0,66757,2670.28,402,4591,25
2013-07-28,2013,7,Jul,28,6,Sunday,0,65820,2632.8,318,4706,25
2013-07-29,2013,7,Jul,29,0,Monday,1,82830,3601.3,324,6505,23
2013-07-30,2013,7,Jul,30,1,Tuesday,1,86739,3771.26,283,7070,23
2013-07-31,2013,7,Jul,31,2,Wednesday,1,136151,4004.44,287,6866,34
2013-08-01,2013,8,Aug,1,3,Thursday,1,118021,3934.03,344,6440,30
2013-08-02,2013,8,Aug,2,4,Friday,1,95841,3993.38,390,6342,24
2013-08-03,2013,8,Aug,3,5,Saturday,0,63069,2866.77,406,4677,22
2013-08-04,2013,8,Aug,4,6,Sunday,0,61328,2555.33,337,4572,24
2013-08-05,2013,8,Aug,5,0,Monday,1,86110,3743.91,321,6597,23
2013-08-06,2013,8,Aug,6,1,Tuesday,1,109600,3535.48,292,6791,31
2013-08-07,2013,8,Aug,7,2,Wednesday,1,69741,3487.05,315,6986,20
2013-08-08,2013,8,Aug,8,3,Thursday,1,91092,4140.55,300,6771,22
2013-08-09,2013,8,Aug,9,4,Friday,1,87970,3998.64,370,6474,22
2013-08-10,2013,8,Aug,10,5,Saturday,0,67978,3089.91,463,4721,22
2013-08-11,2013,8,Aug,11,6,Sunday,0,58849,2558.65,315,4591,23
2013-08-12,2013,8,Aug,12,0,Monday,1,89032,3709.67,296,6583,24
2013-08-13,2013,8,Aug,13,1,Tuesday,1,93151,3881.29,311,6720,24
2013-08-14,2013,8,Aug,14,2,Wednesday,1,70796,3726.11,271,6599,19
2013-08-15,2013,8,Aug,15,3,Thursday,1,56210,3513.12,334,6630,16
2013-08-16,2013,8,Aug,16,4,Friday,1,84003,4200.15,381,6585,20
2013-08-17,2013,8,Aug,17,5,Saturday,0,69471,2894.62,397,4728,24
2013-08-18,2013,8,Aug,18,6,Sunday,0,62237,2705.96,301,4601,23
2013-08-19,2013,8,Aug,19,0,Monday,1,88257,3677.38,307,6655,24
2013-08-20,2013,8,Aug,20,1,Tuesday,1,91782,3824.25,294,6865,24
2013-08-21,2013,8,Aug,21,2,Wednesday,1,88297,3839.0,330,6714,23
2013-08-22,2013,8,Aug,22,3,Thursday,1,92767,3865.29,302,6823,24
2013-08-23,2013,8,Aug,23,4,Friday,1,93126,4048.96,369,6693,23
2013-08-24,2013,8,Aug,24,5,Saturday,0,42727,3051.93,422,5154,14
2013-08-25,2013,8,Aug,25,6,Sunday,0,64979,2953.59,377,4851,22
2013-08-26,2013,8,Aug,26,0,Monday,1,84043,3820.14,328,6512,22
2013-08-27,2013,8,Aug,27,1,Tuesday,1,18972,3162.0,620,6653,6
2013-08-28,2013,8,Aug,28,2,Wednesday,1,38545,3212.08,318,6760,12
2013-08-29,2013,8,Aug,29,3,Thursday,1,63247,4517.64,643,7023,14
2013-08-30,2013,8,Aug,30,4,Friday,1,115037,4108.46,377,6601,28
2013-08-31,2013,8,Aug,31,5,Saturday,0,1321,1321.0,1321,1321,1
2013-09-01,2013,9,Sep,1,6,Sunday,0,1712,1712.0,1712,1712,1
2013-09-02,2013,9,Sep,2,0,Monday,1,53637,2438.05,259,4454,22
2013-09-03,2013,9,Sep,3,1,Tuesday,1,1462,365.5,223,573,4
2013-09-04,2013,9,Sep,4,2,Wednesday,1,70067,4671.13,2027,6455,15
2013-09-05,2013,9,Sep,5,3,Thursday,1,54318,3621.2,292,6276,15
2013-09-06,2013,9,Sep,6,4,Friday,1,57090,3806.0,306,6535,15
2013-09-07,2013,9,Sep,7,5,Saturday,0,17331,1925.67,433,3792,9
2013-09-08,2013,9,Sep,8,6,Sunday,0,37779,3148.25,553,4326,12
2013-09-09,2013,9,Sep,9,0,Monday,1,128138,4133.48,284,6641,31
2013-09-10,2013,9,Sep,10,1,Tuesday,1,63195,3717.35,252,6400,17
2013-09-11,2013,9,Sep,11,2,Wednesday,1,71634,3979.67,286,6640,18
2013-09-12,2013,9,Sep,12,3,Thursday,1,17652,2942.0,282,5687,6
2013-09-13,2013,9,Sep,13,4,Friday,1,67463,3968.41,358,6435,17
2013-09-14,2013,9,Sep,14,5,Saturday,0,68420,2850.83,574,4782,24
2013-09-15,2013,9,Sep,15,6,Sunday,0,46871,1952.96,289,4523,24
2013-09-16,2013,9,Sep,16,0,Monday,1,43499,2899.93,237,6158,15
2013-09-17,2013,9,Sep,17,1,Tuesday,1,66667,3030.32,233,6605,22
2013-09-18,2013,9,Sep,18,2,Wednesday,1,77737,3379.87,331,6807,23
2013-09-19,2013,9,Sep,19,3,Thursday,1,62243,3661.35,260,6720,17
2013-09-20,2013,9,Sep,20,4,Friday,1,54638,3642.53,312,6055,15
2013-09-21,2013,9,Sep,21,5,Saturday,0,21146,2114.6,416,4042,10
2013-09-22,2013,9,Sep,22,6,Sunday,0,31499,2863.55,663,4883,11
2013-09-23,2013,9,Sep,23,0,Monday,1,24324,3474.86,261,6679,7
2013-09-24,2013,9,Sep,24,1,Tuesday,1,45905,3825.42,376,6069,12
2013-09-25,2013,9,Sep,25,2,Wednesday,1,61857,3638.65,241,6000,17
2013-09-26,2013,9,Sep,26,3,Thursday,1,86679,3939.95,270,6709,22
2013-09-27,2013,9,Sep,27,4,Friday,1,84531,3842.32,315,6637,22
2013-09-28,2013,9,Sep,28,5,Saturday,0,70059,3184.5,432,5208,22
2013-09-29,2013,9,Sep,29,6,Sunday,0,57041,2592.77,329,4794,22
2013-09-30,2013,9,Sep,30,0,Monday,1,29001,2636.45,270,6469,11
2013-10-01,2013,10,Oct,1,1,Tuesday,1,3969,1984.5,1299,2670,2
2013-10-02,2013,10,Oct,2,2,Wednesday,1,2697,899.0,899,899,3
2013-10-03,2013,10,Oct,3,3,Thursday,1,104606,4184.24,273,6529,25
2013-10-04,2013,10,Oct,4,4,Friday,1,81494,3880.67,343,6680,21
2013-10-05,2013,10,Oct,5,5,Saturday,0,88905,2778.28,373,5739,32
2013-10-06,2013,10,Oct,6,6,Sunday,0,119370,3315.83,344,6645,36
2013-10-07,2013,10,Oct,7,0,Monday,1,55357,3459.81,227,6527,16
2013-10-08,2013,10,Oct,8,1,Tuesday,1,48371,4030.92,213,6795,12
2013-10-09,2013,10,Oct,9,2,Wednesday,1,90305,3762.71,272,6709,24
2013-10-10,2013,10,Oct,10,3,Thursday,1,93963,3915.12,271,6668,24
2013-10-11,2013,10,Oct,11,4,Friday,1,68304,3794.67,316,6775,18
2013-10-12,2013,10,Oct,12,5,Saturday,0,48257,3446.93,418,5463,14
2013-10-13,2013,10,Oct,13,6,Sunday,0,23723,2635.89,351,5353,9
2013-10-14,2013,10,Oct,14,0,Monday,1,43799,3369.15,291,5737,13
2013-10-15,2013,10,Oct,15,1,Tuesday,1,111309,3710.3,340,6237,30
2013-10-16,2013,10,Oct,16,2,Wednesday,1,55965,3997.5,268,6344,14
2013-10-17,2013,10,Oct,17,3,Thursday,1,93137,3880.71,344,6659,24
2013-10-18,2013,10,Oct,18,4,Friday,1,79482,3057.0,341,6277,26
2013-10-19,2013,10,Oct,19,5,Saturday,0,56258,2960.95,393,5508,19
2013-10-20,2013,10,Oct,20,6,Sunday,0,54410,3022.78,394,4655,18
2013-10-21,2013,10,Oct,21,0,Monday,1,64749,4316.6,1018,6827,15
2013-10-22,2013,10,Oct,22,1,Tuesday,1,37468,3406.18,251,6876,11
2013-10-23,2013,10,Oct,23,2,Wednesday,1,47005,4273.18,1041,6922,11
2013-10-24,2013,10,Oct,24,3,Thursday,1,29914,4985.67,1400,7094,6
2013-10-25,2013,10,Oct,25,4,Friday,1,44790,4479.0,2088,6771,10
2013-10-26,2013,10,Oct,26,5,Saturday,0,34118,4264.75,2555,6116,8
2013-10-27,2013,10,Oct,27,6,Sunday,0,822,822.0,822,822,1
2013-11-06,2013,11,Nov,6,2,Wednesday,1,74278,4126.56,859,6934,18
2013-11-07,2013,11,Nov,7,3,Thursday,1,72164,3798.11,263,7110,19
2013-11-08,2013,11,Nov,8,4,Friday,1,88867,3863.78,317,6703,23
2013-11-09,2013,11,Nov,9,5,Saturday,0,66151,2876.13,373,4537,23
2013-11-10,2013,11,Nov,10,6,Sunday,0,53910,2246.25,260,4319,24
2013-11-11,2013,11,Nov,11,0,Monday,1,73855,3211.09,215,6170,23
2013-11-12,2013,11,Nov,12,1,Tuesday,1,88743,3697.62,206,6874,24
2013-11-13,2013,11,Nov,13,2,Wednesday,1,91934,3830.58,259,7020,24
2013-11-14,2013,11,Nov,14,3,Thursday,1,85991,3738.74,255,6866,23
2013-11-15,2013,11,Nov,15,4,Friday,1,108368,4168.0,315,6789,26
2013-11-16,2013,11,Nov,16,5,Saturday,0,107197,3152.85,387,4592,34
2013-11-17,2013,11,Nov,17,6,Sunday,0,52480,2186.67,289,4351,24
2013-11-18,2013,11,Nov,18,0,Monday,1,67409,3209.95,249,6964,21
2013-11-19,2013,11,Nov,19,1,Tuesday,1,88591,3691.29,208,7015,24
2013-11-20,2013,11,Nov,20,2,Wednesday,1,95608,3677.23,262,7107,26
2013-11-21,2013,11,Nov,21,3,Thursday,1,100484,3864.77,289,6485,26
2013-11-22,2013,11,Nov,22,4,Friday,1,95120,3963.33,332,6641,24
2013-11-23,2013,11,Nov,23,5,Saturday,0,66586,2774.42,362,5311,24
2013-11-24,2013,11,Nov,24,6,Sunday,0,53237,2218.21,292,4148,24
2013-11-25,2013,11,Nov,25,0,Monday,1,68181,3246.71,232,6492,21
2013-11-26,2013,11,Nov,26,1,Tuesday,1,81193,3866.33,251,6891,21
2013-11-27,2013,11,Nov,27,2,Wednesday,1,90489,3770.38,292,6366,24
2013-11-28,2013,11,Nov,28,3,Thursday,1,48235,2097.17,264,3649,23
2013-11-29,2013,11,Nov,29,4,Friday,1,63000,2739.13,319,4742,23
2013-11-30,2013,11,Nov,30,5,Saturday,0,64690,2695.42,341,4846,24
2013-12-01,2013,12,Dec,1,6,Sunday,0,60225,2509.38,296,4963,24
2013-12-02,2013,12,Dec,2,0,Monday,1,175253,3576.59,243,6277,49
2013-12-03,2013,12,Dec,3,1,Tuesday,1,221122,3948.61,272,6118,56
2013-12-04,2013,12,Dec,4,2,Wednesday,1,148693,3097.77,275,4540,48
2013-12-05,2013,12,Dec,5,3,Thursday,1,78814,3582.45,273,5792,22
2013-12-06,2013,12,Dec,6,4,Friday,1,87986,3666.08,305,6058,24
2013-12-07,2013,12,Dec,7,5,Saturday,0,58272,2648.73,317,4893,22
2013-12-08,2013,12,Dec,8,6,Sunday,0,76042,2001.11,271,3453,38
2013-12-09,2013,12,Dec,9,0,Monday,1,68186,2622.54,231,5808,26
2013-12-10,2013,12,Dec,10,1,Tuesday,1,90668,3238.14,257,6014,28
2013-12-11,2013,12,Dec,11,2,Wednesday,1,71202,3390.57,292,6274,21
2013-12-12,2013,12,Dec,12,3,Thursday,1,86391,3599.62,256,6094,24
2013-12-13,2013,12,Dec,13,4,Friday,1,93319,3589.19,296,6314,26
2013-12-14,2013,12,Dec,14,5,Saturday,0,70528,2432.0,365,4825,29
2013-12-15,2013,12,Dec,15,6,Sunday,0,54446,2268.58,270,4322,24
2013-12-16,2013,12,Dec,16,0,Monday,1,79055,3040.58,231,5626,26
2013-12-17,2013,12,Dec,17,1,Tuesday,1,82009,3565.61,286,5895,23
2013-12-18,2013,12,Dec,18,2,Wednesday,1,81064,3684.73,341,6236,22
2013-12-19,2013,12,Dec,19,3,Thursday,1,87553,3502.12,288,6310,25
2013-12-20,2013,12,Dec,20,4,Friday,1,81534,3019.78,364,5906,27
2013-12-21,2013,12,Dec,21,5,Saturday,0,60997,2652.04,336,4751,23
2013-12-22,2013,12,Dec,22,6,Sunday,0,44099,2004.5,272,3846,22
2013-12-23,2013,12,Dec,23,0,Monday,1,76444,2730.14,278,5294,28
2013-12-24,2013,12,Dec,24,1,Tuesday,1,67166,2166.65,258,4324,31
2013-12-25,2013,12,Dec,25,2,Wednesday,1,48884,1527.62,164,2735,32
2013-12-26,2013,12,Dec,26,3,Thursday,1,72800,2912.0,247,5135,25
2013-12-27,2013,12,Dec,27,4,Friday,1,70068,2694.92,308,5785,26
2013-12-28,2013,12,Dec,28,5,Saturday,0,72683,2076.66,323,4451,35
2013-12-29,2013,12,Dec,29,6,Sunday,0,47730,1988.75,300,3769,24
2013-12-30,2013,12,Dec,30,0,Monday,1,79199,2828.54,256,4855,28
2013-12-31,2013,12,Dec,31,1,Tuesday,1,69799,3034.74,288,5241,23
2014-01-01,2014,1,Jan,1,2,Wednesday,1,36024,1637.45,329,2920,22
2014-01-02,2014,1,Jan,2,3,Thursday,1,72633,3301.5,213,5654,22
2014-01-03,2014,1,Jan,3,4,Friday,1,119120,3970.67,285,5923,30
2014-01-04,2014,1,Jan,4,5,Saturday,0,56949,2277.96,318,4412,25
2014-01-05,2014,1,Jan,5,6,Sunday,0,37800,1643.48,232,3230,23
2014-01-06,2014,1,Jan,6,0,Monday,1,52177,2268.57,193,4471,23
2014-01-07,2014,1,Jan,7,1,Tuesday,1,66643,3029.23,209,5761,22
2014-01-08,2014,1,Jan,8,2,Wednesday,1,75588,3286.43,236,6280,23
2014-01-09,2014,1,Jan,9,3,Thursday,1,86346,3754.17,311,6421,23
2014-01-10,2014,1,Jan,10,4,Friday,1,89969,3332.19,287,6235,27
2014-01-11,2014,1,Jan,11,5,Saturday,0,65216,2835.48,365,4706,23
2014-01-12,2014,1,Jan,12,6,Sunday,0,47450,2063.04,261,4151,23
2014-01-13,2014,1,Jan,13,0,Monday,1,81804,3146.31,210,6276,26
2014-01-14,2014,1,Jan,14,1,Tuesday,1,102871,2780.3,242,5725,37
2014-01-15,2014,1,Jan,15,2,Wednesday,1,99185,3542.32,305,6252,28
2014-01-16,2014,1,Jan,16,3,Thursday,1,108102,3487.16,271,6413,31
2014-01-17,2014,1,Jan,17,4,Friday,1,91716,3821.5,306,6430,24
2014-01-18,2014,1,Jan,18,5,Saturday,0,61389,2557.88,389,4434,24
2014-01-19,2014,1,Jan,19,6,Sunday,0,53234,2314.52,286,4410,23
2014-01-20,2014,1,Jan,20,0,Monday,1,64242,2793.13,251,4687,23
2014-01-21,2014,1,Jan,21,1,Tuesday,1,79659,3319.12,222,6322,24
2014-01-22,2014,1,Jan,22,2,Wednesday,1,89696,3092.97,271,6427,29
2014-01-23,2014,1,Jan,23,3,Thursday,1,72270,3285.0,244,5953,22
2014-01-24,2014,1,Jan,24,4,Friday,1,99495,3430.86,279,6398,29
2014-01-25,2014,1,Jan,25,5,Saturday,0,74074,2743.48,369,4762,27
2014-01-26,2014,1,Jan,26,6,Sunday,0,50757,1492.85,303,3701,34
2014-01-27,2014,1,Jan,27,0,Monday,1,63308,2637.83,195,5028,24
2014-01-28,2014,1,Jan,28,1,Tuesday,1,75692,3153.83,194,5958,24
2014-01-29,2014,1,Jan,29,2,Wednesday,1,82841,3451.71,233,6285,24
2014-01-30,2014,1,Jan,30,3,Thursday,1,62392,2599.67,268,4730,24
2014-01-31,2014,1,Jan,31,4,Friday,1,87330,3638.75,313,5979,24
2014-02-01,2014,2,Feb,1,5,Saturday,0,68462,2852.58,347,4933,24
2014-02-02,2014,2,Feb,2,6,Sunday,0,50186,2091.08,284,4295,24
2014-02-03,2014,2,Feb,3,0,Monday,1,80300,3345.83,230,6136,24
2014-02-04,2014,2,Feb,4,1,Tuesday,1,85386,3557.75,234,6404,24
2014-02-05,2014,2,Feb,5,2,Wednesday,1,83496,3479.0,227,6415,24
2014-02-06,2014,2,Feb,6,3,Thursday,1,86518,3604.92,245,6498,24
2014-02-07,2014,2,Feb,7,4,Friday,1,89072,3711.33,308,6208,24
2014-02-08,2014,2,Feb,8,5,Saturday,0,66062,2752.58,343,4694,24
2014-02-09,2014,2,Feb,9,6,Sunday,0,54818,2284.08,264,4117,24
2014-02-10,2014,2,Feb,10,0,Monday,1,81015,3375.62,298,6403,24
2014-02-11,2014,2,Feb,11,1,Tuesday,1,81675,3403.12,212,6431,24
2014-02-12,2014,2,Feb,12,2,Wednesday,1,83492,3478.83,246,6650,24
2014-02-13,2014,2,Feb,13,3,Thursday,1,85971,3582.12,231,6404,24
2014-02-14,2014,2,Feb,14,4,Friday,1,92572,3857.17,295,6403,24
2014-02-15,2014,2,Feb,15,5,Saturday,0,60233,2509.71,334,4213,24
2014-02-16,2014,2,Feb,16,6,Sunday,0,53786,2241.08,252,4354,24
2014-02-17,2014,2,Feb,17,0,Monday,1,59325,2471.88,245,4527,24
2014-02-18,2014,2,Feb,18,1,Tuesday,1,85738,3572.42,269,6395,24
2014-02-19,2014,2,Feb,19,2,Wednesday,1,87903,3662.62,259,6660,24
2014-02-20,2014,2,Feb,20,3,Thursday,1,66920,2788.33,279,6132,24
2014-02-21,2014,2,Feb,21,4,Friday,1,46632,1943.0,218,3560,24
2014-02-22,2014,2,Feb,22,5,Saturday,0,52612,2192.17,300,3651,24
2014-02-23,2014,2,Feb,23,6,Sunday,0,50970,2123.75,290,3888,24
2014-02-24,2014,2,Feb,24,0,Monday,1,77049,3210.38,231,5983,24
2014-02-25,2014,2,Feb,25,1,Tuesday,1,82278,3047.33,244,6326,27
2014-02-26,2014,2,Feb,26,2,Wednesday,1,80697,3362.38,232,6027,24
2014-02-27,2014,2,Feb,27,3,Thursday,1,83957,3498.21,269,6224,24
2014-02-28,2014,2,Feb,28,4,Friday,1,88188,3674.5,290,6308,24
2014-03-01,2014,3,Mar,1,5,Saturday,0,65561,2731.71,364,4731,24
2014-03-02,2014,3,Mar,2,6,Sunday,0,53092,2212.17,257,4122,24
2014-03-03,2014,3,Mar,3,0,Monday,1,81978,3415.75,263,6158,24
2014-03-04,2014,3,Mar,4,1,Tuesday,1,57001,3000.05,237,5464,19
2014-03-05,2014,3,Mar,5,2,Wednesday,1,86227,3592.79,211,6350,24
2014-03-06,2014,3,Mar,6,3,Thursday,1,89294,3720.58,249,6541,24
2014-03-07,2014,3,Mar,7,4,Friday,1,90613,3775.54,315,6644,24
2014-03-08,2014,3,Mar,8,5,Saturday,0,77564,3231.83,433,5458,24
2014-03-09,2014,3,Mar,9,6,Sunday,0,61644,2680.17,433,4850,23
2014-03-10,2014,3,Mar,10,0,Monday,1,84077,3503.21,302,6260,24
2014-03-11,2014,3,Mar,11,1,Tuesday,1,87014,3625.58,278,6418,24
2014-03-12,2014,3,Mar,12,2,Wednesday,1,88496,3687.33,237,6462,24
2014-03-13,2014,3,Mar,13,3,Thursday,1,90143,3755.96,241,6598,24
2014-03-14,2014,3,Mar,14,4,Friday,1,89813,3742.21,303,6316,24
2014-03-15,2014,3,Mar,15,5,Saturday,0,70963,2956.79,355,4893,24
2014-03-16,2014,3,Mar,16,6,Sunday,0,57244,2385.17,294,4429,24
2014-03-17,2014,3,Mar,17,0,Monday,1,79298,3304.08,218,6306,24
2014-03-18,2014,3,Mar,18,1,Tuesday,1,83899,3495.79,290,6309,24
2014-03-19,2014,3,Mar,19,2,Wednesday,1,81112,3379.67,289,6140,24
2014-03-20,2014,3,Mar,20,3,Thursday,1,88782,3699.25,237,6585,24
2014-03-21,2014,3,Mar,21,4,Friday,1,88042,3668.42,300,6290,24
2014-03-22,2014,3,Mar,22,5,Saturday,0,68730,2863.75,373,6016,24
2014-03-23,2014,3,Mar,23,6,Sunday,0,54755,2281.46,283,4587,24
2014-03-24,2014,3,Mar,24,0,Monday,1,80550,3356.25,212,6529,24
2014-03-25,2014,3,Mar,25,1,Tuesday,1,86340,3597.5,219,6538,24
2014-03-26,2014,3,Mar,26,2,Wednesday,1,90279,3761.62,240,6641,24
2014-03-27,2014,3,Mar,27,3,Thursday,1,85336,3555.67,237,6218,24
2014-03-28,2014,3,Mar,28,4,Friday,1,91802,3825.08,286,6421,24
2014-03-29,2014,3,Mar,29,5,Saturday,0,72127,3005.29,372,5225,24
2014-03-30,2014,3,Mar,30,6,Sunday,0,59241,2468.38,292,4652,24
2014-03-31,2014,3,Mar,31,0,Monday,1,82272,3428.0,359,6318,24
2014-04-01,2014,4,Apr,1,1,Tuesday,1,83719,3488.29,233,6397,24
2014-04-02,2014,4,Apr,2,2,Wednesday,1,82965,3607.17,269,6641,23
2014-04-03,2014,4,Apr,3,3,Thursday,1,81216,3384.0,260,6421,24
2014-04-04,2014,4,Apr,4,4,Friday,1,69331,2888.79,305,5663,24
2014-04-05,2014,4,Apr,5,5,Saturday,0,70879,2953.29,363,4949,24
2014-04-06,2014,4,Apr,6,6,Sunday,0,56742,2364.25,297,4522,24
2014-04-07,2014,4,Apr,7,0,Monday,1,86471,3602.96,242,6590,24
2014-04-08,2014,4,Apr,8,1,Tuesday,1,91489,3812.04,231,6816,24
2014-04-09,2014,4,Apr,9,2,Wednesday,1,91949,3831.21,277,6972,24
2014-04-10,2014,4,Apr,10,3,Thursday,1,94108,3921.17,265,6699,24
2014-04-11,2014,4,Apr,11,4,Friday,1,94791,3949.62,306,6719,24
2014-04-12,2014,4,Apr,12,5,Saturday,0,71400,2975.0,385,5322,24
2014-04-13,2014,4,Apr,13,6,Sunday,0,58703,2445.96,278,4388,24
2014-04-14,2014,4,Apr,14,0,Monday,1,85054,3543.92,254,6794,24
2014-04-15,2014,4,Apr,15,1,Tuesday,1,90572,3773.83,243,6877,24
2014-04-16,2014,4,Apr,16,2,Wednesday,1,85369,3557.04,261,6948,24
2014-04-17,2014,4,Apr,17,3,Thursday,1,88243,3676.79,245,6482,24
2014-04-18,2014,4,Apr,18,4,Friday,1,89325,3721.88,328,6022,24
2014-04-19,2014,4,Apr,19,5,Saturday,0,64638,2693.25,330,4496,24
2014-04-20,2014,4,Apr,20,6,Sunday,0,52817,2400.77,235,4492,22
2014-04-21,2014,4,Apr,21,0,Monday,1,101737,3912.96,255,6557,26
2014-04-22,2014,4,Apr,22,1,Tuesday,1,89206,3716.92,232,6816,24
2014-04-23,2014,4,Apr,23,2,Wednesday,1,88077,3669.88,248,6943,24
2014-04-24,2014,4,Apr,24,3,Thursday,1,91011,3792.12,269,6747,24
2014-04-25,2014,4,Apr,25,4,Friday,1,93553,3898.04,349,6349,24
2014-04-26,2014,4,Apr,26,5,Saturday,0,49741,2072.54,226,3787,24
2014-04-27,2014,4,Apr,27,6,Sunday,0,46205,1925.21,237,3667,24
2014-04-28,2014,4,Apr,28,0,Monday,1,83114,3463.08,206,6438,24
2014-04-29,2014,4,Apr,29,1,Tuesday,1,22604,2511.56,255,6203,9
2014-05-04,2014,5,May,4,6,Sunday,0,58558,3082.0,531,4721,19
2014-05-05,2014,5,May,5,0,Monday,1,87353,3639.71,241,6796,24
2014-05-06,2014,5,May,6,1,Tuesday,1,72473,3451.1,250,6493,21
2014-05-07,2014,5,May,7,2,Wednesday,1,90560,3773.33,317,7070,24
2014-05-08,2014,5,May,8,3,Thursday,1,217673,3887.02,258,6174,56
2014-05-09,2014,5,May,9,4,Friday,1,96930,3590.0,306,6540,27
2014-05-10,2014,5,May,10,5,Saturday,0,83877,2892.31,385,5039,29
2014-05-11,2014,5,May,11,6,Sunday,0,69154,2095.58,265,4538,33
2014-05-12,2014,5,May,12,0,Monday,1,148025,3524.4,260,6676,42
2014-05-13,2014,5,May,13,1,Tuesday,1,93426,3737.04,265,6908,25
2014-05-14,2014,5,May,14,2,Wednesday,1,93796,3908.17,313,6825,24
2014-05-15,2014,5,May,15,3,Thursday,1,95087,3961.96,289,6875,24
2014-05-16,2014,5,May,16,4,Friday,1,95585,3982.71,386,6503,24
2014-05-17,2014,5,May,17,5,Saturday,0,76034,3168.08,387,5308,24
2014-05-18,2014,5,May,18,6,Sunday,0,65576,2732.33,357,5064,24
2014-05-19,2014,5,May,19,0,Monday,1,180373,3681.08,295,6344,49
2014-05-20,2014,5,May,20,1,Tuesday,1,168334,3825.77,255,6885,44
2014-05-21,2014,5,May,21,2,Wednesday,1,90312,3763.0,370,6701,24
2014-05-22,2014,5,May,22,3,Thursday,1,91493,3812.21,304,6547,24
2014-05-23,2014,5,May,23,4,Friday,1,89096,3712.33,302,6165,24
2014-05-24,2014,5,May,24,5,Saturday,0,62351,2597.96,360,4198,24
2014-05-25,2014,5,May,25,6,Sunday,0,52548,2189.5,299,3813,24
2014-05-26,2014,5,May,26,0,Monday,1,50348,2097.83,268,3783,24
2014-05-27,2014,5,May,27,1,Tuesday,1,85150,3547.92,245,6537,24
2014-05-28,2014,5,May,28,2,Wednesday,1,90920,3788.33,281,6868,24
2014-05-29,2014,5,May,29,3,Thursday,1,92581,3857.54,287,6685,24
2014-05-30,2014,5,May,30,4,Friday,1,93700,3904.17,330,6653,24
2014-05-31,2014,5,May,31,5,Saturday,0,76518,3060.72,452,5219,25
2014-06-01,2014,6,Jun,1,6,Sunday,0,73499,2099.97,362,4736,35
2014-06-02,2014,6,Jun,2,0,Monday,1,110874,3079.83,292,6443,36
2014-06-03,2014,6,Jun,3,1,Tuesday,1,75884,3613.52,304,6729,21
2014-06-04,2014,6,Jun,4,2,Wednesday,1,71220,3561.0,359,6888,20
2014-06-05,2014,6,Jun,5,3,Thursday,1,94586,3783.44,343,6436,25
2014-06-06,2014,6,Jun,6,4,Friday,1,120335,3881.77,313,6517,31
2014-06-07,2014,6,Jun,7,5,Saturday,0,129780,3244.5,475,5631,40
2014-06-08,2014,6,Jun,8,6,Sunday,0,77740,2507.74,374,5294,31
2014-06-09,2014,6,Jun,9,0,Monday,1,86867,3619.46,315,6735,24
2014-06-10,2014,6,Jun,10,1,Tuesday,1,36306,2792.77,261,6567,13
2014-06-11,2014,6,Jun,11,2,Wednesday,1,32758,3639.78,284,6911,9
2014-06-12,2014,6,Jun,12,3,Thursday,1,18943,3157.17,423,5859,6
2014-06-13,2014,6,Jun,13,4,Friday,1,22282,3713.67,414,5554,6
2014-06-14,2014,6,Jun,14,5,Saturday,0,19055,2722.14,464,4518,7
2014-06-15,2014,6,Jun,15,6,Sunday,0,27367,1824.47,459,4109,15
2014-06-16,2014,6,Jun,16,0,Monday,1,5431,2715.5,444,4987,2
2014-06-17,2014,6,Jun,17,1,Tuesday,1,6252,3126.0,1180,5072,2
2014-06-18,2014,6,Jun,18,2,Wednesday,1,25158,4193.0,2037,6327,6
2014-06-19,2014,6,Jun,19,3,Thursday,1,30180,4311.43,443,5956,7
2014-06-20,2014,6,Jun,20,4,Friday,1,27997,4666.17,2755,6603,6
2014-06-21,2014,6,Jun,21,5,Saturday,0,10676,3558.67,2412,4212,3
2014-06-22,2014,6,Jun,22,6,Sunday,0,5892,1964.0,658,2753,3
2014-06-23,2014,6,Jun,23,0,Monday,1,32935,5489.17,4447,6405,6
2014-06-24,2014,6,Jun,24,1,Tuesday,1,13897,3474.25,1922,5394,4
2014-06-25,2014,6,Jun,25,2,Wednesday,1,17897,4474.25,2071,6605,4
2014-06-26,2014,6,Jun,26,3,Thursday,1,28058,3507.25,379,6674,8
2014-06-27,2014,6,Jun,27,4,Friday,1,13761,4587.0,3375,5703,3
2014-06-28,2014,6,Jun,28,5,Saturday,0,22147,3163.86,1474,3628,7
2014-06-29,2014,6,Jun,29,6,Sunday,0,12616,2523.2,356,4853,5
2014-06-30,2014,6,Jun,30,0,Monday,1,5969,2984.5,2764,3205,2
2014-07-01,2014,7,Jul,1,1,Tuesday,1,48100,4008.33,1194,6701,12
2014-07-02,2014,7,Jul,2,2,Wednesday,1,68106,3095.73,312,6617,22
2014-07-03,2014,7,Jul,3,3,Thursday,1,41582,5197.75,1927,6301,8
2014-07-04,2014,7,Jul,4,4,Friday,1,50310,2515.5,382,3654,20
2014-07-05,2014,7,Jul,5,5,Saturday,0,55557,2645.57,319,4027,21
2014-07-06,2014,7,Jul,6,6,Sunday,0,65027,2032.09,313,4178,32
2014-07-07,2014,7,Jul,7,0,Monday,1,94617,3504.33,345,6557,27
2014-07-08,2014,7,Jul,8,1,Tuesday,1,85957,3737.26,318,6705,23
2014-07-09,2014,7,Jul,9,2,Wednesday,1,94018,3917.42,304,6817,24
2014-07-10,2014,7,Jul,10,3,Thursday,1,94179,3924.12,404,6766,24
2014-07-11,2014,7,Jul,11,4,Friday,1,136787,3908.2,434,6558,35
2014-07-12,2014,7,Jul,12,5,Saturday,0,110125,2976.35,487,4578,37
2014-07-13,2014,7,Jul,13,6,Sunday,0,62566,2606.92,353,4833,24
2014-07-14,2014,7,Jul,14,0,Monday,1,81142,3527.91,333,6763,23
2014-07-15,2014,7,Jul,15,1,Tuesday,1,92054,3835.58,336,7090,24
2014-07-16,2014,7,Jul,16,2,Wednesday,1,92698,3862.42,350,6852,24
2014-07-17,2014,7,Jul,17,3,Thursday,1,94058,3919.08,333,6665,24
2014-07-18,2014,7,Jul,18,4,Friday,1,93774,3907.25,381,6338,24
2014-07-19,2014,7,Jul,19,5,Saturday,0,71937,2997.38,498,4946,24
2014-07-20,2014,7,Jul,20,6,Sunday,0,63109,2629.54,384,4682,24
2014-07-21,2014,7,Jul,21,0,Monday,1,88933,3705.54,380,6741,24
2014-07-22,2014,7,Jul,22,1,Tuesday,1,91466,3811.08,334,6865,24
2014-07-23,2014,7,Jul,23,2,Wednesday,1,93388,3891.17,341,6609,24
2014-07-24,2014,7,Jul,24,3,Thursday,1,1558,519.33,349,698,3
2014-07-25,2014,7,Jul,25,4,Friday,1,109962,3791.79,430,6571,29
2014-07-26,2014,7,Jul,26,5,Saturday,0,70434,2934.75,460,4798,24
2014-07-27,2014,7,Jul,27,6,Sunday,0,40102,2506.38,376,4468,16
2014-07-30,2014,7,Jul,30,2,Wednesday,1,70935,4729.0,1330,6537,15
2014-07-31,2014,7,Jul,31,3,Thursday,1,96634,4201.48,330,6739,23
2014-08-01,2014,8,Aug,1,4,Friday,1,94181,4094.83,380,6479,23
2014-08-02,2014,8,Aug,2,5,Saturday,0,7288,1041.14,736,1372,7
2014-08-03,2014,8,Aug,3,6,Sunday,0,48703,3746.38,1195,4741,13
2014-08-04,2014,8,Aug,4,0,Monday,1,94066,4275.73,479,6596,22
2014-08-05,2014,8,Aug,5,1,Tuesday,1,94742,3643.92,346,6886,26
2014-08-06,2014,8,Aug,6,2,Wednesday,1,111397,3841.28,359,6688,29
2014-08-07,2014,8,Aug,7,3,Thursday,1,46637,3331.21,381,6731,14
2014-08-08,2014,8,Aug,8,4,Friday,1,1364,682.0,516,848,2
2015-06-11,2015,6,Jun,11,3,Thursday,1,2886,2886.0,2886,2886,1
2015-06-12,2015,6,Jun,12,4,Friday,1,10774,3591.33,3095,4380,3
2015-06-13,2015,6,Jun,13,5,Saturday,0,5091,2545.5,2051,3040,2
2015-06-14,2015,6,Jun,14,6,Sunday,0,2909,2909.0,2909,2909,1
2015-06-19,2015,6,Jun,19,4,Friday,1,4681,4681.0,4681,4681,1
2015-06-20,2015,6,Jun,20,5,Saturday,0,4045,4045.0,4045,4045,1
2015-06-22,2015,6,Jun,22,0,Monday,1,5157,2578.5,742,4415,2
2015-06-24,2015,6,Jun,24,2,Wednesday,1,66712,4169.5,923,6393,16
2015-06-25,2015,6,Jun,25,3,Thursday,1,44438,3418.31,334,6277,13
2015-06-26,2015,6,Jun,26,4,Friday,1,84559,3676.48,384,6002,23
2015-06-27,2015,6,Jun,27,5,Saturday,0,68786,2645.62,452,4395,26
2015-06-28,2015,6,Jun,28,6,Sunday,0,76951,2331.85,330,4571,33
2015-06-29,2015,6,Jun,29,0,Monday,1,132814,3405.49,326,6495,39
2015-06-30,2015,6,Jun,30,1,Tuesday,1,93160,3726.4,327,6383,25
2015-07-01,2015,7,Jul,1,2,Wednesday,1,82105,3569.78,347,6261,23
2015-07-02,2015,7,Jul,2,3,Thursday,1,86035,3584.79,356,5933,24
2015-07-03,2015,7,Jul,3,4,Friday,1,64366,2681.92,359,4380,24
2015-07-04,2015,7,Jul,4,5,Saturday,0,68917,1767.1,341,3493,39
2015-07-05,2015,7,Jul,5,6,Sunday,0,58611,2254.27,293,4057,26
2015-07-06,2015,7,Jul,6,0,Monday,1,226086,3532.59,319,6006,64
2015-07-07,2015,7,Jul,7,1,Tuesday,1,84266,3511.08,283,6368,24
2015-07-08,2015,7,Jul,8,2,Wednesday,1,87620,3650.83,286,6234,24
2015-07-09,2015,7,Jul,9,3,Thursday,1,89488,3728.67,343,6518,24
2015-07-10,2015,7,Jul,10,4,Friday,1,87818,3659.08,379,6030,24
2015-07-11,2015,7,Jul,11,5,Saturday,0,71521,2750.81,436,4826,26
2015-07-12,2015,7,Jul,12,6,Sunday,0,56070,2242.8,359,4366,25
2015-07-13,2015,7,Jul,13,0,Monday,1,84424,2911.17,295,6073,29
2015-07-14,2015,7,Jul,14,1,Tuesday,1,83920,3496.67,325,6444,24
2015-07-15,2015,7,Jul,15,2,Wednesday,1,87821,3512.84,356,6429,25
2015-07-16,2015,7,Jul,16,3,Thursday,1,181023,4022.73,351,6133,45
2015-07-17,2015,7,Jul,17,4,Friday,1,96760,3583.7,340,6060,27
2015-07-18,2015,7,Jul,18,5,Saturday,0,72132,2326.84,435,4583,31
2015-07-19,2015,7,Jul,19,6,Sunday,0,64483,2686.79,342,4929,24
2015-07-20,2015,7,Jul,20,0,Monday,1,83472,3478.0,316,6247,24
2015-07-21,2015,7,Jul,21,1,Tuesday,1,86129,3588.71,267,6071,24
2015-07-22,2015,7,Jul,22,2,Wednesday,1,86766,3615.25,312,6279,24
2015-07-23,2015,7,Jul,23,3,Thursday,1,86918,3621.58,349,6256,24
2015-07-24,2015,7,Jul,24,4,Friday,1,123549,3633.79,65,6023,34
2015-07-25,2015,7,Jul,25,5,Saturday,0,41894,1611.31,1,3410,26
2015-07-26,2015,7,Jul,26,6,Sunday,0,52849,2032.65,258,3892,26
2015-07-27,2015,7,Jul,27,0,Monday,1,81927,3413.62,305,5868,24
2015-07-28,2015,7,Jul,28,1,Tuesday,1,107885,3720.17,317,6622,29
2015-07-29,2015,7,Jul,29,2,Wednesday,1,77804,3382.78,305,6177,23
2015-07-30,2015,7,Jul,30,3,Thursday,1,86105,3743.7,342,6462,23
2015-07-31,2015,7,Jul,31,4,Friday,1,91315,3804.79,376,6132,24
2015-08-01,2015,8,Aug,1,5,Saturday,0,57769,2407.04,397,3926,24
2015-08-02,2015,8,Aug,2,6,Sunday,0,55734,2322.25,300,3959,24
2015-08-03,2015,8,Aug,3,0,Monday,1,84346,3514.42,315,6278,24
2015-08-04,2015,8,Aug,4,1,Tuesday,1,85946,3581.08,293,6269,24
2015-08-05,2015,8,Aug,5,2,Wednesday,1,91103,3795.96,308,6501,24
2015-08-06,2015,8,Aug,6,3,Thursday,1,120665,3656.52,357,6352,33
2015-08-07,2015,8,Aug,7,4,Friday,1,99348,3311.6,354,6093,30
2015-08-08,2015,8,Aug,8,5,Saturday,0,73279,2818.42,446,4540,26
2015-08-09,2015,8,Aug,9,6,Sunday,0,83478,2608.69,360,4735,32
2015-08-10,2015,8,Aug,10,0,Monday,1,86334,3320.54,321,6215,26
2015-08-11,2015,8,Aug,11,1,Tuesday,1,85680,3570.0,283,6490,24
2015-08-12,2015,8,Aug,12,2,Wednesday,1,91023,3792.62,323,6409,24
2015-08-13,2015,8,Aug,13,3,Thursday,1,92141,3412.63,322,6349,27
2015-08-14,2015,8,Aug,14,4,Friday,1,90644,3625.76,348,5852,25
2015-08-15,2015,8,Aug,15,5,Saturday,0,71725,2758.65,400,4898,26
2015-08-16,2015,8,Aug,16,6,Sunday,0,93097,2586.03,308,4453,36
2015-08-17,2015,8,Aug,17,0,Monday,1,84018,3231.46,277,6376,26
2015-08-18,2015,8,Aug,18,1,Tuesday,1,175312,3811.13,270,6649,46
2015-08-19,2015,8,Aug,19,2,Wednesday,1,207615,3844.72,307,6440,54
2015-08-20,2015,8,Aug,20,3,Thursday,1,91338,3805.75,281,6519,24
2015-08-21,2015,8,Aug,21,4,Friday,1,89388,3724.5,356,6237,24
2015-08-22,2015,8,Aug,22,5,Saturday,0,98838,2907.0,423,4738,34
2015-08-23,2015,8,Aug,23,6,Sunday,0,63548,2353.63,285,4532,27
2015-08-24,2015,8,Aug,24,0,Monday,1,85039,3543.29,268,6463,24
2015-08-25,2015,8,Aug,25,1,Tuesday,1,87020,3783.48,293,6620,23
2015-08-26,2015,8,Aug,26,2,Wednesday,1,92983,3719.32,297,6563,25
2015-08-27,2015,8,Aug,27,3,Thursday,1,92247,3843.62,257,6719,24
2015-08-28,2015,8,Aug,28,4,Friday,1,98854,3954.16,351,6412,25
2015-08-29,2015,8,Aug,29,5,Saturday,0,57886,2631.18,388,5024,22
2015-08-30,2015,8,Aug,30,6,Sunday,0,66740,2566.92,303,5042,26
2015-08-31,2015,8,Aug,31,0,Monday,1,96798,3585.11,255,6488,27
2015-09-01,2015,9,Sep,1,1,Tuesday,1,43491,3624.25,383,6685,12
2015-09-02,2015,9,Sep,2,2,Wednesday,1,144917,4391.42,325,6526,33
2015-09-03,2015,9,Sep,3,3,Thursday,1,122998,3727.21,311,6518,33
2015-09-04,2015,9,Sep,4,4,Friday,1,91073,3794.71,352,6243,24
2015-09-05,2015,9,Sep,5,5,Saturday,0,77518,2768.5,439,4623,28
2015-09-06,2015,9,Sep,6,6,Sunday,0,82136,2219.89,355,4579,37
2015-09-07,2015,9,Sep,7,0,Monday,1,58327,2430.29,255,4660,24
2015-09-08,2015,9,Sep,8,1,Tuesday,1,100514,3466.0,253,6740,29
2015-09-09,2015,9,Sep,9,2,Wednesday,1,101742,3282.0,260,6856,31
2015-09-10,2015,9,Sep,10,3,Thursday,1,134029,3527.08,297,6606,38
2015-09-11,2015,9,Sep,11,4,Friday,1,87828,3659.5,310,6262,24
2015-09-12,2015,9,Sep,12,5,Saturday,0,52735,1701.13,196,3248,31
2015-09-13,2015,9,Sep,13,6,Sunday,0,56216,2342.33,257,3949,24
2015-09-14,2015,9,Sep,14,0,Monday,1,84963,3694.04,246,6579,23
2015-09-15,2015,9,Sep,15,1,Tuesday,1,91042,3793.42,257,6749,24
2015-09-16,2015,9,Sep,16,2,Wednesday,1,85841,2960.03,278,6777,29
2015-09-17,2015,9,Sep,17,3,Thursday,1,197748,4035.67,255,6550,49
2015-09-18,2015,9,Sep,18,4,Friday,1,129790,3817.35,347,6180,34
2015-09-19,2015,9,Sep,19,5,Saturday,0,74566,2982.64,383,4825,25
2015-09-20,2015,9,Sep,20,6,Sunday,0,61318,2666.0,367,4270,23
2015-09-21,2015,9,Sep,21,0,Monday,1,76617,3648.43,235,6772,21
2015-09-22,2015,9,Sep,22,1,Tuesday,1,72648,3459.43,255,6790,21
2015-09-23,2015,9,Sep,23,2,Wednesday,1,135236,3558.84,257,6567,38
2015-09-24,2015,9,Sep,24,3,Thursday,1,198058,3961.16,384,6454,50
2015-09-25,2015,9,Sep,25,4,Friday,1,65630,3646.11,392,6448,18
2015-09-26,2015,9,Sep,26,5,Saturday,0,42594,2366.33,432,4455,18
2015-09-27,2015,9,Sep,27,6,Sunday,0,52460,2498.1,336,4782,21
2015-09-28,2015,9,Sep,28,0,Monday,1,89655,3898.04,315,6558,23
2015-09-29,2015,9,Sep,29,1,Tuesday,1,73012,3476.76,258,6682,21
2015-09-30,2015,9,Sep,30,2,Wednesday,1,78059,3717.1,273,6457,21
2015-10-01,2015,10,Oct,1,3,Thursday,1,70811,3540.55,298,6258,20
2015-10-02,2015,10,Oct,2,4,Friday,1,73723,3686.15,381,6418,20
2015-10-03,2015,10,Oct,3,5,Saturday,0,64148,3054.67,368,5542,21
2015-10-04,2015,10,Oct,4,6,Sunday,0,57209,2724.24,338,6013,21
2015-10-05,2015,10,Oct,5,0,Monday,1,75852,3612.0,258,6470,21
2015-10-06,2015,10,Oct,6,1,Tuesday,1,70822,3541.1,268,6557,20
2015-10-07,2015,10,Oct,7,2,Wednesday,1,94643,3505.3,252,6304,27
2015-10-08,2015,10,Oct,8,3,Thursday,1,129461,3698.89,282,6312,35
2015-10-09,2015,10,Oct,9,4,Friday,1,55570,3473.12,331,6200,16
2015-10-10,2015,10,Oct,10,5,Saturday,0,44739,2236.95,268,3688,20
2015-10-11,2015,10,Oct,11,6,Sunday,0,39648,1723.83,215,2855,23
2015-10-12,2015,10,Oct,12,0,Monday,1,104917,3747.04,210,6241,28
2015-10-13,2015,10,Oct,13,1,Tuesday,1,87079,3483.16,251,6465,25
2015-10-14,2015,10,Oct,14,2,Wednesday,1,46734,3115.6,300,6401,15
2015-10-15,2015,10,Oct,15,3,Thursday,1,83807,3990.81,265,6431,21
2015-10-16,2015,10,Oct,16,4,Friday,1,31502,3500.22,369,5307,9
2015-10-17,2015,10,Oct,17,5,Saturday,0,26585,2416.82,360,4378,11
2015-10-18,2015,10,Oct,18,6,Sunday,0,35327,2078.06,332,4394,17
2015-10-19,2015,10,Oct,19,0,Monday,1,62031,3264.79,256,6414,19
2015-10-20,2015,10,Oct,20,1,Tuesday,1,50594,3891.85,957,6192,13
2015-10-21,2015,10,Oct,21,2,Wednesday,1,78425,3921.25,327,6378,20
2015-10-22,2015,10,Oct,22,3,Thursday,1,75393,3769.65,261,6464,20
2015-10-23,2015,10,Oct,23,4,Friday,1,46061,3070.73,346,5776,15
2015-10-27,2015,10,Oct,27,1,Tuesday,1,51984,3713.14,1042,6324,14
2015-10-28,2015,10,Oct,28,2,Wednesday,1,147382,3594.68,339,5848,41
2015-10-29,2015,10,Oct,29,3,Thursday,1,74105,3368.41,229,6320,22
2015-10-30,2015,10,Oct,30,4,Friday,1,52507,3750.5,306,6158,14
2015-10-31,2015,10,Oct,31,5,Saturday,0,62375,2711.96,411,5488,23
2015-11-01,2015,11,Nov,1,6,Sunday,0,29978,2306.0,314,4628,13
2015-11-02,2015,11,Nov,2,0,Monday,1,46063,3543.31,288,6532,13
2015-11-03,2015,11,Nov,3,1,Tuesday,1,56855,3553.44,229,6548,16
2015-11-04,2015,11,Nov,4,2,Wednesday,1,58345,3889.67,336,6670,15
2015-11-05,2015,11,Nov,5,3,Thursday,1,56928,4066.29,358,6743,14
2015-11-06,2015,11,Nov,6,4,Friday,1,51270,3943.85,381,6809,13
2015-11-07,2015,11,Nov,7,5,Saturday,0,36757,2827.46,376,4680,13
2015-11-08,2015,11,Nov,8,6,Sunday,0,29527,2271.31,304,4235,13
2015-11-09,2015,11,Nov,9,0,Monday,1,45028,3216.29,299,6514,14
2015-11-10,2015,11,Nov,10,1,Tuesday,1,47645,3665.0,303,6517,13
2015-11-11,2015,11,Nov,11,2,Wednesday,1,71844,2993.5,355,6049,24
2015-11-12,2015,11,Nov,12,3,Thursday,1,58981,2949.05,253,6794,20
2015-11-13,2015,11,Nov,13,4,Friday,1,43948,3380.62,257,6235,13
2015-11-14,2015,11,Nov,14,5,Saturday,0,42169,3012.07,425,5322,14
2015-11-15,2015,11,Nov,15,6,Sunday,0,36704,2159.06,304,4727,17
2015-11-16,2015,11,Nov,16,0,Monday,1,65592,3279.6,237,6089,20
2015-11-17,2015,11,Nov,17,1,Tuesday,1,123535,3633.38,273,6368,34
2015-11-18,2015,11,Nov,18,2,Wednesday,1,85534,3421.36,292,6341,25
2015-11-19,2015,11,Nov,19,3,Thursday,1,47523,2795.47,271,6557,17
2015-11-20,2015,11,Nov,20,4,Friday,1,47333,3380.93,328,6574,14
2015-11-21,2015,11,Nov,21,5,Saturday,0,40891,3145.46,385,4790,13
2015-11-22,2015,11,Nov,22,6,Sunday,0,32785,2341.79,299,4923,14
2015-11-23,2015,11,Nov,23,0,Monday,1,44802,3446.31,274,6157,13
2015-11-24,2015,11,Nov,24,1,Tuesday,1,46900,3350.0,337,6709,14
2015-11-25,2015,11,Nov,25,2,Wednesday,1,44851,3450.08,329,5966,13
2015-11-26,2015,11,Nov,26,3,Thursday,1,44366,2016.64,272,3232,22
2015-11-27,2015,11,Nov,27,4,Friday,1,35319,2716.85,287,4804,13
2015-11-28,2015,11,Nov,28,5,Saturday,0,39343,2810.21,303,5002,14
2015-11-29,2015,11,Nov,29,6,Sunday,0,33291,2560.85,298,5228,13
2015-11-30,2015,11,Nov,30,0,Monday,1,72764,3031.83,260,5147,24
2015-12-01,2015,12,Dec,1,1,Tuesday,1,74086,3221.13,275,6376,23
2015-12-02,2015,12,Dec,2,2,Wednesday,1,62009,3263.63,285,6401,19
2015-12-03,2015,12,Dec,3,3,Thursday,1,45504,3792.0,342,6690,12
2015-12-04,2015,12,Dec,4,4,Friday,1,50438,3879.85,302,6452,13
2015-12-05,2015,12,Dec,5,5,Saturday,0,39395,3030.38,420,5264,13
2015-12-06,2015,12,Dec,6,6,Sunday,0,49659,2482.95,353,4233,20
2015-12-07,2015,12,Dec,7,0,Monday,1,44496,2781.0,318,6464,16
2015-12-08,2015,12,Dec,8,1,Tuesday,1,68873,3826.28,290,6550,18
2015-12-09,2015,12,Dec,9,2,Wednesday,1,52903,2939.06,262,6893,18
2015-12-10,2015,12,Dec,10,3,Thursday,1,63938,3996.12,287,6614,16
2015-12-11,2015,12,Dec,11,4,Friday,1,53747,3839.07,331,6555,14
2015-12-12,2015,12,Dec,12,5,Saturday,0,52586,3093.29,412,5130,17
2015-12-13,2015,12,Dec,13,6,Sunday,0,52687,2290.74,289,4440,23
2015-12-14,2015,12,Dec,14,0,Monday,1,91107,3961.17,311,5739,23
2015-12-15,2015,12,Dec,15,1,Tuesday,1,70435,4143.24,281,6054,17
2015-12-16,2015,12,Dec,16,2,Wednesday,1,135646,3767.94,269,6450,36
2015-12-17,2015,12,Dec,17,3,Thursday,1,54523,3894.5,301,6209,14
2015-12-18,2015,12,Dec,18,4,Friday,1,49323,3794.08,350,6057,13
2015-12-19,2015,12,Dec,19,5,Saturday,0,41621,2774.73,397,4897,15
2015-12-20,2015,12,Dec,20,6,Sunday,0,39614,2200.78,309,4497,18
2015-12-21,2015,12,Dec,21,0,Monday,1,48841,3256.07,272,6356,15
2015-12-22,2015,12,Dec,22,1,Tuesday,1,49774,3828.77,434,6310,13
2015-12-23,2015,12,Dec,23,2,Wednesday,1,98009,4083.71,369,5222,24
2015-12-24,2015,12,Dec,24,3,Thursday,1,36409,2600.64,374,4812,14
2015-12-25,2015,12,Dec,25,4,Friday,1,31185,1559.25,171,3015,20
2015-12-26,2015,12,Dec,26,5,Saturday,0,39910,1478.15,270,3759,27
2015-12-27,2015,12,Dec,27,6,Sunday,0,42881,2256.89,285,4699,19
2015-12-28,2015,12,Dec,28,0,Monday,1,56006,2666.95,301,5565,21
2015-12-29,2015,12,Dec,29,1,Tuesday,1,68445,2360.17,363,5056,29
2015-12-30,2015,12,Dec,30,2,Wednesday,1,54867,3227.47,356,6091,17
2015-12-31,2015,12,Dec,31,3,Thursday,1,92566,3560.23,358,5747,26
2016-01-01,2016,1,Jan,1,4,Friday,1,34489,1815.21,533,3498,19
2016-01-02,2016,1,Jan,2,5,Saturday,0,41018,2278.78,378,4513,18
2016-01-03,2016,1,Jan,3,6,Sunday,0,28628,2202.15,606,4369,13
2016-01-04,2016,1,Jan,4,0,Monday,1,81891,3899.57,270,6234,21
2016-01-05,2016,1,Jan,5,1,Tuesday,1,61120,3595.29,309,6525,17
2016-01-06,2016,1,Jan,6,2,Wednesday,1,68060,3093.64,426,6716,22
2016-01-07,2016,1,Jan,7,3,Thursday,1,102699,3209.34,315,6438,32
2016-01-08,2016,1,Jan,8,4,Friday,1,99571,3017.3,359,5982,33
2016-01-09,2016,1,Jan,9,5,Saturday,0,46046,2877.88,273,4984,16
2016-01-10,2016,1,Jan,10,6,Sunday,0,34739,2315.93,273,3973,15
2016-01-11,2016,1,Jan,11,0,Monday,1,67130,2918.7,269,5540,23
2016-01-12,2016,1,Jan,12,1,Tuesday,1,47629,2976.81,326,6062,16
2016-01-13,2016,1,Jan,13,2,Wednesday,1,51375,3210.94,486,6636,16
2016-01-14,2016,1,Jan,14,3,Thursday,1,79656,3793.14,351,6713,21
2016-01-15,2016,1,Jan,15,4,Friday,1,61431,3233.21,481,6483,19
2016-01-16,2016,1,Jan,16,5,Saturday,0,51271,2848.39,688,4636,18
2016-01-17,2016,1,Jan,17,6,Sunday,0,34103,2006.06,343,3954,17
2016-01-18,2016,1,Jan,18,0,Monday,1,43219,3087.07,263,4883,14
2016-01-19,2016,1,Jan,19,1,Tuesday,1,45533,3502.54,520,6735,13
2016-01-20,2016,1,Jan,20,2,Wednesday,1,97562,3613.41,254,6494,27
2016-01-21,2016,1,Jan,21,3,Thursday,1,113087,3769.57,319,6708,30
2016-01-22,2016,1,Jan,22,4,Friday,1,58460,3897.33,585,6630,15
2016-01-23,2016,1,Jan,23,5,Saturday,0,46446,2902.88,440,4894,16
2016-01-24,2016,1,Jan,24,6,Sunday,0,58814,2557.13,440,4166,23
2016-01-25,2016,1,Jan,25,0,Monday,1,104512,3732.57,260,6309,28
2016-01-26,2016,1,Jan,26,1,Tuesday,1,49374,3291.6,279,6600,15
2016-01-27,2016,1,Jan,27,2,Wednesday,1,53758,3359.88,274,6649,16
2016-01-28,2016,1,Jan,28,3,Thursday,1,65632,3646.22,347,6583,18
2016-01-29,2016,1,Jan,29,4,Friday,1,82128,3570.78,286,6536,23
2016-01-30,2016,1,Jan,30,5,Saturday,0,32801,2733.42,408,5145,12
2016-01-31,2016,1,Jan,31,6,Sunday,0,38879,2287.0,401,4929,17
2016-02-01,2016,2,Feb,1,0,Monday,1,102707,3950.27,312,6323,26
2016-02-02,2016,2,Feb,2,1,Tuesday,1,71441,2463.48,315,6622,29
2016-02-03,2016,2,Feb,3,2,Wednesday,1,66048,2540.31,217,5814,26
2016-02-04,2016,2,Feb,4,3,Thursday,1,75612,3436.91,300,6158,22
2016-02-05,2016,2,Feb,5,4,Friday,1,119502,3854.9,323,6824,31
2016-02-06,2016,2,Feb,6,5,Saturday,0,85190,2748.06,408,5533,31
2016-02-07,2016,2,Feb,7,6,Sunday,0,68890,2296.33,401,4548,30
2016-02-08,2016,2,Feb,8,0,Monday,1,117356,3667.38,231,6377,32
2016-02-09,2016,2,Feb,9,1,Tuesday,1,83461,3793.68,425,6778,22
2016-02-10,2016,2,Feb,10,2,Wednesday,1,60681,3371.17,337,6820,18
2016-02-11,2016,2,Feb,11,3,Thursday,1,65421,3443.21,283,6764,19
2016-02-12,2016,2,Feb,12,4,Friday,1,69821,3878.94,365,6570,18
2016-02-13,2016,2,Feb,13,5,Saturday,0,54431,2721.55,408,5190,20
2016-02-14,2016,2,Feb,14,6,Sunday,0,52091,2264.83,401,4842,23
2016-02-15,2016,2,Feb,15,0,Monday,1,71273,3098.83,427,5307,23
2016-02-16,2016,2,Feb,16,1,Tuesday,1,79897,2853.46,325,6246,28
2016-02-17,2016,2,Feb,17,2,Wednesday,1,54927,3051.5,267,6898,18
2016-02-18,2016,2,Feb,18,3,Thursday,1,48940,3495.71,266,6788,14
2016-02-19,2016,2,Feb,19,4,Friday,1,84335,4216.75,344,6501,20
2016-02-20,2016,2,Feb,20,5,Saturday,0,43201,3085.79,421,5775,14
2016-02-21,2016,2,Feb,21,6,Sunday,0,38463,2564.2,307,5427,15
2016-02-22,2016,2,Feb,22,0,Monday,1,57867,3214.83,264,6744,18
2016-02-23,2016,2,Feb,23,1,Tuesday,1,127911,3997.22,266,6308,32
2016-02-24,2016,2,Feb,24,2,Wednesday,1,46501,3100.07,341,6437,15
2016-02-25,2016,2,Feb,25,3,Thursday,1,62288,3893.0,284,7118,16
2016-02-26,2016,2,Feb,26,4,Friday,1,56925,3795.0,373,6641,15
2016-02-27,2016,2,Feb,27,5,Saturday,0,41566,2969.0,377,5167,14
2016-02-28,2016,2,Feb,28,6,Sunday,0,38894,2778.14,394,5169,14
2016-02-29,2016,2,Feb,29,0,Monday,1,47722,3670.92,270,6775,13
2016-03-01,2016,3,Mar,1,1,Tuesday,1,54202,3871.57,453,6190,14
2016-03-02,2016,3,Mar,2,2,Wednesday,1,45276,3482.77,454,6599,13
2016-03-03,2016,3,Mar,3,3,Thursday,1,43727,3975.18,306,6836,11
2016-03-04,2016,3,Mar,4,4,Friday,1,80536,4238.74,367,6677,19
2016-03-05,2016,3,Mar,5,5,Saturday,0,38739,2979.92,400,5265,13
2016-03-06,2016,3,Mar,6,6,Sunday,0,33134,2208.93,302,4465,15
2016-03-07,2016,3,Mar,7,0,Monday,1,61573,3848.31,351,6860,16
2016-03-08,2016,3,Mar,8,1,Tuesday,1,44002,3666.83,248,6953,12
2016-03-09,2016,3,Mar,9,2,Wednesday,1,79447,3972.35,279,6843,20
2016-03-10,2016,3,Mar,10,3,Thursday,1,52554,3753.86,280,6823,14
2016-03-11,2016,3,Mar,11,4,Friday,1,57657,3843.8,375,6690,15
2016-03-12,2016,3,Mar,12,5,Saturday,0,52240,3265.0,439,5506,16
2016-03-13,2016,3,Mar,13,6,Sunday,0,50257,2284.41,451,4647,22
2016-03-14,2016,3,Mar,14,0,Monday,1,108333,3186.26,351,6372,34
2016-03-15,2016,3,Mar,15,1,Tuesday,1,135296,3979.29,335,6503,34
2016-03-16,2016,3,Mar,16,2,Wednesday,1,72335,3287.95,245,6976,22
2016-03-17,2016,3,Mar,17,3,Thursday,1,95981,3309.69,267,6694,29
2016-03-18,2016,3,Mar,18,4,Friday,1,83733,3488.88,290,6218,24
2016-03-19,2016,3,Mar,19,5,Saturday,0,57361,2493.96,360,6371,23
2016-03-20,2016,3,Mar,20,6,Sunday,0,38096,2721.14,606,4760,14
2016-03-21,2016,3,Mar,21,0,Monday,1,59292,3294.0,304,6536,18
2016-03-22,2016,3,Mar,22,1,Tuesday,1,58854,3678.38,288,6328,16
2016-03-23,2016,3,Mar,23,2,Wednesday,1,84653,3680.57,349,6945,23
2016-03-24,2016,3,Mar,24,3,Thursday,1,55785,3486.56,262,6382,16
2016-03-25,2016,3,Mar,25,4,Friday,1,62836,3490.89,357,5800,18
2016-03-26,2016,3,Mar,26,5,Saturday,0,65164,2506.31,484,4683,26
2016-03-27,2016,3,Mar,27,6,Sunday,0,42426,1462.97,240,4083,29
2016-03-28,2016,3,Mar,28,0,Monday,1,57956,3050.32,266,6412,19
2016-03-29,2016,3,Mar,29,1,Tuesday,1,66633,3919.59,333,7083,17
2016-03-30,2016,3,Mar,30,2,Wednesday,1,105359,3902.19,299,6672,27
2016-03-31,2016,3,Mar,31,3,Thursday,1,79663,4192.79,279,6789,19
2016-04-01,2016,4,Apr,1,4,Friday,1,75700,4205.56,378,6830,18
2016-04-02,2016,4,Apr,2,5,Saturday,0,49548,3096.75,452,5023,16
2016-04-03,2016,4,Apr,3,6,Sunday,0,37607,2686.21,452,4950,14
2016-04-04,2016,4,Apr,4,0,Monday,1,59255,3485.59,285,6549,17
2016-04-05,2016,4,Apr,5,1,Tuesday,1,107032,4116.62,280,6904,26
2016-04-06,2016,4,Apr,6,2,Wednesday,1,91646,3524.85,292,6970,26
2016-04-07,2016,4,Apr,7,3,Thursday,1,131987,4124.59,260,6731,32
2016-04-08,2016,4,Apr,8,4,Friday,1,105770,3917.41,365,6670,27
2016-04-09,2016,4,Apr,9,5,Saturday,0,62106,2957.43,368,5108,21
2016-04-10,2016,4,Apr,10,6,Sunday,0,45928,2551.56,368,4811,18
2016-04-11,2016,4,Apr,11,0,Monday,1,57311,3371.24,269,6877,17
2016-04-12,2016,4,Apr,12,1,Tuesday,1,65649,3861.71,257,6456,17
2016-04-13,2016,4,Apr,13,2,Wednesday,1,68584,3265.9,378,7084,21
2016-04-14,2016,4,Apr,14,3,Thursday,1,88261,4011.86,360,6991,22
2016-04-15,2016,4,Apr,15,4,Friday,1,79152,3769.14,323,6806,21
2016-04-16,2016,4,Apr,16,5,Saturday,0,66198,3009.0,405,5371,22
2016-04-17,2016,4,Apr,17,6,Sunday,0,48009,2400.45,390,4724,20
2016-04-18,2016,4,Apr,18,0,Monday,1,91588,3663.52,299,6901,25
2016-04-19,2016,4,Apr,19,1,Tuesday,1,116792,3435.06,267,6965,34
2016-04-20,2016,4,Apr,20,2,Wednesday,1,147308,3876.53,275,7192,38
2016-04-21,2016,4,Apr,21,3,Thursday,1,152990,3731.46,327,7260,41
2016-04-22,2016,4,Apr,22,4,Friday,1,82751,3940.52,418,7241,21
2016-04-23,2016,4,Apr,23,5,Saturday,0,62076,2956.0,405,5285,21
2016-04-24,2016,4,Apr,24,6,Sunday,0,169783,2829.72,390,5823,60
2016-04-25,2016,4,Apr,25,0,Monday,1,164986,3367.06,264,6807,49
2016-04-26,2016,4,Apr,26,1,Tuesday,1,57968,3623.0,252,7149,16
2016-04-27,2016,4,Apr,27,2,Wednesday,1,53758,3839.86,327,7076,14
2016-04-28,2016,4,Apr,28,3,Thursday,1,176139,3747.64,275,6554,47
2016-04-29,2016,4,Apr,29,4,Friday,1,102578,3419.27,357,6904,30
2016-04-30,2016,4,Apr,30,5,Saturday,0,75002,3125.08,405,5266,24
2016-05-01,2016,5,May,1,6,Sunday,0,63839,2659.96,390,5102,24
2016-05-02,2016,5,May,2,0,Monday,1,82915,3454.79,123,6457,24
2016-05-03,2016,5,May,3,1,Tuesday,1,88410,3683.75,281,6952,24
2016-05-04,2016,5,May,4,2,Wednesday,1,91614,3817.25,774,6472,24
2016-05-05,2016,5,May,5,3,Thursday,1,95033,3959.71,323,7130,24
2016-05-06,2016,5,May,6,4,Friday,1,91944,3831.0,382,6568,24
2016-05-07,2016,5,May,7,5,Saturday,0,86695,2627.12,367,4956,33
2016-05-08,2016,5,May,8,6,Sunday,0,65838,2743.25,367,4891,24
2016-05-09,2016,5,May,9,0,Monday,1,105318,3291.19,264,6876,32
2016-05-10,2016,5,May,10,1,Tuesday,1,167125,3633.15,213,6620,46
2016-05-11,2016,5,May,11,2,Wednesday,1,187722,3910.88,263,6929,48
2016-05-12,2016,5,May,12,3,Thursday,1,101626,3387.53,278,6722,30
2016-05-13,2016,5,May,13,4,Friday,1,132051,4126.59,303,6350,32
2016-05-14,2016,5,May,14,5,Saturday,0,67453,2810.54,411,4480,24
2016-05-15,2016,5,May,15,6,Sunday,0,64367,2681.96,411,5040,24
2016-05-16,2016,5,May,16,0,Monday,1,78950,3432.61,285,6144,23
2016-05-17,2016,5,May,17,1,Tuesday,1,87076,3628.17,258,6807,24
2016-05-18,2016,5,May,18,2,Wednesday,1,86809,3617.04,302,6669,24
2016-05-19,2016,5,May,19,3,Thursday,1,89380,3724.17,287,6845,24
2016-05-20,2016,5,May,20,4,Friday,1,92243,3843.46,330,6715,24
2016-05-21,2016,5,May,21,5,Saturday,0,73943,3080.96,875,5117,24
2016-05-22,2016,5,May,22,6,Sunday,0,62447,2601.96,326,4691,24
2016-05-23,2016,5,May,23,0,Monday,1,102160,3522.76,339,6653,29
2016-05-24,2016,5,May,24,1,Tuesday,1,99343,3679.37,314,6670,27
2016-05-25,2016,5,May,25,2,Wednesday,1,112646,3884.34,323,6658,29
2016-05-26,2016,5,May,26,3,Thursday,1,103555,3236.09,301,6983,32
2016-05-27,2016,5,May,27,4,Friday,1,153700,4044.74,327,6092,38
2016-05-28,2016,5,May,28,5,Saturday,0,119870,2663.78,644,4274,45
2016-05-29,2016,5,May,29,6,Sunday,0,64935,2094.68,379,3997,31
2016-05-30,2016,5,May,30,0,Monday,1,59487,1858.97,293,4001,32
2016-05-31,2016,5,May,31,1,Tuesday,1,102493,3660.46,357,6790,28
2016-06-01,2016,6,Jun,1,2,Wednesday,1,84378,3668.61,321,6572,23
2016-06-02,2016,6,Jun,2,3,Thursday,1,89861,3744.21,291,6476,24
2016-06-03,2016,6,Jun,3,4,Friday,1,132792,4149.75,504,6459,32
2016-06-04,2016,6,Jun,4,5,Saturday,0,99491,3109.09,477,5104,32
2016-06-05,2016,6,Jun,5,6,Sunday,0,65472,2728.0,364,4798,24
2016-06-06,2016,6,Jun,6,0,Monday,1,91141,3645.64,320,6592,25
2016-06-07,2016,6,Jun,7,1,Tuesday,1,90583,3774.29,297,6435,24
2016-06-08,2016,6,Jun,8,2,Wednesday,1,93349,3889.54,350,6633,24
2016-06-09,2016,6,Jun,9,3,Thursday,1,91163,3798.46,313,6642,24
2016-06-10,2016,6,Jun,10,4,Friday,1,92121,3838.38,369,6230,24
2016-06-11,2016,6,Jun,11,5,Saturday,0,68692,2862.17,445,4672,24
2016-06-12,2016,6,Jun,12,6,Sunday,0,61953,2581.38,372,4556,24
2016-06-13,2016,6,Jun,13,0,Monday,1,85530,3563.75,269,6245,24
2016-06-14,2016,6,Jun,14,1,Tuesday,1,86753,3614.71,301,6643,24
2016-06-15,2016,6,Jun,15,2,Wednesday,1,92039,3834.96,366,6556,24
2016-06-16,2016,6,Jun,16,3,Thursday,1,94233,3926.38,335,6638,24
2016-06-17,2016,6,Jun,17,4,Friday,1,93219,3884.12,407,6270,24
2016-06-18,2016,6,Jun,18,5,Saturday,0,82409,3433.71,606,5500,24
2016-06-19,2016,6,Jun,19,6,Sunday,0,72216,3009.0,472,5217,24
2016-06-20,2016,6,Jun,20,0,Monday,1,87516,3646.5,323,6456,24
2016-06-21,2016,6,Jun,21,1,Tuesday,1,90541,3772.54,320,6455,24
2016-06-22,2016,6,Jun,22,2,Wednesday,1,92755,3864.79,345,6683,24
2016-06-23,2016,6,Jun,23,3,Thursday,1,95360,3973.33,425,6714,24
2016-06-24,2016,6,Jun,24,4,Friday,1,103459,3979.19,486,6208,26
2016-06-25,2016,6,Jun,25,5,Saturday,0,72498,2899.92,493,4544,25
2016-06-26,2016,6,Jun,26,6,Sunday,0,61143,2547.62,385,4464,24
2016-06-27,2016,6,Jun,27,0,Monday,1,78893,3287.21,304,6045,24
2016-06-28,2016,6,Jun,28,1,Tuesday,1,82587,3441.12,316,5979,24
2016-06-29,2016,6,Jun,29,2,Wednesday,1,82260,3427.5,297,6053,24
2016-06-30,2016,6,Jun,30,3,Thursday,1,84901,3396.04,313,5855,25
2016-07-01,2016,7,Jul,1,4,Friday,1,79556,3314.83,381,5217,24
2016-07-02,2016,7,Jul,2,5,Saturday,0,56401,2350.04,373,3892,24
2016-07-03,2016,7,Jul,3,6,Sunday,0,51552,2148.0,419,3464,24
2016-07-04,2016,7,Jul,4,0,Monday,1,46678,1944.92,270,3252,24
2016-07-05,2016,7,Jul,5,1,Tuesday,1,108462,3098.91,319,5577,35
2016-07-06,2016,7,Jul,6,2,Wednesday,1,98000,3500.0,288,5951,28
2016-07-07,2016,7,Jul,7,3,Thursday,1,91565,3270.18,335,6080,28
2016-07-08,2016,7,Jul,8,4,Friday,1,80076,3336.5,305,5628,24
2016-07-09,2016,7,Jul,9,5,Saturday,0,54908,1893.38,1,4142,29
2016-07-10,2016,7,Jul,10,6,Sunday,0,75511,2288.21,508,4093,33
2016-07-11,2016,7,Jul,11,0,Monday,1,77723,3108.92,291,5934,25
2016-07-12,2016,7,Jul,12,1,Tuesday,1,81237,3124.5,249,6106,26
2016-07-13,2016,7,Jul,13,2,Wednesday,1,80937,3372.38,271,6025,24
2016-07-14,2016,7,Jul,14,3,Thursday,1,83446,3476.92,282,6131,24
2016-07-15,2016,7,Jul,15,4,Friday,1,83493,3478.88,316,5812,24
2016-07-16,2016,7,Jul,16,5,Saturday,0,65154,2714.75,426,4457,24
2016-07-17,2016,7,Jul,17,6,Sunday,0,57320,2388.33,292,4278,24
2016-07-18,2016,7,Jul,18,0,Monday,1,77057,3210.71,319,5881,24
2016-07-19,2016,7,Jul,19,1,Tuesday,1,78264,3261.0,287,5953,24
2016-07-20,2016,7,Jul,20,2,Wednesday,1,81339,3389.12,315,6074,24
2016-07-21,2016,7,Jul,21,3,Thursday,1,99028,3414.76,279,6133,29
2016-07-22,2016,7,Jul,22,4,Friday,1,81568,2718.93,10,5676,30
2016-07-23,2016,7,Jul,23,5,Saturday,0,6753,192.94,0,2497,35
2016-07-24,2016,7,Jul,24,6,Sunday,0,22284,825.33,3,2998,27
2016-07-25,2016,7,Jul,25,0,Monday,1,78885,3286.88,329,5779,24
2016-07-26,2016,7,Jul,26,1,Tuesday,1,80268,3344.5,278,6121,24
2016-07-27,2016,7,Jul,27,2,Wednesday,1,132660,3790.29,341,6226,35
2016-07-28,2016,7,Jul,28,3,Thursday,1,82096,3420.67,284,6090,24
2016-07-29,2016,7,Jul,29,4,Friday,1,76696,3195.67,359,5697,24
2016-07-30,2016,7,Jul,30,5,Saturday,0,53403,2225.12,230,4128,24
2016-07-31,2016,7,Jul,31,6,Sunday,0,51310,2137.92,196,4128,24
2016-08-01,2016,8,Aug,1,0,Monday,1,78929,3288.71,296,5940,24
2016-08-02,2016,8,Aug,2,1,Tuesday,1,83646,3485.25,424,6485,24
2016-08-03,2016,8,Aug,3,2,Wednesday,1,95792,3421.14,432,6064,28
2016-08-04,2016,8,Aug,4,3,Thursday,1,83903,3495.96,470,6056,24
2016-08-05,2016,8,Aug,5,4,Friday,1,86389,3599.54,583,5720,24
2016-08-06,2016,8,Aug,6,5,Saturday,0,75179,3132.46,642,4850,24
2016-08-07,2016,8,Aug,7,6,Sunday,0,67893,2828.88,541,4984,24
2016-08-08,2016,8,Aug,8,0,Monday,1,79902,3329.25,440,5828,24
2016-08-09,2016,8,Aug,9,1,Tuesday,1,82965,3456.88,440,6148,24
2016-08-10,2016,8,Aug,10,2,Wednesday,1,80712,3363.0,443,6200,24
2016-08-11,2016,8,Aug,11,3,Thursday,1,85267,3552.79,442,6048,24
2016-08-12,2016,8,Aug,12,4,Friday,1,82437,3434.88,436,6034,24
2016-08-13,2016,8,Aug,13,5,Saturday,0,63649,2652.04,294,4226,24
2016-08-14,2016,8,Aug,14,6,Sunday,0,58705,2446.04,294,4282,24
2016-08-15,2016,8,Aug,15,0,Monday,1,78747,3281.12,270,5982,24
2016-08-16,2016,8,Aug,16,1,Tuesday,1,79830,3326.25,271,5969,24
2016-08-17,2016,8,Aug,17,2,Wednesday,1,82589,3441.21,392,6104,24
2016-08-18,2016,8,Aug,18,3,Thursday,1,82139,3422.46,314,6021,24
2016-08-19,2016,8,Aug,19,4,Friday,1,85417,3559.04,526,6128,24
2016-08-20,2016,8,Aug,20,5,Saturday,0,84552,2915.59,400,4788,29
2016-08-21,2016,8,Aug,21,6,Sunday,0,59222,2467.58,435,4266,24
2016-08-22,2016,8,Aug,22,0,Monday,1,81092,3378.83,389,6201,24
2016-08-23,2016,8,Aug,23,1,Tuesday,1,97992,2969.45,322,6343,33
2016-08-24,2016,8,Aug,24,2,Wednesday,1,93008,2735.53,250,6726,34
2016-08-25,2016,8,Aug,25,3,Thursday,1,86688,3612.0,322,6256,24
2016-08-26,2016,8,Aug,26,4,Friday,1,90235,3609.4,327,5876,25
2016-08-27,2016,8,Aug,27,5,Saturday,0,120605,3015.12,408,4438,40
2016-08-28,2016,8,Aug,28,6,Sunday,0,98860,2246.82,383,4369,44
2016-08-29,2016,8,Aug,29,0,Monday,1,97806,3260.2,295,6049,30
2016-08-30,2016,8,Aug,30,1,Tuesday,1,86617,2794.1,225,6243,31
2016-08-31,2016,8,Aug,31,2,Wednesday,1,90752,3241.14,9,6170,28
2016-09-01,2016,9,Sep,1,3,Thursday,1,68567,3265.1,2,6066,21
2016-09-02,2016,9,Sep,2,4,Friday,1,83832,3493.0,336,5704,24
2016-09-03,2016,9,Sep,3,5,Saturday,0,62921,2621.71,360,4312,24
2016-09-04,2016,9,Sep,4,6,Sunday,0,64197,2469.12,360,4284,26
2016-09-05,2016,9,Sep,5,0,Monday,1,74734,1868.35,250,4134,40
2016-09-06,2016,9,Sep,6,1,Tuesday,1,145520,3096.17,249,6074,47
2016-09-07,2016,9,Sep,7,2,Wednesday,1,119391,3617.91,1,6244,33
2016-09-08,2016,9,Sep,8,3,Thursday,1,82922,3455.08,1,6176,24
2016-09-09,2016,9,Sep,9,4,Friday,1,92087,3069.57,277,6156,30
2016-09-10,2016,9,Sep,10,5,Saturday,0,76027,3041.08,585,4936,25
2016-09-11,2016,9,Sep,11,6,Sunday,0,64885,2703.54,519,4775,24
2016-09-12,2016,9,Sep,12,0,Monday,1,87562,3367.77,248,6263,26
2016-09-13,2016,9,Sep,13,1,Tuesday,1,86805,3472.2,250,6290,25
2016-09-14,2016,9,Sep,14,2,Wednesday,1,83634,3484.75,252,6304,24
2016-09-15,2016,9,Sep,15,3,Thursday,1,109712,3539.1,255,6329,31
2016-09-16,2016,9,Sep,16,4,Friday,1,83749,3101.81,257,6261,27
2016-09-17,2016,9,Sep,17,5,Saturday,0,71282,2970.08,391,4813,24
2016-09-18,2016,9,Sep,18,6,Sunday,0,57585,2617.5,391,5053,22
2016-09-19,2016,9,Sep,19,0,Monday,1,79612,3317.17,354,6298,24
2016-09-20,2016,9,Sep,20,1,Tuesday,1,78677,3420.74,391,6356,23
2016-09-21,2016,9,Sep,21,2,Wednesday,1,80305,3491.52,239,6419,23
2016-09-22,2016,9,Sep,22,3,Thursday,1,81702,3404.25,218,6597,24
2016-09-23,2016,9,Sep,23,4,Friday,1,81659,3402.46,262,6098,24
2016-09-24,2016,9,Sep,24,5,Saturday,0,70968,2957.0,448,4666,24
2016-09-25,2016,9,Sep,25,6,Sunday,0,60170,2507.08,375,4787,24
2016-09-26,2016,9,Sep,26,0,Monday,1,79103,3295.96,392,6049,24
2016-09-27,2016,9,Sep,27,1,Tuesday,1,78247,3260.29,221,6054,24
2016-09-28,2016,9,Sep,28,2,Wednesday,1,81510,3396.25,237,6443,24
2016-09-29,2016,9,Sep,29,3,Thursday,1,83224,3467.67,253,6307,24
2016-09-30,2016,9,Sep,30,4,Friday,1,84969,3540.38,281,6301,24
2016-10-01,2016,10,Oct,1,5,Saturday,0,68254,2843.92,448,4557,24
2016-10-02,2016,10,Oct,2,6,Sunday,0,59810,2492.08,380,4397,24
2016-10-03,2016,10,Oct,3,0,Monday,1,78844,3285.17,264,6510,24
2016-10-04,2016,10,Oct,4,1,Tuesday,1,83054,3460.58,557,6199,24
2016-10-05,2016,10,Oct,5,2,Wednesday,1,83459,3477.46,243,6046,24
2016-10-06,2016,10,Oct,6,3,Thursday,1,81872,3411.33,274,6170,24
2016-10-07,2016,10,Oct,7,4,Friday,1,79604,3461.04,264,6235,23
2016-10-08,2016,10,Oct,8,5,Saturday,0,75288,3137.0,371,4980,24
2016-10-09,2016,10,Oct,9,6,Sunday,0,59740,2597.39,384,4872,23
2016-10-10,2016,10,Oct,10,0,Monday,1,74469,3237.78,261,6172,23
2016-10-11,2016,10,Oct,11,1,Tuesday,1,81784,3407.67,477,6294,24
2016-10-12,2016,10,Oct,12,2,Wednesday,1,79022,3292.58,230,6211,24
2016-10-13,2016,10,Oct,13,3,Thursday,1,84043,3501.79,233,6154,24
2016-10-14,2016,10,Oct,14,4,Friday,1,82427,3583.78,373,6108,23
2016-10-15,2016,10,Oct,15,5,Saturday,0,56228,2677.52,391,4396,21
2016-10-16,2016,10,Oct,16,6,Sunday,0,56378,2562.64,413,4550,22
2016-10-17,2016,10,Oct,17,0,Monday,1,79954,3331.42,239,6241,24
2016-10-18,2016,10,Oct,18,1,Tuesday,1,83107,3462.79,310,6322,24
2016-10-19,2016,10,Oct,19,2,Wednesday,1,74712,3396.0,403,6330,22
2016-10-20,2016,10,Oct,20,3,Thursday,1,69895,3678.68,486,6329,19
2016-10-21,2016,10,Oct,21,4,Friday,1,81187,3529.87,344,5997,23
2016-10-22,2016,10,Oct,22,5,Saturday,0,61191,2660.48,447,5004,23
2016-10-23,2016,10,Oct,23,6,Sunday,0,60814,2533.92,447,4603,24
2016-10-24,2016,10,Oct,24,0,Monday,1,77637,3234.88,315,6252,24
2016-10-25,2016,10,Oct,25,1,Tuesday,1,79044,3293.5,232,6149,24
2016-10-26,2016,10,Oct,26,2,Wednesday,1,79207,3300.29,223,6171,24
2016-10-27,2016,10,Oct,27,3,Thursday,1,84421,3517.54,245,6534,24
2016-10-28,2016,10,Oct,28,4,Friday,1,85816,3575.67,342,6310,24
2016-10-29,2016,10,Oct,29,5,Saturday,0,66605,2775.21,580,4451,24
2016-10-30,2016,10,Oct,30,6,Sunday,0,52869,2202.88,325,4204,24
2016-10-31,2016,10,Oct,31,0,Monday,1,77403,3225.12,255,6242,24
2016-11-01,2016,11,Nov,1,1,Tuesday,1,83787,3491.12,252,6103,24
2016-11-02,2016,11,Nov,2,2,Wednesday,1,82068,3282.72,276,6364,25
2016-11-03,2016,11,Nov,3,3,Thursday,1,93029,3721.16,443,6325,25
2016-11-04,2016,11,Nov,4,4,Friday,1,95778,3683.77,309,6166,26
2016-11-05,2016,11,Nov,5,5,Saturday,0,66800,2672.0,331,4621,25
2016-11-06,2016,11,Nov,6,6,Sunday,0,53121,2124.84,194,4093,25
2016-11-07,2016,11,Nov,7,0,Monday,1,78260,3260.83,217,6191,24
2016-11-08,2016,11,Nov,8,1,Tuesday,1,79389,3307.88,238,6182,24
2016-11-09,2016,11,Nov,9,2,Wednesday,1,88608,3544.32,346,6263,25
2016-11-10,2016,11,Nov,10,3,Thursday,1,82784,3449.33,419,6154,24
2016-11-11,2016,11,Nov,11,4,Friday,1,82612,3442.17,306,5797,24
2016-11-12,2016,11,Nov,12,5,Saturday,0,63519,2646.62,336,4513,24
2016-11-13,2016,11,Nov,13,6,Sunday,0,50791,2116.29,336,4165,24
2016-11-14,2016,11,Nov,14,0,Monday,1,78636,3145.44,275,6248,25
2016-11-15,2016,11,Nov,15,1,Tuesday,1,107188,2896.97,242,6443,37
2016-11-16,2016,11,Nov,16,2,Wednesday,1,81564,3020.89,255,6312,27
2016-11-17,2016,11,Nov,17,3,Thursday,1,86824,3617.67,258,6432,24
2016-11-18,2016,11,Nov,18,4,Friday,1,204565,3652.95,346,5892,56
2016-11-19,2016,11,Nov,19,5,Saturday,0,65048,2710.33,505,4389,24
2016-11-20,2016,11,Nov,20,6,Sunday,0,53556,2231.5,505,4215,24
2016-11-21,2016,11,Nov,21,0,Monday,1,78376,3265.67,256,6292,24
2016-11-22,2016,11,Nov,22,1,Tuesday,1,170238,3273.81,256,5654,52
2016-11-23,2016,11,Nov,23,2,Wednesday,1,156818,3074.86,257,5279,51
2016-11-24,2016,11,Nov,24,3,Thursday,1,93206,2219.19,262,2940,42
2016-11-25,2016,11,Nov,25,4,Friday,1,60339,2011.3,300,4667,30
2016-11-26,2016,11,Nov,26,5,Saturday,0,73574,1936.16,300,4018,38
2016-11-27,2016,11,Nov,27,6,Sunday,0,110796,2014.47,300,4543,55
2016-11-28,2016,11,Nov,28,0,Monday,1,149725,2935.78,240,6201,51
2016-11-29,2016,11,Nov,29,1,Tuesday,1,111928,2869.95,233,6314,39
2016-11-30,2016,11,Nov,30,2,Wednesday,1,190638,3125.21,274,5949,61
2016-12-01,2016,12,Dec,1,3,Thursday,1,93542,3225.59,257,6484,29
2016-12-02,2016,12,Dec,2,4,Friday,1,92591,3857.96,321,6594,24
2016-12-03,2016,12,Dec,3,5,Saturday,0,76077,3043.08,402,5518,25
2016-12-04,2016,12,Dec,4,6,Sunday,0,86699,2281.55,296,4502,38
2016-12-05,2016,12,Dec,5,0,Monday,1,113072,3769.07,261,6338,30
2016-12-06,2016,12,Dec,6,1,Tuesday,1,82225,3575.0,284,6612,23
2016-12-07,2016,12,Dec,7,2,Wednesday,1,101791,3915.04,273,6404,26
2016-12-08,2016,12,Dec,8,3,Thursday,1,96615,3450.54,420,6632,28
2016-12-09,2016,12,Dec,9,4,Friday,1,108442,4016.37,322,6512,27
2016-12-10,2016,12,Dec,10,5,Saturday,0,89149,2875.77,365,5061,31
2016-12-11,2016,12,Dec,11,6,Sunday,0,99053,1904.87,318,3541,52
2016-12-12,2016,12,Dec,12,0,Monday,1,135165,3556.97,380,5785,38
2016-12-13,2016,12,Dec,13,1,Tuesday,1,87343,3639.29,386,6236,24
2016-12-14,2016,12,Dec,14,2,Wednesday,1,116050,3868.33,369,6306,30
2016-12-15,2016,12,Dec,15,3,Thursday,1,87303,3637.62,274,6603,24
2016-12-16,2016,12,Dec,16,4,Friday,1,104632,2682.87,314,5459,39
2016-12-17,2016,12,Dec,17,5,Saturday,0,67869,1696.72,317,4312,40
2016-12-18,2016,12,Dec,18,6,Sunday,0,44814,1948.43,277,3869,23
2016-12-19,2016,12,Dec,19,0,Monday,1,83400,3336.0,254,5832,25
2016-12-20,2016,12,Dec,20,1,Tuesday,1,88534,3688.92,316,6079,24
2016-12-21,2016,12,Dec,21,2,Wednesday,1,85402,3558.42,333,6179,24
2016-12-22,2016,12,Dec,22,3,Thursday,1,84920,3538.33,308,6180,24
2016-12-23,2016,12,Dec,23,4,Friday,1,151497,3607.07,339,4956,42
2016-12-24,2016,12,Dec,24,5,Saturday,0,85765,2450.43,465,3887,35
2016-12-25,2016,12,Dec,25,6,Sunday,0,91433,1498.9,113,2554,61
2016-12-26,2016,12,Dec,26,0,Monday,1,59322,2197.11,431,3946,27
2016-12-27,2016,12,Dec,27,1,Tuesday,1,75618,3150.75,266,5730,24
2016-12-28,2016,12,Dec,28,2,Wednesday,1,81022,3375.92,408,6164,24
2016-12-29,2016,12,Dec,29,3,Thursday,1,82366,3431.92,435,5894,24
2016-12-30,2016,12,Dec,30,4,Friday,1,81734,3405.58,473,5848,24
2016-12-31,2016,12,Dec,31,5,Saturday,0,64473,2686.38,499,4777,24
2017-01-01,2017,1,Jan,1,6,Sunday,0,51063,2127.62,500,3594,24
2017-01-02,2017,1,Jan,2,0,Monday,1,99808,2376.38,363,3933,42
2017-01-03,2017,1,Jan,3,1,Tuesday,1,82929,2675.13,400,6114,31
2017-01-04,2017,1,Jan,4,2,Wednesday,1,85131,3405.24,249,6242,25
2017-01-05,2017,1,Jan,5,3,Thursday,1,89926,2900.84,366,6220,31
2017-01-06,2017,1,Jan,6,4,Friday,1,86597,3330.65,357,6350,26
2017-01-07,2017,1,Jan,7,5,Saturday,0,65994,2749.75,565,5092,24
2017-01-08,2017,1,Jan,8,6,Sunday,0,55603,2316.79,565,4316,24
2017-01-09,2017,1,Jan,9,0,Monday,1,113882,3450.97,473,6272,33
2017-01-10,2017,1,Jan,10,1,Tuesday,1,113940,3079.46,255,5013,37
2017-01-11,2017,1,Jan,11,2,Wednesday,1,91208,2942.19,264,5725,31
2017-01-12,2017,1,Jan,12,3,Thursday,1,96795,3722.88,279,6026,26
2017-01-13,2017,1,Jan,13,4,Friday,1,87355,3639.79,280,6414,24
2017-01-14,2017,1,Jan,14,5,Saturday,0,66050,2752.08,561,4808,24
2017-01-15,2017,1,Jan,15,6,Sunday,0,59184,2113.71,510,4529,28
2017-01-16,2017,1,Jan,16,0,Monday,1,111604,2790.1,369,4852,40
2017-01-17,2017,1,Jan,17,1,Tuesday,1,149004,3311.2,216,6184,45
2017-01-18,2017,1,Jan,18,2,Wednesday,1,118851,3301.42,394,6326,36
2017-01-19,2017,1,Jan,19,3,Thursday,1,146960,3340.0,433,6617,44
2017-01-20,2017,1,Jan,20,4,Friday,1,191471,3359.14,325,6255,57
2017-01-21,2017,1,Jan,21,5,Saturday,0,184582,2977.13,388,6249,62
2017-01-22,2017,1,Jan,22,6,Sunday,0,76447,1960.18,388,4510,39
2017-01-23,2017,1,Jan,23,0,Monday,1,152005,3535.0,260,6339,43
2017-01-24,2017,1,Jan,24,1,Tuesday,1,83902,3356.08,241,6543,25
2017-01-25,2017,1,Jan,25,2,Wednesday,1,102384,3530.48,469,6513,29
2017-01-26,2017,1,Jan,26,3,Thursday,1,90924,3788.5,266,6772,24
2017-01-27,2017,1,Jan,27,4,Friday,1,91525,3813.54,312,6266,24
2017-01-28,2017,1,Jan,28,5,Saturday,0,72645,3026.88,394,5247,24
2017-01-29,2017,1,Jan,29,6,Sunday,0,58191,2424.62,294,4767,24
2017-01-30,2017,1,Jan,30,0,Monday,1,118786,2897.22,227,6234,41
2017-01-31,2017,1,Jan,31,1,Tuesday,1,105133,2695.72,234,6699,39
2017-02-01,2017,2,Feb,1,2,Wednesday,1,86747,3614.46,270,6589,24
2017-02-02,2017,2,Feb,2,3,Thursday,1,87064,3627.67,259,6351,24
2017-02-03,2017,2,Feb,3,4,Friday,1,92496,3854.0,367,6421,24
2017-02-04,2017,2,Feb,4,5,Saturday,0,72726,3030.25,482,5008,24
2017-02-05,2017,2,Feb,5,6,Sunday,0,58130,2422.08,482,4493,24
2017-02-06,2017,2,Feb,6,0,Monday,1,82586,3441.08,256,6551,24
2017-02-07,2017,2,Feb,7,1,Tuesday,1,129796,3508.0,257,6499,37
2017-02-08,2017,2,Feb,8,2,Wednesday,1,90967,3790.29,387,6785,24
2017-02-09,2017,2,Feb,9,3,Thursday,1,88847,3701.96,292,6630,24
2017-02-10,2017,2,Feb,10,4,Friday,1,85539,3564.12,303,6566,24
2017-02-11,2017,2,Feb,11,5,Saturday,0,76664,2738.0,265,5020,28
2017-02-12,2017,2,Feb,12,6,Sunday,0,65121,2245.55,265,5766,29
2017-02-13,2017,2,Feb,13,0,Monday,1,57793,3612.06,324,6643,16
2017-02-14,2017,2,Feb,14,1,Tuesday,1,89002,3869.65,266,6530,23
2017-02-15,2017,2,Feb,15,2,Wednesday,1,88218,3675.75,287,6830,24
2017-02-16,2017,2,Feb,16,3,Thursday,1,91959,3831.62,418,6888,24
2017-02-17,2017,2,Feb,17,4,Friday,1,92271,3844.62,325,6571,24
2017-02-18,2017,2,Feb,18,5,Saturday,0,73680,3070.0,369,5255,24
2017-02-19,2017,2,Feb,19,6,Sunday,0,62846,2618.58,402,5012,24
2017-02-20,2017,2,Feb,20,0,Monday,1,74482,3103.42,298,5107,24
2017-02-21,2017,2,Feb,21,1,Tuesday,1,86364,3925.64,358,6960,22
2017-02-22,2017,2,Feb,22,2,Wednesday,1,138713,3383.24,313,6359,41
2017-02-23,2017,2,Feb,23,3,Thursday,1,93391,3891.29,304,7154,24
2017-02-24,2017,2,Feb,24,4,Friday,1,93963,3613.96,293,6215,26
2017-02-25,2017,2,Feb,25,5,Saturday,0,72214,3008.92,396,5280,24
2017-02-26,2017,2,Feb,26,6,Sunday,0,61533,2563.88,396,4676,24
2017-02-27,2017,2,Feb,27,0,Monday,1,88063,3669.29,264,6724,24
2017-02-28,2017,2,Feb,28,1,Tuesday,1,136459,3790.53,302,6949,36
2017-03-01,2017,3,Mar,1,2,Wednesday,1,104530,3371.94,357,6948,31
2017-03-02,2017,3,Mar,2,3,Thursday,1,91641,3818.38,258,6686,24
2017-03-03,2017,3,Mar,3,4,Friday,1,99628,3831.85,310,6607,26
2017-03-04,2017,3,Mar,4,5,Saturday,0,71544,2981.0,365,5204,24
2017-03-05,2017,3,Mar,5,6,Sunday,0,63844,2660.17,491,4745,24
2017-03-06,2017,3,Mar,6,0,Monday,1,118414,3700.44,304,6645,32
2017-03-07,2017,3,Mar,7,1,Tuesday,1,90211,3758.79,237,6722,24
2017-03-08,2017,3,Mar,8,2,Wednesday,1,91566,3815.25,303,7107,24
2017-03-09,2017,3,Mar,9,3,Thursday,1,95650,3985.42,271,7280,24
2017-03-10,2017,3,Mar,10,4,Friday,1,96325,4013.54,345,6986,24
2017-03-11,2017,3,Mar,11,5,Saturday,0,79052,3293.83,430,5611,24
2017-03-12,2017,3,Mar,12,6,Sunday,0,78716,2459.88,430,5027,32
2017-03-13,2017,3,Mar,13,0,Monday,1,82025,2828.45,282,6366,29
2017-03-14,2017,3,Mar,14,1,Tuesday,1,85843,3576.79,244,6494,24
2017-03-15,2017,3,Mar,15,2,Wednesday,1,84046,3654.17,468,6628,23
2017-03-16,2017,3,Mar,16,3,Thursday,1,115720,3857.33,503,6756,30
2017-03-17,2017,3,Mar,17,4,Friday,1,97433,3897.32,327,6691,25
2017-03-18,2017,3,Mar,18,5,Saturday,0,74675,3111.46,410,5059,24
2017-03-19,2017,3,Mar,19,6,Sunday,0,62760,2615.0,410,4924,24
2017-03-20,2017,3,Mar,20,0,Monday,1,83702,3487.58,223,6572,24
2017-03-21,2017,3,Mar,21,1,Tuesday,1,85788,3729.91,260,6657,23
2017-03-22,2017,3,Mar,22,2,Wednesday,1,88951,3706.29,285,6746,24
2017-03-23,2017,3,Mar,23,3,Thursday,1,156813,3824.71,265,6821,41
2017-03-24,2017,3,Mar,24,4,Friday,1,150122,3411.86,313,6538,44
2017-03-25,2017,3,Mar,25,5,Saturday,0,81646,2915.93,271,5736,28
2017-03-26,2017,3,Mar,26,6,Sunday,0,109375,2144.61,271,4659,51
2017-03-27,2017,3,Mar,27,0,Monday,1,119333,3849.45,276,6720,31
2017-03-28,2017,3,Mar,28,1,Tuesday,1,97434,3897.36,310,6725,25
2017-03-29,2017,3,Mar,29,2,Wednesday,1,101397,3496.45,325,7004,29
2017-03-30,2017,3,Mar,30,3,Thursday,1,100929,3480.31,255,6695,29
2017-03-31,2017,3,Mar,31,4,Friday,1,94803,3950.12,339,6701,24
2017-04-01,2017,4,Apr,1,5,Saturday,0,74989,3124.54,459,5070,24
2017-04-02,2017,4,Apr,2,6,Sunday,0,80469,2873.89,459,4573,28
2017-04-03,2017,4,Apr,3,0,Monday,1,201214,3869.5,270,6539,52
2017-04-04,2017,4,Apr,4,1,Tuesday,1,91438,3153.03,283,7065,29
2017-04-05,2017,4,Apr,5,2,Wednesday,1,89737,3739.04,286,6828,24
2017-04-06,2017,4,Apr,6,3,Thursday,1,92160,3840.0,283,6723,24
2017-04-07,2017,4,Apr,7,4,Friday,1,88187,3834.22,382,6688,23
2017-04-08,2017,4,Apr,8,5,Saturday,0,69220,2884.17,468,4552,24
2017-04-09,2017,4,Apr,9,6,Sunday,0,79274,2642.47,295,4654,30
2017-04-10,2017,4,Apr,10,0,Monday,1,145712,3388.65,325,6590,43
2017-04-11,2017,4,Apr,11,1,Tuesday,1,93430,3013.87,304,6622,31
2017-04-12,2017,4,Apr,12,2,Wednesday,1,127257,3534.92,262,6845,36
2017-04-13,2017,4,Apr,13,3,Thursday,1,100184,3710.52,297,6750,27
2017-04-14,2017,4,Apr,14,4,Friday,1,158449,3864.61,304,6026,41
2017-04-15,2017,4,Apr,15,5,Saturday,0,128128,2247.86,367,4958,57
2017-04-16,2017,4,Apr,16,6,Sunday,0,62346,2597.75,320,4697,24
2017-04-17,2017,4,Apr,17,0,Monday,1,88022,3667.58,280,6733,24
2017-04-18,2017,4,Apr,18,1,Tuesday,1,116719,3890.63,263,6907,30
2017-04-19,2017,4,Apr,19,2,Wednesday,1,141551,3538.78,274,6544,40
2017-04-20,2017,4,Apr,20,3,Thursday,1,155691,3538.43,257,6925,44
2017-04-21,2017,4,Apr,21,4,Friday,1,108673,4024.93,331,6703,27
2017-04-22,2017,4,Apr,22,5,Saturday,0,78104,3254.33,500,5891,24
2017-04-23,2017,4,Apr,23,6,Sunday,0,62583,2607.62,353,4907,24
2017-04-24,2017,4,Apr,24,0,Monday,1,90313,3612.52,263,6830,25
2017-04-25,2017,4,Apr,25,1,Tuesday,1,138165,3454.12,251,6781,40
2017-04-26,2017,4,Apr,26,2,Wednesday,1,193180,3512.36,286,6723,55
2017-04-27,2017,4,Apr,27,3,Thursday,1,118444,3701.38,251,6957,32
2017-04-28,2017,4,Apr,28,4,Friday,1,97100,4045.83,428,6882,24
2017-04-29,2017,4,Apr,29,5,Saturday,0,76105,3171.04,374,5252,24
2017-04-30,2017,4,Apr,30,6,Sunday,0,88061,2668.52,319,4622,33
2017-05-01,2017,5,May,1,0,Monday,1,248731,3657.81,245,6293,68
2017-05-02,2017,5,May,2,1,Tuesday,1,101603,3078.88,242,7126,33
2017-05-03,2017,5,May,3,2,Wednesday,1,90227,3759.46,346,6754,24
2017-05-04,2017,5,May,4,3,Thursday,1,92877,3869.88,287,6736,24
2017-05-05,2017,5,May,5,4,Friday,1,94072,3919.67,293,6528,24
2017-05-06,2017,5,May,6,5,Saturday,0,76976,3207.33,481,5236,24
2017-05-07,2017,5,May,7,6,Sunday,0,65525,2730.21,396,5097,24
2017-05-08,2017,5,May,8,0,Monday,1,99502,3109.44,281,6752,32
2017-05-09,2017,5,May,9,1,Tuesday,1,90130,3218.93,233,7011,28
2017-05-10,2017,5,May,10,2,Wednesday,1,99942,3843.92,255,6739,26
2017-05-11,2017,5,May,11,3,Thursday,1,93906,3912.75,297,6548,24
2017-05-12,2017,5,May,12,4,Friday,1,96014,4000.58,399,6815,24
2017-05-13,2017,5,May,13,5,Saturday,0,73821,3075.88,389,4972,24
2017-05-14,2017,5,May,14,6,Sunday,0,67090,2795.42,382,4855,24
2017-05-15,2017,5,May,15,0,Monday,1,114275,3809.17,268,6591,30
2017-05-16,2017,5,May,16,1,Tuesday,1,150968,3594.48,261,6357,42
2017-05-17,2017,5,May,17,2,Wednesday,1,198500,3482.46,287,6863,57
2017-05-18,2017,5,May,18,3,Thursday,1,141080,3359.05,278,6530,42
2017-05-19,2017,5,May,19,4,Friday,1,90502,3770.92,344,6490,24
2017-05-20,2017,5,May,20,5,Saturday,0,143693,3123.76,379,4397,46
2017-05-21,2017,5,May,21,6,Sunday,0,136587,2483.4,333,4881,55
2017-05-22,2017,5,May,22,0,Monday,1,86053,3309.73,341,6350,26
2017-05-23,2017,5,May,23,1,Tuesday,1,96969,3591.44,300,6873,27
2017-05-24,2017,5,May,24,2,Wednesday,1,90489,3770.38,302,6832,24
2017-05-25,2017,5,May,25,3,Thursday,1,98445,3786.35,292,6500,26
2017-05-26,2017,5,May,26,4,Friday,1,86240,3593.33,367,5985,24
2017-05-27,2017,5,May,27,5,Saturday,0,60864,2536.0,392,4393,24
2017-05-28,2017,5,May,28,6,Sunday,0,67799,2511.07,392,4325,27
2017-05-29,2017,5,May,29,0,Monday,1,59338,2282.23,306,3908,26
2017-05-30,2017,5,May,30,1,Tuesday,1,91177,3647.08,280,6736,25
2017-05-31,2017,5,May,31,2,Wednesday,1,89218,3717.42,274,6471,24
2017-06-01,2017,6,Jun,1,3,Thursday,1,90324,3763.5,295,6533,24
2017-06-02,2017,6,Jun,2,4,Friday,1,91226,3801.08,343,6385,24
2017-06-03,2017,6,Jun,3,5,Saturday,0,70613,2942.21,488,4883,24
2017-06-04,2017,6,Jun,4,6,Sunday,0,72306,3012.75,488,4709,24
2017-06-05,2017,6,Jun,5,0,Monday,1,86567,3606.96,480,6324,24
2017-06-06,2017,6,Jun,6,1,Tuesday,1,86732,3613.83,294,6238,24
2017-06-07,2017,6,Jun,7,2,Wednesday,1,95308,3529.93,315,6465,27
2017-06-08,2017,6,Jun,8,3,Thursday,1,92427,3851.12,563,6500,24
2017-06-09,2017,6,Jun,9,4,Friday,1,90519,3771.62,371,6350,24
2017-06-10,2017,6,Jun,10,5,Saturday,0,70534,2938.92,414,4857,24
2017-06-11,2017,6,Jun,11,6,Sunday,0,98126,2652.05,338,4510,37
2017-06-12,2017,6,Jun,12,0,Monday,1,128267,3375.45,308,6068,38
2017-06-13,2017,6,Jun,13,1,Tuesday,1,88511,3687.96,293,6262,24
2017-06-14,2017,6,Jun,14,2,Wednesday,1,97889,3059.03,310,6593,32
2017-06-15,2017,6,Jun,15,3,Thursday,1,91063,3794.29,336,6239,24
2017-06-16,2017,6,Jun,16,4,Friday,1,88644,3545.76,384,6195,25
2017-06-17,2017,6,Jun,17,5,Saturday,0,75249,2894.19,318,4624,26
2017-06-18,2017,6,Jun,18,6,Sunday,0,70936,2446.07,390,4906,29
2017-06-19,2017,6,Jun,19,0,Monday,1,84372,3515.5,343,6300,24
2017-06-20,2017,6,Jun,20,1,Tuesday,1,98323,3641.59,318,6395,27
2017-06-21,2017,6,Jun,21,2,Wednesday,1,90678,3778.25,355,6673,24
2017-06-22,2017,6,Jun,22,3,Thursday,1,149806,4280.17,336,6196,35
2017-06-23,2017,6,Jun,23,4,Friday,1,94657,3944.04,561,6583,24
2017-06-24,2017,6,Jun,24,5,Saturday,0,88811,3171.82,461,4651,28
2017-06-25,2017,6,Jun,25,6,Sunday,0,75661,2802.26,445,4467,27
2017-06-26,2017,6,Jun,26,0,Monday,1,83348,3472.83,330,6255,24
2017-06-27,2017,6,Jun,27,1,Tuesday,1,86494,3603.92,334,6422,24
2017-06-28,2017,6,Jun,28,2,Wednesday,1,179114,3980.31,289,6374,45
2017-06-29,2017,6,Jun,29,3,Thursday,1,90884,3786.83,464,6747,24
2017-06-30,2017,6,Jun,30,4,Friday,1,104052,3716.14,383,5934,28
2017-07-01,2017,7,Jul,1,5,Saturday,0,68223,2623.96,465,4217,26
2017-07-02,2017,7,Jul,2,6,Sunday,0,52736,2636.8,465,3908,20
2017-07-03,2017,7,Jul,3,0,Monday,1,69451,2893.79,428,4942,24
2017-07-04,2017,7,Jul,4,1,Tuesday,1,51205,2133.54,440,3408,24
2017-07-05,2017,7,Jul,5,2,Wednesday,1,88220,3150.71,428,6052,28
2017-07-06,2017,7,Jul,6,3,Thursday,1,102007,3778.04,305,6182,27
2017-07-07,2017,7,Jul,7,4,Friday,1,92983,3719.32,349,5750,25
2017-07-08,2017,7,Jul,8,5,Saturday,0,68665,2543.15,389,4476,27
2017-07-09,2017,7,Jul,9,6,Sunday,0,66002,2357.21,363,4514,28
2017-07-10,2017,7,Jul,10,0,Monday,1,76534,3188.92,257,6597,24
2017-07-11,2017,7,Jul,11,1,Tuesday,1,97121,3597.07,299,6409,27
2017-07-12,2017,7,Jul,12,2,Wednesday,1,89975,3460.58,281,6673,26
2017-07-13,2017,7,Jul,13,3,Thursday,1,100231,3579.68,330,6576,28
2017-07-14,2017,7,Jul,14,4,Friday,1,92893,3870.54,471,6221,24
2017-07-15,2017,7,Jul,15,5,Saturday,0,67582,2815.92,427,4484,24
2017-07-16,2017,7,Jul,16,6,Sunday,0,64138,2672.42,486,4425,24
2017-07-17,2017,7,Jul,17,0,Monday,1,90116,3218.43,337,6391,28
2017-07-18,2017,7,Jul,18,1,Tuesday,1,106965,3241.36,269,6702,33
2017-07-19,2017,7,Jul,19,2,Wednesday,1,154315,3354.67,328,6447,46
2017-07-20,2017,7,Jul,20,3,Thursday,1,124102,3760.67,361,6446,33
2017-07-21,2017,7,Jul,21,4,Friday,1,109154,3521.1,333,6031,31
2017-07-22,2017,7,Jul,22,5,Saturday,0,70264,2810.56,583,4826,25
2017-07-23,2017,7,Jul,23,6,Sunday,0,62700,2612.5,355,4720,24
2017-07-24,2017,7,Jul,24,0,Monday,1,90631,3356.7,300,6359,27
2017-07-25,2017,7,Jul,25,1,Tuesday,1,132476,3580.43,282,6827,37
2017-07-26,2017,7,Jul,26,2,Wednesday,1,151877,3894.28,296,6698,39
2017-07-27,2017,7,Jul,27,3,Thursday,1,93364,3890.17,360,6529,24
2017-07-28,2017,7,Jul,28,4,Friday,1,98140,3925.6,458,6364,25
2017-07-29,2017,7,Jul,29,5,Saturday,0,69190,2882.92,342,4850,24
2017-07-30,2017,7,Jul,30,6,Sunday,0,66849,2785.38,342,5031,24
2017-07-31,2017,7,Jul,31,0,Monday,1,85409,3558.71,345,6562,24
2017-08-01,2017,8,Aug,1,1,Tuesday,1,88612,3692.17,307,6651,24
2017-08-02,2017,8,Aug,2,2,Wednesday,1,89136,3714.0,343,6450,24
2017-08-03,2017,8,Aug,3,3,Thursday,1,194089,4313.09,322,6587,45
2017-08-04,2017,8,Aug,4,4,Friday,1,90531,3621.24,333,6175,25
2017-08-05,2017,8,Aug,5,5,Saturday,0,77364,2975.54,414,4586,26
2017-08-06,2017,8,Aug,6,6,Sunday,0,85369,2845.63,414,4636,30
2017-08-07,2017,8,Aug,7,0,Monday,1,115565,3398.97,292,6468,34
2017-08-08,2017,8,Aug,8,1,Tuesday,1,91563,3815.12,321,6997,24
2017-08-09,2017,8,Aug,9,2,Wednesday,1,164198,4104.95,306,6584,40
2017-08-10,2017,8,Aug,10,3,Thursday,1,109677,3225.79,288,6732,34
2017-08-11,2017,8,Aug,11,4,Friday,1,113116,3770.53,341,6038,30
2017-08-12,2017,8,Aug,12,5,Saturday,0,72024,3001.0,449,4876,24
2017-08-13,2017,8,Aug,13,6,Sunday,0,76685,2556.17,368,4708,30
2017-08-14,2017,8,Aug,14,0,Monday,1,107051,3148.56,277,6670,34
2017-08-15,2017,8,Aug,15,1,Tuesday,1,134638,3739.94,268,6556,36
2017-08-16,2017,8,Aug,16,2,Wednesday,1,134851,3852.89,298,6729,35
2017-08-17,2017,8,Aug,17,3,Thursday,1,165206,3671.24,286,6785,45
2017-08-18,2017,8,Aug,18,4,Friday,1,142453,4189.79,341,6201,34
2017-08-19,2017,8,Aug,19,5,Saturday,0,89254,2625.12,395,4832,34
2017-08-20,2017,8,Aug,20,6,Sunday,0,66348,2653.92,401,4586,25
2017-08-21,2017,8,Aug,21,0,Monday,1,137111,4154.88,268,6844,33
2017-08-22,2017,8,Aug,22,1,Tuesday,1,90535,3772.29,330,6537,24
2017-08-23,2017,8,Aug,23,2,Wednesday,1,91508,3812.83,295,6789,24
2017-08-24,2017,8,Aug,24,3,Thursday,1,96582,3863.28,278,6821,25
2017-08-25,2017,8,Aug,25,4,Friday,1,122598,3831.19,310,6461,32
2017-08-26,2017,8,Aug,26,5,Saturday,0,159430,2748.79,381,4824,58
2017-08-27,2017,8,Aug,27,6,Sunday,0,75630,2607.93,356,4958,29
2017-08-28,2017,8,Aug,28,0,Monday,1,89106,3712.75,260,6691,24
2017-08-29,2017,8,Aug,29,1,Tuesday,1,116413,3880.43,252,6884,30
2017-08-30,2017,8,Aug,30,2,Wednesday,1,93245,3885.21,270,6799,24
2017-08-31,2017,8,Aug,31,3,Thursday,1,97332,4055.5,282,6788,24
2017-09-01,2017,9,Sep,1,4,Friday,1,114993,3484.64,357,6424,33
2017-09-02,2017,9,Sep,2,5,Saturday,0,74937,2676.32,368,4882,28
2017-09-03,2017,9,Sep,3,6,Sunday,0,66080,2753.33,335,5025,24
2017-09-04,2017,9,Sep,4,0,Monday,1,70719,2525.68,302,4377,28
2017-09-05,2017,9,Sep,5,1,Tuesday,1,87418,3642.42,242,6572,24
2017-09-06,2017,9,Sep,6,2,Wednesday,1,89875,3744.79,250,6799,24
2017-09-07,2017,9,Sep,7,3,Thursday,1,94401,3496.33,259,6685,27
2017-09-08,2017,9,Sep,8,4,Friday,1,93617,3900.71,277,6597,24
2017-09-09,2017,9,Sep,9,5,Saturday,0,68814,2867.25,383,4596,24
2017-09-10,2017,9,Sep,10,6,Sunday,0,57979,2415.79,315,4232,24
2017-09-11,2017,9,Sep,11,0,Monday,1,88227,3529.08,240,7117,25
2017-09-12,2017,9,Sep,12,1,Tuesday,1,128639,3573.31,244,7007,36
2017-09-13,2017,9,Sep,13,2,Wednesday,1,89316,3721.5,272,6944,24
2017-09-14,2017,9,Sep,14,3,Thursday,1,93482,3895.08,309,6774,24
2017-09-15,2017,9,Sep,15,4,Friday,1,101578,4063.12,333,6744,25
2017-09-16,2017,9,Sep,16,5,Saturday,0,91979,2967.06,434,5190,31
2017-09-17,2017,9,Sep,17,6,Sunday,0,61542,2564.25,340,4585,24
2017-09-18,2017,9,Sep,18,0,Monday,1,124689,3778.45,265,6430,33
2017-09-19,2017,9,Sep,19,1,Tuesday,1,94728,3789.12,230,6741,25
2017-09-20,2017,9,Sep,20,2,Wednesday,1,92595,3703.8,294,6646,25
2017-09-21,2017,9,Sep,21,3,Thursday,1,78039,3716.14,297,6899,21
2017-09-22,2017,9,Sep,22,4,Friday,1,115601,4128.61,311,6778,28
2017-09-23,2017,9,Sep,23,5,Saturday,0,80251,3210.04,440,5159,25
2017-09-24,2017,9,Sep,24,6,Sunday,0,66004,2750.17,362,4745,24
2017-09-25,2017,9,Sep,25,0,Monday,1,138006,3366.0,328,6457,41
2017-09-26,2017,9,Sep,26,1,Tuesday,1,132213,3573.32,229,6894,37
2017-09-27,2017,9,Sep,27,2,Wednesday,1,88990,3869.13,271,6680,23
2017-09-28,2017,9,Sep,28,3,Thursday,1,91735,3822.29,270,6781,24
2017-09-29,2017,9,Sep,29,4,Friday,1,96611,4025.46,310,6627,24
2017-09-30,2017,9,Sep,30,5,Saturday,0,84463,3378.52,401,5409,25
2017-10-01,2017,10,Oct,1,6,Sunday,0,74492,2758.96,356,5265,27
2017-10-02,2017,10,Oct,2,0,Monday,1,144343,3137.89,241,6667,46
2017-10-03,2017,10,Oct,3,1,Tuesday,1,115010,3026.58,212,6706,38
2017-10-04,2017,10,Oct,4,2,Wednesday,1,88855,3702.29,281,6415,24
2017-10-05,2017,10,Oct,5,3,Thursday,1,107606,3985.41,250,6783,27
2017-10-06,2017,10,Oct,6,4,Friday,1,201183,4023.66,286,6727,50
2017-10-07,2017,10,Oct,7,5,Saturday,0,123429,2805.2,374,4926,44
2017-10-08,2017,10,Oct,8,6,Sunday,0,61765,2573.54,313,4675,24
2017-10-09,2017,10,Oct,9,0,Monday,1,83919,3496.62,247,6630,24
2017-10-10,2017,10,Oct,10,1,Tuesday,1,96131,3845.24,235,6745,25
2017-10-11,2017,10,Oct,11,2,Wednesday,1,90079,3753.29,253,6785,24
2017-10-12,2017,10,Oct,12,3,Thursday,1,103002,3961.62,276,6742,26
2017-10-13,2017,10,Oct,13,4,Friday,1,97258,4052.42,305,6656,24
2017-10-14,2017,10,Oct,14,5,Saturday,0,127890,3552.5,382,5441,36
2017-10-15,2017,10,Oct,15,6,Sunday,0,73266,2220.18,407,5022,33
2017-10-16,2017,10,Oct,16,0,Monday,1,87544,3647.67,241,6625,24
2017-10-17,2017,10,Oct,17,1,Tuesday,1,89431,3726.29,309,6700,24
2017-10-18,2017,10,Oct,18,2,Wednesday,1,91968,3832.0,265,6782,24
2017-10-19,2017,10,Oct,19,3,Thursday,1,90805,3783.54,285,6656,24
2017-10-20,2017,10,Oct,20,4,Friday,1,92342,3847.58,318,6244,24
2017-10-21,2017,10,Oct,21,5,Saturday,0,105330,2925.83,436,4890,36
2017-10-22,2017,10,Oct,22,6,Sunday,0,65433,2726.38,332,4959,24
2017-10-23,2017,10,Oct,23,0,Monday,1,86036,3584.83,265,6726,24
2017-10-24,2017,10,Oct,24,1,Tuesday,1,91832,3826.33,237,6879,24
2017-10-25,2017,10,Oct,25,2,Wednesday,1,89855,3743.96,226,6630,24
2017-10-26,2017,10,Oct,26,3,Thursday,1,130688,3630.22,268,6874,36
2017-10-27,2017,10,Oct,27,4,Friday,1,223543,3725.72,278,6061,60
2017-10-28,2017,10,Oct,28,5,Saturday,0,76716,3196.5,376,5234,24
2017-10-29,2017,10,Oct,29,6,Sunday,0,75870,2529.0,354,4514,30
2017-10-30,2017,10,Oct,30,0,Monday,1,114346,3811.53,293,6601,30
2017-10-31,2017,10,Oct,31,1,Tuesday,1,90272,3761.33,219,6985,24
2017-11-01,2017,11,Nov,1,2,Wednesday,1,154413,3860.32,343,6321,40
2017-11-02,2017,11,Nov,2,3,Thursday,1,113643,3665.9,254,6775,31
2017-11-03,2017,11,Nov,3,4,Friday,1,124394,3887.31,354,6594,32
2017-11-04,2017,11,Nov,4,5,Saturday,0,119387,3141.76,352,4894,38
2017-11-05,2017,11,Nov,5,6,Sunday,0,65282,1813.39,247,4744,36
2017-11-06,2017,11,Nov,6,0,Monday,1,83496,3479.0,186,6647,24
2017-11-07,2017,11,Nov,7,1,Tuesday,1,87651,3652.12,244,6705,24
2017-11-08,2017,11,Nov,8,2,Wednesday,1,87250,3793.48,329,6832,23
2017-11-09,2017,11,Nov,9,3,Thursday,1,91427,3975.09,348,6654,23
2017-11-10,2017,11,Nov,10,4,Friday,1,88966,3706.92,311,6494,24
2017-11-11,2017,11,Nov,11,5,Saturday,0,73007,2920.28,541,4882,25
2017-11-12,2017,11,Nov,12,6,Sunday,0,64217,2469.88,497,5355,26
2017-11-13,2017,11,Nov,13,0,Monday,1,93763,3233.21,207,6604,29
2017-11-14,2017,11,Nov,14,1,Tuesday,1,166200,3613.04,216,6717,46
2017-11-15,2017,11,Nov,15,2,Wednesday,1,95183,2884.33,318,6923,33
2017-11-16,2017,11,Nov,16,3,Thursday,1,93869,3911.21,264,6685,24
2017-11-17,2017,11,Nov,17,4,Friday,1,214093,4555.17,316,6629,47
2017-11-18,2017,11,Nov,18,5,Saturday,0,75995,2814.63,392,4939,27
2017-11-19,2017,11,Nov,19,6,Sunday,0,60910,2537.92,407,4555,24
2017-11-20,2017,11,Nov,20,0,Monday,1,87035,3626.46,239,6629,24
2017-11-21,2017,11,Nov,21,1,Tuesday,1,89517,3729.88,247,6796,24
2017-11-22,2017,11,Nov,22,2,Wednesday,1,87814,3658.92,320,6032,24
2017-11-23,2017,11,Nov,23,3,Thursday,1,49271,2052.96,266,3347,24
2017-11-24,2017,11,Nov,24,4,Friday,1,75351,2898.12,257,5325,26
2017-11-25,2017,11,Nov,25,5,Saturday,0,66293,2762.21,323,5167,24
2017-11-26,2017,11,Nov,26,6,Sunday,0,62660,2610.83,454,4994,24
2017-11-27,2017,11,Nov,27,0,Monday,1,84161,3506.71,213,6674,24
2017-11-28,2017,11,Nov,28,1,Tuesday,1,87465,3644.38,254,6731,24
2017-11-29,2017,11,Nov,29,2,Wednesday,1,91521,3813.38,274,6685,24
2017-11-30,2017,11,Nov,30,3,Thursday,1,92289,3845.38,284,6605,24
2017-12-01,2017,12,Dec,1,4,Friday,1,96852,4035.5,291,6708,24
2017-12-02,2017,12,Dec,2,5,Saturday,0,80362,3348.42,489,5838,24
2017-12-03,2017,12,Dec,3,6,Sunday,0,60588,2524.5,289,5014,24
2017-12-04,2017,12,Dec,4,0,Monday,1,212895,3942.5,247,6533,54
2017-12-05,2017,12,Dec,5,1,Tuesday,1,72017,2250.53,278,4383,32
2017-12-06,2017,12,Dec,6,2,Wednesday,1,117713,3678.53,409,5729,32
2017-12-07,2017,12,Dec,7,3,Thursday,1,86410,3600.42,286,6217,24
2017-12-08,2017,12,Dec,8,4,Friday,1,96941,3728.5,319,6150,26
2017-12-09,2017,12,Dec,9,5,Saturday,0,75140,3130.83,389,5536,24
2017-12-10,2017,12,Dec,10,6,Sunday,0,59425,2476.04,391,4762,24
2017-12-11,2017,12,Dec,11,0,Monday,1,107665,2909.86,279,6076,37
2017-12-12,2017,12,Dec,12,1,Tuesday,1,87841,3660.04,256,6407,24
2017-12-13,2017,12,Dec,13,2,Wednesday,1,95002,3653.92,268,6621,26
2017-12-14,2017,12,Dec,14,3,Thursday,1,98219,3777.65,298,6757,26
2017-12-15,2017,12,Dec,15,4,Friday,1,105424,3635.31,358,6669,29
2017-12-16,2017,12,Dec,16,5,Saturday,0,95471,2983.47,413,6122,32
2017-12-17,2017,12,Dec,17,6,Sunday,0,118408,2819.24,320,4493,42
2017-12-18,2017,12,Dec,18,0,Monday,1,89601,3089.69,260,6502,29
2017-12-19,2017,12,Dec,19,1,Tuesday,1,88142,3672.58,278,6677,24
2017-12-20,2017,12,Dec,20,2,Wednesday,1,103524,3834.22,306,6546,27
2017-12-21,2017,12,Dec,21,3,Thursday,1,88172,3673.83,281,6551,24
2017-12-22,2017,12,Dec,22,4,Friday,1,83345,3472.71,329,5581,24
2017-12-23,2017,12,Dec,23,5,Saturday,0,58557,2545.96,359,4475,23
2017-12-24,2017,12,Dec,24,6,Sunday,0,60663,2246.78,303,3851,27
2017-12-25,2017,12,Dec,25,0,Monday,1,48355,1790.93,339,3172,27
2017-12-26,2017,12,Dec,26,1,Tuesday,1,65531,2730.46,213,5282,24
2017-12-27,2017,12,Dec,27,2,Wednesday,1,78304,3262.67,272,5997,24
2017-12-28,2017,12,Dec,28,3,Thursday,1,139384,3030.09,288,5141,46
2017-12-29,2017,12,Dec,29,4,Friday,1,97196,3351.59,358,4859,29
2017-12-30,2017,12,Dec,30,5,Saturday,0,59402,2475.08,339,4514,24
2017-12-31,2017,12,Dec,31,6,Sunday,0,51843,2160.12,285,3802,24
2018-01-01,2018,1,Jan,1,0,Monday,1,41984,1749.33,381,3410,24
2018-01-02,2018,1,Jan,2,1,Tuesday,1,94245,3365.89,205,5696,28
2018-01-03,2018,1,Jan,3,2,Wednesday,1,82155,3286.2,283,6317,25
2018-01-04,2018,1,Jan,4,3,Thursday,1,84846,3535.25,247,6450,24
2018-01-05,2018,1,Jan,5,4,Friday,1,86855,3618.96,301,6504,24
2018-01-06,2018,1,Jan,6,5,Saturday,0,63919,2663.29,319,4857,24
2018-01-07,2018,1,Jan,7,6,Sunday,0,53696,2237.33,260,4409,24
2018-01-08,2018,1,Jan,8,0,Monday,1,81109,3379.54,220,6458,24
2018-01-09,2018,1,Jan,9,1,Tuesday,1,87781,3657.54,239,6559,24
2018-01-10,2018,1,Jan,10,2,Wednesday,1,161299,3584.42,270,6602,45
2018-01-11,2018,1,Jan,11,3,Thursday,1,121335,2696.33,291,4869,45
2018-01-12,2018,1,Jan,12,4,Friday,1,82149,3422.88,272,5841,24
2018-01-13,2018,1,Jan,13,5,Saturday,0,63585,2649.38,361,4595,24
2018-01-14,2018,1,Jan,14,6,Sunday,0,96856,2362.34,271,4567,41
2018-01-15,2018,1,Jan,15,0,Monday,1,114242,2596.41,269,4800,44
2018-01-16,2018,1,Jan,16,1,Tuesday,1,89723,3450.88,255,6186,26
2018-01-17,2018,1,Jan,17,2,Wednesday,1,80855,3368.96,245,5684,24
2018-01-18,2018,1,Jan,18,3,Thursday,1,86436,3758.09,352,6527,23
2018-01-19,2018,1,Jan,19,4,Friday,1,89515,3729.79,283,6309,24
2018-01-20,2018,1,Jan,20,5,Saturday,0,77417,2764.89,366,4986,28
2018-01-21,2018,1,Jan,21,6,Sunday,0,56688,2362.0,367,4464,24
2018-01-22,2018,1,Jan,22,0,Monday,1,97724,2171.64,254,5250,45
2018-01-23,2018,1,Jan,23,1,Tuesday,1,62574,2607.25,211,5068,24
2018-01-24,2018,1,Jan,24,2,Wednesday,1,85354,3414.16,235,6395,25
2018-01-25,2018,1,Jan,25,3,Thursday,1,162557,3780.4,265,6669,43
2018-01-26,2018,1,Jan,26,4,Friday,1,93925,3478.7,421,6561,27
2018-01-27,2018,1,Jan,27,5,Saturday,0,76086,3170.25,373,5460,24
2018-01-28,2018,1,Jan,28,6,Sunday,0,66636,2665.44,395,4895,25
2018-01-29,2018,1,Jan,29,0,Monday,1,84480,3520.0,230,6362,24
2018-01-30,2018,1,Jan,30,1,Tuesday,1,86092,3587.17,249,6838,24
2018-01-31,2018,1,Jan,31,2,Wednesday,1,97122,3237.4,376,6818,30
2018-02-01,2018,2,Feb,1,3,Thursday,1,88945,3706.04,285,6636,24
2018-02-02,2018,2,Feb,2,4,Friday,1,92177,3840.71,422,6646,24
2018-02-03,2018,2,Feb,3,5,Saturday,0,113970,2849.25,471,3924,40
2018-02-04,2018,2,Feb,4,6,Sunday,0,56380,2013.57,520,3801,28
2018-02-05,2018,2,Feb,5,0,Monday,1,93213,3585.12,411,6091,26
2018-02-06,2018,2,Feb,6,1,Tuesday,1,84006,3500.25,237,6770,24
2018-02-07,2018,2,Feb,7,2,Wednesday,1,102652,3207.88,259,6531,32
2018-02-08,2018,2,Feb,8,3,Thursday,1,100274,3713.85,233,6883,27
2018-02-09,2018,2,Feb,9,4,Friday,1,90607,3775.29,287,6499,24
2018-02-10,2018,2,Feb,10,5,Saturday,0,75280,3136.67,330,5237,24
2018-02-11,2018,2,Feb,11,6,Sunday,0,61645,2568.54,254,4950,24
2018-02-12,2018,2,Feb,12,0,Monday,1,82071,3419.62,230,6459,24
2018-02-13,2018,2,Feb,13,1,Tuesday,1,89692,3737.17,225,6587,24
2018-02-14,2018,2,Feb,14,2,Wednesday,1,96557,3448.46,283,6660,28
2018-02-15,2018,2,Feb,15,3,Thursday,1,91939,3677.56,253,6807,25
2018-02-16,2018,2,Feb,16,4,Friday,1,89468,3727.83,273,6444,24
2018-02-17,2018,2,Feb,17,5,Saturday,0,76487,2941.81,352,5935,26
2018-02-18,2018,2,Feb,18,6,Sunday,0,57077,2378.21,284,4424,24
2018-02-19,2018,2,Feb,19,0,Monday,1,109565,2672.32,281,4740,41
2018-02-20,2018,2,Feb,20,1,Tuesday,1,109235,3212.79,234,6471,34
2018-02-21,2018,2,Feb,21,2,Wednesday,1,86355,3598.12,237,6795,24
2018-02-22,2018,2,Feb,22,3,Thursday,1,98408,3393.38,245,6902,29
2018-02-23,2018,2,Feb,23,4,Friday,1,101880,2910.86,309,6368,35
2018-02-24,2018,2,Feb,24,5,Saturday,0,129805,2238.02,404,4938,58
2018-02-25,2018,2,Feb,25,6,Sunday,0,55786,1859.53,251,4262,30
2018-02-26,2018,2,Feb,26,0,Monday,1,82324,3430.17,267,6370,24
2018-02-27,2018,2,Feb,27,1,Tuesday,1,127362,3859.45,255,6445,33
2018-02-28,2018,2,Feb,28,2,Wednesday,1,88461,3685.88,294,6563,24
2018-03-01,2018,3,Mar,1,3,Thursday,1,90445,3768.54,283,6565,24
2018-03-02,2018,3,Mar,2,4,Friday,1,101508,3759.56,295,6730,27
2018-03-03,2018,3,Mar,3,5,Saturday,0,73836,3076.5,365,5240,24
2018-03-04,2018,3,Mar,4,6,Sunday,0,77080,2267.06,299,4537,34
2018-03-05,2018,3,Mar,5,0,Monday,1,105310,2240.64,391,5062,47
2018-03-06,2018,3,Mar,6,1,Tuesday,1,103856,2967.31,231,6420,35
2018-03-07,2018,3,Mar,7,2,Wednesday,1,89489,3579.56,247,6849,25
2018-03-08,2018,3,Mar,8,3,Thursday,1,92419,3850.79,260,6738,24
2018-03-09,2018,3,Mar,9,4,Friday,1,105698,4065.31,300,6641,26
2018-03-10,2018,3,Mar,10,5,Saturday,0,76504,3326.26,358,5548,23
2018-03-11,2018,3,Mar,11,6,Sunday,0,81978,2049.45,419,4840,40
2018-03-12,2018,3,Mar,12,0,Monday,1,85415,3558.96,228,6655,24
2018-03-13,2018,3,Mar,13,1,Tuesday,1,88591,3691.29,301,6404,24
2018-03-14,2018,3,Mar,14,2,Wednesday,1,88631,3692.96,285,6789,24
2018-03-15,2018,3,Mar,15,3,Thursday,1,89028,3870.78,259,6586,23
2018-03-16,2018,3,Mar,16,4,Friday,1,91759,3989.52,287,6607,23
2018-03-17,2018,3,Mar,17,5,Saturday,0,77456,3227.33,386,5798,24
2018-03-18,2018,3,Mar,18,6,Sunday,0,61415,2558.96,321,4797,24
2018-03-19,2018,3,Mar,19,0,Monday,1,86417,3600.71,254,6710,24
2018-03-20,2018,3,Mar,20,1,Tuesday,1,177895,3953.22,247,6609,45
2018-03-21,2018,3,Mar,21,2,Wednesday,1,100686,3872.54,261,6840,26
2018-03-22,2018,3,Mar,22,3,Thursday,1,92045,3835.21,228,6918,24
2018-03-23,2018,3,Mar,23,4,Friday,1,94585,3941.04,285,6712,24
2018-03-24,2018,3,Mar,24,5,Saturday,0,72586,4032.56,950,6470,18
2018-03-25,2018,3,Mar,25,6,Sunday,0,61281,2553.38,274,4628,24
2018-03-26,2018,3,Mar,26,0,Monday,1,141169,3283.0,248,6402,43
2018-03-27,2018,3,Mar,27,1,Tuesday,1,107993,3272.52,249,6868,33
2018-03-28,2018,3,Mar,28,2,Wednesday,1,99287,3818.73,263,6988,26
2018-03-29,2018,3,Mar,29,3,Thursday,1,93059,4046.04,353,6573,23
2018-03-30,2018,3,Mar,30,4,Friday,1,94239,3769.56,329,6137,25
2018-03-31,2018,3,Mar,31,5,Saturday,0,74337,2009.11,352,4548,37
2018-04-01,2018,4,Apr,1,6,Sunday,0,58294,2428.92,249,4679,24
2018-04-02,2018,4,Apr,2,0,Monday,1,113962,3561.31,246,6148,32
2018-04-03,2018,4,Apr,3,1,Tuesday,1,157923,2979.68,277,4930,53
2018-04-04,2018,4,Apr,4,2,Wednesday,1,83742,3101.56,259,6500,27
2018-04-05,2018,4,Apr,5,3,Thursday,1,98331,3933.24,280,6642,25
2018-04-06,2018,4,Apr,6,4,Friday,1,101819,3916.12,312,6525,26
2018-04-07,2018,4,Apr,7,5,Saturday,0,76916,3204.83,342,5441,24
2018-04-08,2018,4,Apr,8,6,Sunday,0,81721,2403.56,295,4483,34
2018-04-09,2018,4,Apr,9,0,Monday,1,110803,3357.67,251,6719,33
2018-04-10,2018,4,Apr,10,1,Tuesday,1,88410,3683.75,235,7013,24
2018-04-11,2018,4,Apr,11,2,Wednesday,1,100889,3478.93,259,6988,29
2018-04-12,2018,4,Apr,12,3,Thursday,1,93676,3747.04,291,7213,25
2018-04-13,2018,4,Apr,13,4,Friday,1,169506,3531.38,306,6686,48
2018-04-14,2018,4,Apr,14,5,Saturday,0,82048,1206.59,300,2153,68
2018-04-15,2018,4,Apr,15,6,Sunday,0,68343,1139.05,151,2809,60
2018-04-16,2018,4,Apr,16,0,Monday,1,78004,2889.04,247,5788,27
2018-04-17,2018,4,Apr,17,1,Tuesday,1,90755,3781.46,271,6657,24
2018-04-18,2018,4,Apr,18,2,Wednesday,1,108298,4011.04,431,7022,27
2018-04-19,2018,4,Apr,19,3,Thursday,1,93308,3887.83,275,6851,24
2018-04-20,2018,4,Apr,20,4,Friday,1,95736,3989.0,322,6900,24
2018-04-21,2018,4,Apr,21,5,Saturday,0,77498,3229.08,369,5340,24
2018-04-22,2018,4,Apr,22,6,Sunday,0,64705,2696.04,368,4866,24
2018-04-23,2018,4,Apr,23,0,Monday,1,87174,3632.25,259,6883,24
2018-04-24,2018,4,Apr,24,1,Tuesday,1,89266,3719.42,248,7149,24
2018-04-25,2018,4,Apr,25,2,Wednesday,1,89395,3724.79,237,6816,24
2018-04-26,2018,4,Apr,26,3,Thursday,1,93331,3888.79,255,7139,24
2018-04-27,2018,4,Apr,27,4,Friday,1,96921,4038.38,328,6712,24
2018-04-28,2018,4,Apr,28,5,Saturday,0,77380,3224.17,365,5529,24
2018-04-29,2018,4,Apr,29,6,Sunday,0,63544,2647.67,280,4886,24
2018-04-30,2018,4,Apr,30,0,Monday,1,100286,3581.64,275,6901,28
2018-05-01,2018,5,May,1,1,Tuesday,1,88857,3554.28,275,6900,25
2018-05-02,2018,5,May,2,2,Wednesday,1,94198,2854.48,253,6935,33
2018-05-03,2018,5,May,3,3,Thursday,1,93975,3759.0,259,6977,25
2018-05-04,2018,5,May,4,4,Friday,1,95393,3974.71,338,6662,24
2018-05-05,2018,5,May,5,5,Saturday,0,81836,3030.96,345,4775,27
2018-05-06,2018,5,May,6,6,Sunday,0,59656,2386.24,269,4332,25
2018-05-07,2018,5,May,7,0,Monday,1,85860,3577.5,244,6663,24
2018-05-08,2018,5,May,8,1,Tuesday,1,114509,3578.41,264,6651,32
2018-05-09,2018,5,May,9,2,Wednesday,1,130327,3833.15,261,6844,34
2018-05-10,2018,5,May,10,3,Thursday,1,93174,3882.25,270,7074,24
2018-05-11,2018,5,May,11,4,Friday,1,111709,3989.61,302,6858,28
2018-05-12,2018,5,May,12,5,Saturday,0,75514,2904.38,427,5167,26
2018-05-13,2018,5,May,13,6,Sunday,0,58399,2433.29,342,4184,24
2018-05-14,2018,5,May,14,0,Monday,1,117665,3460.74,243,6559,34
2018-05-15,2018,5,May,15,1,Tuesday,1,99846,3025.64,248,6888,33
2018-05-16,2018,5,May,16,2,Wednesday,1,91859,3827.46,352,6775,24
2018-05-17,2018,5,May,17,3,Thursday,1,92573,3857.21,294,6594,24
2018-05-18,2018,5,May,18,4,Friday,1,96383,3855.32,351,6583,25
2018-05-19,2018,5,May,19,5,Saturday,0,73947,2844.12,477,4802,26
2018-05-20,2018,5,May,20,6,Sunday,0,55976,2332.33,273,4661,24
2018-05-21,2018,5,May,21,0,Monday,1,95307,3665.65,321,6968,26
2018-05-22,2018,5,May,22,1,Tuesday,1,97202,3738.54,249,6907,26
2018-05-23,2018,5,May,23,2,Wednesday,1,96333,3853.32,303,6897,25
2018-05-24,2018,5,May,24,3,Thursday,1,103472,3449.07,261,6298,30
2018-05-25,2018,5,May,25,4,Friday,1,106077,3214.45,300,6083,33
2018-05-26,2018,5,May,26,5,Saturday,0,61617,2567.38,363,4176,24
2018-05-27,2018,5,May,27,6,Sunday,0,57775,2407.29,401,4190,24
2018-05-28,2018,5,May,28,0,Monday,1,63097,2253.46,314,4032,28
2018-05-29,2018,5,May,29,1,Tuesday,1,122502,3310.86,239,6820,37
2018-05-30,2018,5,May,30,2,Wednesday,1,129985,3610.69,306,7042,36
2018-05-31,2018,5,May,31,3,Thursday,1,144306,3519.66,307,6860,41
2018-06-01,2018,6,Jun,1,4,Friday,1,94900,3954.17,346,6860,24
2018-06-02,2018,6,Jun,2,5,Saturday,0,124804,3466.78,424,4896,36
2018-06-03,2018,6,Jun,3,6,Sunday,0,64723,2696.79,419,4858,24
2018-06-04,2018,6,Jun,4,0,Monday,1,87171,3632.12,285,7024,24
2018-06-05,2018,6,Jun,5,1,Tuesday,1,90467,3769.46,297,7037,24
2018-06-06,2018,6,Jun,6,2,Wednesday,1,112832,4029.71,318,6925,28
2018-06-07,2018,6,Jun,7,3,Thursday,1,96912,3876.48,328,6858,25
2018-06-08,2018,6,Jun,8,4,Friday,1,121035,3904.35,354,6727,31
2018-06-09,2018,6,Jun,9,5,Saturday,0,139720,3249.3,517,4257,43
2018-06-10,2018,6,Jun,10,6,Sunday,0,54535,2272.29,293,4125,24
2018-06-11,2018,6,Jun,11,0,Monday,1,101029,3608.18,291,6556,28
2018-06-12,2018,6,Jun,12,1,Tuesday,1,89468,3578.72,314,6777,25
2018-06-13,2018,6,Jun,13,2,Wednesday,1,89348,3722.83,328,6781,24
2018-06-14,2018,6,Jun,14,3,Thursday,1,91149,3797.88,308,6890,24
2018-06-15,2018,6,Jun,15,4,Friday,1,101480,3903.08,358,6361,26
2018-06-16,2018,6,Jun,16,5,Saturday,0,106207,2950.19,391,4900,36
2018-06-17,2018,6,Jun,17,6,Sunday,0,82900,2438.24,393,4404,34
2018-06-18,2018,6,Jun,18,0,Monday,1,139645,3247.56,272,6757,43
2018-06-19,2018,6,Jun,19,1,Tuesday,1,215746,3922.65,269,6821,55
2018-06-20,2018,6,Jun,20,2,Wednesday,1,95265,3664.04,301,6811,26
2018-06-21,2018,6,Jun,21,3,Thursday,1,98012,3920.48,348,6557,25
2018-06-22,2018,6,Jun,22,4,Friday,1,93684,3903.5,364,6222,24
2018-06-23,2018,6,Jun,23,5,Saturday,0,80673,2781.83,407,5018,29
2018-06-24,2018,6,Jun,24,6,Sunday,0,74946,2676.64,373,4317,28
2018-06-25,2018,6,Jun,25,0,Monday,1,95373,3532.33,331,6232,27
2018-06-26,2018,6,Jun,26,1,Tuesday,1,120558,3172.58,297,6765,38
2018-06-27,2018,6,Jun,27,2,Wednesday,1,90191,3757.96,313,6666,24
2018-06-28,2018,6,Jun,28,3,Thursday,1,98953,3805.88,309,6568,26
2018-06-29,2018,6,Jun,29,4,Friday,1,90578,3774.08,385,6051,24
2018-06-30,2018,6,Jun,30,5,Saturday,0,68313,2732.52,429,4776,25
2018-07-01,2018,7,Jul,1,6,Sunday,0,89575,2420.95,372,4380,37
2018-07-02,2018,7,Jul,2,0,Monday,1,81708,3404.5,398,5936,24
2018-07-03,2018,7,Jul,3,1,Tuesday,1,105211,3627.97,340,6135,29
2018-07-04,2018,7,Jul,4,2,Wednesday,1,61798,2059.93,353,3318,30
2018-07-05,2018,7,Jul,5,3,Thursday,1,78366,3134.64,317,5908,25
2018-07-06,2018,7,Jul,6,4,Friday,1,79773,3323.88,343,5353,24
2018-07-07,2018,7,Jul,7,5,Saturday,0,64126,2671.92,382,4289,24
2018-07-08,2018,7,Jul,8,6,Sunday,0,61382,2557.58,327,4514,24
2018-07-09,2018,7,Jul,9,0,Monday,1,87760,3375.38,320,6311,26
2018-07-10,2018,7,Jul,10,1,Tuesday,1,91841,3673.64,295,6566,25
2018-07-11,2018,7,Jul,11,2,Wednesday,1,88173,3673.88,321,6522,24
2018-07-12,2018,7,Jul,12,3,Thursday,1,118448,3483.76,296,6612,34
2018-07-13,2018,7,Jul,13,4,Friday,1,154146,3503.32,350,6153,44
2018-07-14,2018,7,Jul,14,5,Saturday,0,80547,2369.03,437,4524,34
2018-07-15,2018,7,Jul,15,6,Sunday,0,61182,2353.15,366,4438,26
2018-07-16,2018,7,Jul,16,0,Monday,1,83653,3485.54,297,6269,24
2018-07-17,2018,7,Jul,17,1,Tuesday,1,86574,3607.25,274,6417,24
2018-07-18,2018,7,Jul,18,2,Wednesday,1,89080,3711.67,313,6606,24
2018-07-19,2018,7,Jul,19,3,Thursday,1,138944,3859.56,303,6459,36
2018-07-20,2018,7,Jul,20,4,Friday,1,156288,3473.07,360,6086,45
2018-07-21,2018,7,Jul,21,5,Saturday,0,71905,2996.04,418,4796,24
2018-07-22,2018,7,Jul,22,6,Sunday,0,63928,2663.67,344,4875,24
2018-07-23,2018,7,Jul,23,0,Monday,1,100277,3342.57,354,6317,30
2018-07-24,2018,7,Jul,24,1,Tuesday,1,87191,3632.96,297,6558,24
2018-07-25,2018,7,Jul,25,2,Wednesday,1,107522,3982.3,290,6668,27
2018-07-26,2018,7,Jul,26,3,Thursday,1,100724,3874.0,306,6566,26
2018-07-27,2018,7,Jul,27,4,Friday,1,88640,3693.33,344,6254,24
2018-07-28,2018,7,Jul,28,5,Saturday,0,66979,2679.16,384,4229,25
2018-07-29,2018,7,Jul,29,6,Sunday,0,83062,2768.73,378,4489,30
2018-07-30,2018,7,Jul,30,0,Monday,1,88953,3558.12,317,6313,25
2018-07-31,2018,7,Jul,31,1,Tuesday,1,85180,3549.17,299,6357,24
2018-08-01,2018,8,Aug,1,2,Wednesday,1,112784,3889.1,352,6455,29
2018-08-02,2018,8,Aug,2,3,Thursday,1,88355,3681.46,324,6435,24
2018-08-03,2018,8,Aug,3,4,Friday,1,113391,3543.47,371,5888,32
2018-08-04,2018,8,Aug,4,5,Saturday,0,93493,2833.12,362,4602,33
2018-08-05,2018,8,Aug,5,6,Sunday,0,65325,2512.5,356,4875,26
2018-08-06,2018,8,Aug,6,0,Monday,1,110479,3563.84,327,6651,31
2018-08-07,2018,8,Aug,7,1,Tuesday,1,103898,3710.64,288,6471,28
2018-08-08,2018,8,Aug,8,2,Wednesday,1,91730,3528.08,295,6652,26
2018-08-09,2018,8,Aug,9,3,Thursday,1,111274,3589.48,336,6532,31
2018-08-10,2018,8,Aug,10,4,Friday,1,91443,3657.72,374,5950,25
2018-08-11,2018,8,Aug,11,5,Saturday,0,74793,2579.07,423,4310,29
2018-08-12,2018,8,Aug,12,6,Sunday,0,69637,2246.35,365,4522,31
2018-08-13,2018,8,Aug,13,0,Monday,1,83381,3474.21,348,6383,24
2018-08-14,2018,8,Aug,14,1,Tuesday,1,89523,3730.12,284,6573,24
2018-08-15,2018,8,Aug,15,2,Wednesday,1,86929,3622.04,335,6561,24
2018-08-16,2018,8,Aug,16,3,Thursday,1,94864,3794.56,300,6494,25
2018-08-17,2018,8,Aug,17,4,Friday,1,94498,3634.54,363,5994,26
2018-08-18,2018,8,Aug,18,5,Saturday,0,92156,2792.61,448,5146,33
2018-08-19,2018,8,Aug,19,6,Sunday,0,66598,2774.92,386,4989,24
2018-08-20,2018,8,Aug,20,0,Monday,1,153150,3828.75,346,6423,40
2018-08-21,2018,8,Aug,21,1,Tuesday,1,87295,3637.29,316,6837,24
2018-08-22,2018,8,Aug,22,2,Wednesday,1,88694,3695.58,279,6589,24
2018-08-23,2018,8,Aug,23,3,Thursday,1,91496,3978.09,381,6815,23
2018-08-24,2018,8,Aug,24,4,Friday,1,257191,4216.25,387,6243,61
2018-08-25,2018,8,Aug,25,5,Saturday,0,120975,2688.33,366,5015,45
2018-08-26,2018,8,Aug,26,6,Sunday,0,101732,2312.09,325,4638,44
2018-08-27,2018,8,Aug,27,0,Monday,1,95313,3286.66,292,6535,29
2018-08-28,2018,8,Aug,28,1,Tuesday,1,160934,3742.65,234,6657,43
2018-08-29,2018,8,Aug,29,2,Wednesday,1,110186,3935.21,299,6775,28
2018-08-30,2018,8,Aug,30,3,Thursday,1,100680,3728.89,326,6466,27
2018-08-31,2018,8,Aug,31,4,Friday,1,113142,3428.55,358,6270,33
2018-09-01,2018,9,Sep,1,5,Saturday,0,90462,3119.38,419,5056,29
2018-09-02,2018,9,Sep,2,6,Sunday,0,74807,2337.72,316,4549,32
2018-09-03,2018,9,Sep,3,0,Monday,1,87250,2029.07,310,4446,43
2018-09-04,2018,9,Sep,4,1,Tuesday,1,221060,3623.93,254,6379,61
2018-09-05,2018,9,Sep,5,2,Wednesday,1,110251,3445.34,254,6668,32
2018-09-06,2018,9,Sep,6,3,Thursday,1,100305,3235.65,281,6526,31
2018-09-07,2018,9,Sep,7,4,Friday,1,88762,3698.42,307,6675,24
2018-09-08,2018,9,Sep,8,5,Saturday,0,67655,2818.96,393,4848,24
2018-09-09,2018,9,Sep,9,6,Sunday,0,59336,2472.33,345,4322,24
2018-09-10,2018,9,Sep,10,0,Monday,1,84265,3511.04,286,6561,24
2018-09-11,2018,9,Sep,11,1,Tuesday,1,89320,3721.67,265,6601,24
2018-09-12,2018,9,Sep,12,2,Wednesday,1,100965,3883.27,314,6677,26
2018-09-13,2018,9,Sep,13,3,Thursday,1,88342,3680.92,332,6514,24
2018-09-14,2018,9,Sep,14,4,Friday,1,90624,3776.0,333,6728,24
2018-09-15,2018,9,Sep,15,5,Saturday,0,71793,2871.72,428,4990,25
2018-09-16,2018,9,Sep,16,6,Sunday,0,59003,2458.46,313,4539,24
2018-09-17,2018,9,Sep,17,0,Monday,1,136064,3887.54,260,6533,35
2018-09-18,2018,9,Sep,18,1,Tuesday,1,156361,3399.15,227,6623,46
2018-09-19,2018,9,Sep,19,2,Wednesday,1,210923,3766.48,282,6510,56
2018-09-20,2018,9,Sep,20,3,Thursday,1,231772,3621.44,265,6331,64
2018-09-21,2018,9,Sep,21,4,Friday,1,118621,3706.91,304,6539,32
2018-09-22,2018,9,Sep,22,5,Saturday,0,74398,3099.92,611,4847,24
2018-09-23,2018,9,Sep,23,6,Sunday,0,60741,2530.88,319,4594,24
2018-09-24,2018,9,Sep,24,0,Monday,1,87044,3108.71,219,6591,28
2018-09-25,2018,9,Sep,25,1,Tuesday,1,106840,3446.45,234,6597,31
2018-09-26,2018,9,Sep,26,2,Wednesday,1,88627,3692.79,227,6334,24
2018-09-27,2018,9,Sep,27,3,Thursday,1,94434,3777.36,312,6589,25
2018-09-28,2018,9,Sep,28,4,Friday,1,92518,3854.92,301,6401,24
2018-09-29,2018,9,Sep,29,5,Saturday,0,72424,3017.67,359,4878,24
2018-09-30,2018,9,Sep,30,6,Sunday,0,68785,2645.58,335,4547,26
